Date,Model_1,Model_2,Model_3,Model_4,Model_5,Average_Prob,Actual_Target,Is_Weekend,Vote_Consensus_Std
2023-01-15,0.22541804611682892,0.7630402445793152,0.45828577876091003,0.375495582818985,0.5538251996040344,0.47521297037601473,1,1,0.20102985707496682
2023-01-16,0.22021687030792236,0.607064962387085,0.3484460413455963,0.33062949776649475,0.5210436582565308,0.40548020601272583,0,0,0.15585999608440765
2023-01-17,0.23128138482570648,0.4921404719352722,0.2535604238510132,0.3143880367279053,0.49635741114616394,0.3575455456972122,0,0,0.12845489736171684
2023-01-18,0.5107676982879639,0.6058793067932129,0.2280203253030777,0.4399819076061249,0.4682427644729614,0.4505784004926682,1,0,0.13937138812833824
2023-01-19,0.6865304708480835,0.8264428377151489,0.31737542152404785,0.5381042957305908,0.4830239415168762,0.5702953934669495,1,0,0.19477114244365523
2023-01-20,0.5974600315093994,0.8098743557929993,0.27716419100761414,0.5436770915985107,0.4455583691596985,0.5347468078136444,1,0,0.1962213342899385
2023-01-21,0.16592496633529663,0.5703686475753784,0.23106160759925842,0.26283925771713257,0.37040334939956665,0.3201195657253265,0,1,0.15822562208721255
2023-01-22,0.23400478065013885,0.44574519991874695,0.22167980670928955,0.3162901997566223,0.3181423246860504,0.3071724623441696,1,1,0.08953822986051563
2023-01-23,0.2865808606147766,0.429876446723938,0.19291764497756958,0.2759474515914917,0.3349734842777252,0.3040591776371002,0,0,0.08693946247913838
2023-01-24,0.3572911322116852,0.3643715977668762,0.16178815066814423,0.2908402979373932,0.3032344579696655,0.29550512731075285,1,0,0.08142762765588141
2023-01-25,0.6248223781585693,0.5411339402198792,0.20219948887825012,0.42729732394218445,0.3566078543663025,0.43041219711303713,0,0,0.16400643778048635
2023-01-26,0.5744756460189819,0.675733745098114,0.2245633751153946,0.44017326831817627,0.3974865972995758,0.4624865263700485,1,0,0.17273262385982519
2023-01-27,0.7034467458724976,0.8190529942512512,0.2910601794719696,0.5568874478340149,0.3956534266471863,0.5532201588153839,0,0,0.21610396960661757
2023-01-28,0.5119283199310303,0.7637880444526672,0.2859077751636505,0.5313539505004883,0.4074552059173584,0.500086659193039,1,1,0.17685408499849833
2023-01-29,0.5009393692016602,0.683993935585022,0.3150588274002075,0.5173415541648865,0.45330891013145447,0.49412851929664614,0,1,0.13263323868365864
2023-01-30,0.3362914025783539,0.5698958039283752,0.3567512333393097,0.3753434419631958,0.5156037211418152,0.43077712059020995,1,0,0.1049164379786461
2023-01-31,0.6432620286941528,0.6362816095352173,0.45655497908592224,0.5721331834793091,0.5524845123291016,0.5721432626247406,1,0,0.07569465682574655
2023-02-01,0.6117294430732727,0.7002807259559631,0.35949987173080444,0.511640727519989,0.5437568426132202,0.5453815221786499,0,0,0.12657890693060594
2023-02-02,0.5390688180923462,0.8158580660820007,0.3635914921760559,0.5004960298538208,0.581998884677887,0.5602026581764221,0,0,0.16469838670995465
2023-02-03,0.7487310171127319,0.8921997547149658,0.4839041829109192,0.6335945725440979,0.5385913848876953,0.659404182434082,0,0,0.16449557723049774
2023-02-04,0.620435357093811,0.8438600301742554,0.43015748262405396,0.6476701498031616,0.5420430898666382,0.616833221912384,0,1,0.15243560825758812
2023-02-05,0.5510650873184204,0.7939432859420776,0.4568241834640503,0.6215196847915649,0.5612773895263672,0.596925926208496,0,1,0.12492320243748076
2023-02-06,0.6310713291168213,0.7736749649047852,0.5550377368927002,0.6251062750816345,0.6318261027336121,0.6433432817459106,1,0,0.07968696808865991
2023-02-07,0.741496205329895,0.7670609951019287,0.5787397623062134,0.6291979551315308,0.6284946203231812,0.6689979076385498,0,0,0.08099916294743215
2023-02-08,0.6299792528152466,0.8184758424758911,0.5255383253097534,0.5666086673736572,0.623155415058136,0.6327515006065368,0,0,0.11231967851156432
2023-02-09,0.6958931684494019,0.8988415002822876,0.6092855334281921,0.6474218368530273,0.6720864176750183,0.7047056913375854,0,0,0.11315568524007497
2023-02-10,0.7434483766555786,0.9168109893798828,0.6100869178771973,0.7751971483230591,0.715050220489502,0.752118730545044,1,0,0.11099373717836386
2023-02-11,0.7163605690002441,0.8973291516304016,0.5693203210830688,0.7878350019454956,0.7231824398040771,0.7388054966926575,0,1,0.11938040144558239
2023-02-12,0.5857279300689697,0.8516862988471985,0.6221956610679626,0.7399827837944031,0.7069708704948425,0.7013127088546753,0,1,0.10459320531666405
2023-02-13,0.6463744640350342,0.8287720084190369,0.7036178112030029,0.6923825740814209,0.7196483612060547,0.7181590437889099,1,0,0.06757652280336311
2023-02-14,0.6738491654396057,0.8361226320266724,0.6949435472488403,0.6308557391166687,0.6817651391029358,0.7035072445869446,1,0,0.07792743412074607
2023-02-15,0.6155438423156738,0.8711780309677124,0.6482580900192261,0.572722315788269,0.6784828305244446,0.6772370219230652,0,0,0.11530808485436655
2023-02-16,0.3453848361968994,0.8936221599578857,0.6296809911727905,0.413852721452713,0.7328779697418213,0.603083735704422,1,0,0.22593341536701098
2023-02-17,0.7049860954284668,0.9092353582382202,0.5822230577468872,0.6899644136428833,0.6789272427558899,0.7130672335624695,1,0,0.1197567488053501
2023-02-18,0.45685386657714844,0.859012246131897,0.6121618151664734,0.522784948348999,0.6588506102561951,0.6219326972961425,0,1,0.15390452509910071
2023-02-19,0.44616204500198364,0.7729740142822266,0.4951756000518799,0.5172841548919678,0.5737274885177612,0.5610646605491638,1,1,0.1270104655531624
2023-02-20,0.5361948013305664,0.7375046014785767,0.5252622961997986,0.5263262391090393,0.5776710510253906,0.5805917978286743,0,0,0.0902875359931655
2023-02-21,0.43352723121643066,0.6444686651229858,0.48658743500709534,0.39049041271209717,0.6061365604400635,0.5122420608997345,0,0,0.10951906225232004
2023-02-22,0.6198548078536987,0.7843406200408936,0.4673764705657959,0.5400104522705078,0.5531764030456543,0.59295175075531,0,0,0.11990359057698112
2023-02-23,0.6281882524490356,0.8746968507766724,0.4569479525089264,0.5495709180831909,0.5984896421432495,0.621578723192215,0,0,0.15567112184420787
2023-02-24,0.7686398029327393,0.8910198211669922,0.4244224727153778,0.6446550488471985,0.5689024925231934,0.6595279276371002,0,0,0.17972384722652976
2023-02-25,0.6371184587478638,0.8201736807823181,0.3592396378517151,0.7014267444610596,0.5225518941879272,0.6081020832061768,1,1,0.17590988921552445
2023-02-26,0.47769078612327576,0.7305819988250732,0.33546099066734314,0.5376712083816528,0.4725241959095001,0.5107858359813691,0,1,0.14346708094577315
2023-02-27,0.5061267614364624,0.5698115825653076,0.4060867428779602,0.4238530099391937,0.48133859038352966,0.4774433374404907,0,0,0.06582835882869713
2023-02-28,0.5360588431358337,0.5496501922607422,0.43139737844467163,0.4515136480331421,0.5351181626319885,0.5007476449012757,1,0,0.05489334716815813
2023-03-01,0.6826802492141724,0.7322255969047546,0.4594402611255646,0.537880539894104,0.5112287998199463,0.5846910893917083,0,0,0.11688029331818264
2023-03-02,0.6573708057403564,0.8791274428367615,0.49636030197143555,0.5623078346252441,0.5867406129837036,0.6363813996315002,0,0,0.14741370796358333
2023-03-03,0.7753336429595947,0.919846773147583,0.5542058944702148,0.6632667779922485,0.6199750900268555,0.7065256357192993,0,0,0.14387848939276357
2023-03-04,0.6487607359886169,0.8808033466339111,0.4981580972671509,0.7632990479469299,0.6699926853179932,0.6922027826309204,1,1,0.14200236920662335
2023-03-05,0.5392289161682129,0.8354113698005676,0.5597982406616211,0.6917459964752197,0.6578984260559082,0.656816589832306,0,1,0.11869788364108551
2023-03-06,0.6107508540153503,0.8216492533683777,0.6453243494033813,0.6364712715148926,0.6905267834663391,0.6809445023536682,0,0,0.08376075885209901
2023-03-07,0.7116147875785828,0.8186693787574768,0.6870920658111572,0.6286508440971375,0.6535789966583252,0.6999212145805359,0,0,0.07353488980373832
2023-03-08,0.6826422214508057,0.8915663361549377,0.6739529371261597,0.6184804439544678,0.6410285234451294,0.7015340924263,0,0,0.10930314379674017
2023-03-09,0.6885703802108765,0.9007044434547424,0.711704432964325,0.7005189061164856,0.6986203193664551,0.7400236964225769,0,0,0.09019783116515818
2023-03-10,0.6280354857444763,0.9033401608467102,0.6002861261367798,0.8028278946876526,0.7296096086502075,0.7328198552131653,1,0,0.12503355483155051
2023-03-11,0.6826423406600952,0.88796067237854,0.5621343851089478,0.8009495139122009,0.7726689577102661,0.74127117395401,1,1,0.12408914461399947
2023-03-12,0.6121575236320496,0.812183141708374,0.6017640829086304,0.7391232252120972,0.7418694496154785,0.7014194846153259,1,1,0.09113898208784119
2023-03-13,0.584266185760498,0.7854568958282471,0.7135859131813049,0.45766207575798035,0.7216503024101257,0.6525242745876312,1,0,0.13115683021026864
2023-03-14,0.39026588201522827,0.6951252222061157,0.7131952047348022,0.3319253623485565,0.6579298973083496,0.5576883137226105,0,0,0.18174078580322464
2023-03-15,0.32458871603012085,0.8226416707038879,0.6618674993515015,0.4126512110233307,0.5316011905670166,0.5506700575351715,1,0,0.19802716107438495
2023-03-16,0.46326789259910583,0.8400362133979797,0.5554661750793457,0.5036324262619019,0.5600663423538208,0.5844938099384308,1,0,0.14830333031395157
2023-03-17,0.5534114837646484,0.8351148962974548,0.45201677083969116,0.4522533714771271,0.5298571586608887,0.564530736207962,0,0,0.15796145216471386
2023-03-18,0.26179108023643494,0.7295651435852051,0.38315996527671814,0.18542711436748505,0.4261874556541443,0.3972261518239975,1,1,0.20897805569713193
2023-03-19,0.31544050574302673,0.563890278339386,0.3031109571456909,0.25315621495246887,0.3146444261074066,0.35004847645759585,0,1,0.12224025084742275
2023-03-20,0.2356024831533432,0.3500526249408722,0.2915698289871216,0.14546452462673187,0.3157607913017273,0.2676900506019592,1,0,0.08005205300860845
2023-03-21,0.439086377620697,0.3520846962928772,0.31371018290519714,0.22380796074867249,0.39133527874946594,0.34400489926338196,0,0,0.08171751546712439
2023-03-22,0.3642611503601074,0.4075179994106293,0.22264617681503296,0.20523913204669952,0.36162540316581726,0.3122579723596573,1,0,0.09178678088777452
2023-03-23,0.5384620428085327,0.709558367729187,0.33252429962158203,0.4047743082046509,0.39918872714042664,0.47690154910087584,0,0,0.1500044177543966
2023-03-24,0.45300331711769104,0.6756144762039185,0.22842049598693848,0.2738976776599884,0.342687726020813,0.3947247385978699,1,0,0.17836729510332927
2023-03-25,0.568845272064209,0.638218104839325,0.19645220041275024,0.36479082703590393,0.2969628870487213,0.4130538582801819,1,1,0.18553477741022192
2023-03-26,0.5099759101867676,0.4080165922641754,0.1674230992794037,0.2566993236541748,0.2656855583190918,0.32156009674072267,0,1,0.13607198672976117
2023-03-27,0.5168952941894531,0.37947770953178406,0.22863177955150604,0.22156298160552979,0.42311370372772217,0.35393629372119906,1,0,0.12768851636130735
2023-03-28,0.7042554020881653,0.5341979265213013,0.4247705340385437,0.3509208858013153,0.5218324661254883,0.5071954429149628,1,0,0.13322125101037083
2023-03-29,0.527817964553833,0.6408159732818604,0.43127205967903137,0.385621577501297,0.4636034071445465,0.48982619643211367,0,0,0.0990152909574909
2023-03-30,0.4920350909233093,0.7886601686477661,0.4848320186138153,0.3833373486995697,0.4537334144115448,0.5205196082592011,1,0,0.15593564372409588
2023-03-31,0.6866173148155212,0.8968632221221924,0.38885265588760376,0.5617556571960449,0.44925040006637573,0.5966678500175476,0,0,0.202698105762897
2023-04-01,0.427722305059433,0.8280237913131714,0.4061643183231354,0.43517830967903137,0.4677543044090271,0.5129686057567596,0,1,0.1775031836003178
2023-04-02,0.4339710772037506,0.7911684513092041,0.42069390416145325,0.44871318340301514,0.4586537480354309,0.5106400728225708,0,1,0.15748185362162248
2023-04-03,0.5155231356620789,0.8112201690673828,0.5252865552902222,0.4337920546531677,0.5421642065048218,0.5655972242355347,1,0,0.14351367918577868
2023-04-04,0.5547665953636169,0.8070381879806519,0.5844858884811401,0.4780978560447693,0.5617424249649048,0.5972261905670166,1,0,0.12393230459420711
2023-04-05,0.49626997113227844,0.831170380115509,0.5767661929130554,0.4984891414642334,0.5377263426780701,0.5880844056606293,0,0,0.13983206819075514
2023-04-06,0.5146366357803345,0.8696146607398987,0.6073639392852783,0.5807316899299622,0.5800895690917969,0.6304872989654541,0,0,0.13797962972794914
2023-04-07,0.6229408979415894,0.9270329475402832,0.5785920023918152,0.6411342620849609,0.6390175223350525,0.6817435264587403,1,0,0.13940902940065505
2023-04-08,0.6174099445343018,0.8939630389213562,0.5241145491600037,0.6362221837043762,0.6115512847900391,0.6566522002220154,1,1,0.13952965266601336
2023-04-09,0.5308403968811035,0.8507912158966064,0.5574672222137451,0.5618031024932861,0.5932680368423462,0.6188339948654175,1,1,0.1315475649288291
2023-04-10,0.537294864654541,0.8700854182243347,0.6511659622192383,0.45387524366378784,0.6243717670440674,0.6273586511611938,1,0,0.15628497312785292
2023-04-11,0.4866460859775543,0.8456560969352722,0.6531845927238464,0.34720632433891296,0.6200066804885864,0.5905399560928345,0,0,0.18700406162278202
2023-04-12,0.35095104575157166,0.8650746941566467,0.5942876935005188,0.4155412018299103,0.5752381682395935,0.5602185606956482,1,0,0.19940410446432327
2023-04-13,0.5216988325119019,0.8942895531654358,0.6082708835601807,0.5385446548461914,0.6211744546890259,0.6367956757545471,1,0,0.15021761685581328
2023-04-14,0.6281992197036743,0.9246768355369568,0.6491926908493042,0.5525130033493042,0.6319218873977661,0.6773007273674011,0,0,0.14320193246555357
2023-04-15,0.5313395857810974,0.8603560328483582,0.5618739724159241,0.5566394329071045,0.613495945930481,0.624740993976593,1,1,0.13505073650392957
2023-04-16,0.48603522777557373,0.8043911457061768,0.5651602745056152,0.5117356777191162,0.5756050944328308,0.5885854840278626,0,1,0.12620594513999425
2023-04-17,0.5328181982040405,0.80000239610672,0.6011585593223572,0.4491494596004486,0.5960018038749695,0.5958260834217072,1,0,0.1296152560597734
2023-04-18,0.7301706075668335,0.8223891258239746,0.6334037780761719,0.5651787519454956,0.6160163879394531,0.6734317302703857,0,0,0.10250008743291306
2023-04-19,0.4845185875892639,0.8076350688934326,0.5299097299575806,0.44944852590560913,0.6469116806983948,0.5836847186088562,0,0,0.1456849636243901
2023-04-20,0.7390190362930298,0.8839242458343506,0.6172380447387695,0.665489673614502,0.6410966515541077,0.7093535304069519,0,0,0.10773031034443864
2023-04-21,0.8152343034744263,0.9130663871765137,0.5647594928741455,0.715289831161499,0.6595703363418579,0.7335840702056885,1,0,0.1352729764142686
2023-04-22,0.73442542552948,0.8712343573570251,0.4984549582004547,0.7920781373977661,0.639147162437439,0.7070680081844329,0,1,0.14409925959553097
2023-04-23,0.5059038400650024,0.7902717590332031,0.5256209373474121,0.6543529629707336,0.6137276291847229,0.6179754257202148,0,1,0.11414550724710537
2023-04-24,0.6408214569091797,0.7380322813987732,0.5881534814834595,0.6283522844314575,0.6156262159347534,0.6421971440315246,1,0,0.05701902728067291
2023-04-25,0.6299992799758911,0.7239941358566284,0.6016333103179932,0.6179149746894836,0.6208702325820923,0.6388823866844178,1,0,0.04866847846211994
2023-04-26,0.5139002799987793,0.7826650738716125,0.5346040725708008,0.5445663332939148,0.6193194389343262,0.5990110397338867,1,0,0.11011080809156987
2023-04-27,0.5889936685562134,0.8948957324028015,0.6029424071311951,0.6201894283294678,0.6931617259979248,0.6800365924835206,0,0,0.12663997157915663
2023-04-28,0.5833401679992676,0.8892253041267395,0.5909785032272339,0.6103909015655518,0.673794150352478,0.6695458054542541,0,0,0.12784821677843505
2023-04-29,0.5799245834350586,0.845272958278656,0.4991673529148102,0.6416372060775757,0.6138578653335571,0.6359719932079315,1,1,0.1286320770803475
2023-04-30,0.5020570158958435,0.7712759375572205,0.45425909757614136,0.5629963874816895,0.5935901403427124,0.5768357157707215,0,1,0.12134261296182186
2023-05-01,0.5770002007484436,0.6935734748840332,0.49137911200523376,0.549251914024353,0.6174306273460388,0.5857270658016205,1,0,0.07573654174664964
2023-05-02,0.7409814596176147,0.7106490135192871,0.5472104549407959,0.6395809650421143,0.6350433230400085,0.6546930432319641,1,0,0.07540516330090773
2023-05-03,0.6464623212814331,0.7555919289588928,0.4592497646808624,0.5621196031570435,0.6508376598358154,0.6148522555828094,0,0,0.110786584297781
2023-05-04,0.6340961456298828,0.8749273419380188,0.4947570264339447,0.5809512734413147,0.6722207069396973,0.6513904988765716,1,0,0.1415957640586456
2023-05-05,0.7926821708679199,0.9088919758796692,0.5660035610198975,0.6674137711524963,0.6320488452911377,0.7134080648422241,0,0,0.13689524166835942
2023-05-06,0.5614143013954163,0.8634254336357117,0.46185341477394104,0.5844830870628357,0.569231390953064,0.6080815255641937,0,1,0.15068777392770327
2023-05-07,0.49254512786865234,0.7823624610900879,0.45054876804351807,0.6104968786239624,0.5650053024291992,0.580191707611084,0,1,0.1289488838406544
2023-05-08,0.6057420969009399,0.7157000303268433,0.4973258972167969,0.5994418859481812,0.5872530937194824,0.6010926008224488,0,0,0.07765028381310182
2023-05-09,0.7324048280715942,0.7118000984191895,0.5609244108200073,0.630831241607666,0.6225677728652954,0.6517056703567505,0,0,0.07008867645514778
2023-05-10,0.7322381734848022,0.8020939826965332,0.5660074949264526,0.6064013242721558,0.6167178750038147,0.6646917700767517,0,0,0.09858973259001465
2023-05-11,0.7100300192832947,0.8924010992050171,0.6186575889587402,0.6469711065292358,0.6797891855239868,0.709569799900055,0,0,0.1078169830198487
2023-05-12,0.8273080587387085,0.916678786277771,0.6235696077346802,0.7441987991333008,0.7051308155059814,0.7633772134780884,0,0,0.11279976315999451
2023-05-13,0.6174608469009399,0.8689020872116089,0.5520391464233398,0.7297035455703735,0.6979928016662598,0.6932196855545044,1,1,0.12030119200841811
2023-05-14,0.5838168859481812,0.8190970420837402,0.5473518967628479,0.7002357244491577,0.6575077772140503,0.6616018652915955,1,1,0.10655705709109227
2023-05-15,0.5906280279159546,0.7566167116165161,0.6001772284507751,0.6031544208526611,0.6701816916465759,0.6441516160964966,0,0,0.07036557009977883
2023-05-16,0.5973950624465942,0.7213096022605896,0.570885956287384,0.5926821231842041,0.6236681938171387,0.6211881875991822,1,0,0.0590327686385829
2023-05-17,0.7246876955032349,0.8387494087219238,0.5714571475982666,0.5998951196670532,0.6068376302719116,0.668325400352478,0,0,0.11187935300938055
2023-05-18,0.6423326730728149,0.9110497832298279,0.5631850361824036,0.5919108986854553,0.6916850805282593,0.6800326943397522,1,0,0.13815280593680773
2023-05-19,0.7900668382644653,0.9263917803764343,0.6462292671203613,0.7036759853363037,0.7032026648521423,0.7539133071899414,1,0,0.10925556251393498
2023-05-20,0.6546737551689148,0.8950618505477905,0.6072374582290649,0.727798342704773,0.6902877688407898,0.7150118350982666,0,1,0.11005542068834537
2023-05-21,0.5989779233932495,0.8424256443977356,0.5955356359481812,0.6362483501434326,0.6792870759963989,0.6704949259757995,1,1,0.10191157762387319
2023-05-22,0.6626958847045898,0.8089627027511597,0.6386590600013733,0.6368914842605591,0.7009460926055908,0.6896310448646545,1,0,0.07154226412720235
2023-05-23,0.6591345071792603,0.749473512172699,0.5725506544113159,0.6043350696563721,0.6872000694274902,0.6545387625694274,0,0,0.0695394657332902
2023-05-24,0.660175621509552,0.824469804763794,0.5487010478973389,0.5850913524627686,0.6589879989624023,0.6554851651191711,1,0,0.10600497065357017
2023-05-25,0.7962539196014404,0.9253442883491516,0.657126784324646,0.6866542100906372,0.7218624353408813,0.7574483275413513,1,0,0.10728175806424259
2023-05-26,0.7778511047363281,0.9270197153091431,0.6746625304222107,0.6956360340118408,0.7313933968544006,0.7613125562667846,1,0,0.10055990105116704
2023-05-27,0.6729884743690491,0.8927173614501953,0.6342343091964722,0.7301205992698669,0.6884132623672485,0.7236948013305664,1,1,0.10053483842302259
2023-05-28,0.5763100981712341,0.8345736861228943,0.600214421749115,0.6385419368743896,0.6584576964378357,0.6616195678710938,0,1,0.10186265151463897
2023-05-29,0.3649609386920929,0.7177474498748779,0.5156295299530029,0.4462219774723053,0.6629269123077393,0.5414973616600036,0,0,0.1472420469413393
2023-05-30,0.5832666158676147,0.7280628681182861,0.5144875645637512,0.5866654515266418,0.6609472036361694,0.6146859407424927,0,0,0.08186340526456119
2023-05-31,0.6893055438995361,0.817295491695404,0.48940789699554443,0.5756641030311584,0.6399258971214294,0.6423197865486145,0,0,0.12314109346996545
2023-06-01,0.780971348285675,0.9141758680343628,0.5869291424751282,0.6547156572341919,0.6914791464805603,0.7256542325019837,1,0,0.12653582391064644
2023-06-02,0.8521188497543335,0.918880820274353,0.6449794769287109,0.7281820774078369,0.6983575224876404,0.768503749370575,0,0,0.113368122419687
2023-06-03,0.6168432235717773,0.8741035461425781,0.549836277961731,0.7055396437644958,0.67136549949646,0.6835376381874084,1,1,0.12172901580110446
2023-06-04,0.5737898945808411,0.818220317363739,0.5320663452148438,0.6768571138381958,0.6419222354888916,0.6485711812973023,0,1,0.1104431409161855
2023-06-05,0.6044515371322632,0.7273615598678589,0.518092691898346,0.6121050715446472,0.6558033227920532,0.6235628366470337,1,0,0.07654099795654377
2023-06-06,0.7767512798309326,0.7875289916992188,0.6338396072387695,0.6880383491516113,0.6686804294586182,0.71096773147583,0,0,0.06791874158723439
2023-06-07,0.36980706453323364,0.7036741971969604,0.48222318291664124,0.5031161308288574,0.7041303515434265,0.5525901854038239,1,0,0.14713910676927272
2023-06-08,0.7691211700439453,0.8971747756004333,0.6199054718017578,0.6831743717193604,0.682664155960083,0.730407989025116,0,0,0.10727437485425047
2023-06-09,0.7878242135047913,0.9027299880981445,0.5957757234573364,0.6914839148521423,0.6624836325645447,0.7280594944953919,0,0,0.11960201267951516
2023-06-10,0.7112457752227783,0.8682280778884888,0.5261514186859131,0.7348860502243042,0.6186977624893188,0.6918418169021606,1,1,0.12859315051990902
2023-06-11,0.5901224613189697,0.7996378540992737,0.49729108810424805,0.7215039730072021,0.6281012296676636,0.6473313212394715,0,1,0.11710420984807395
2023-06-12,0.6202809810638428,0.7308036684989929,0.5519172549247742,0.6529184579849243,0.6687244176864624,0.6449289560317993,1,0,0.06569478973058727
2023-06-13,0.6788469552993774,0.7107661366462708,0.5446587204933167,0.6390613913536072,0.652420163154602,0.6451506733894348,0,0,0.06250877111853358
2023-06-14,0.7475823760032654,0.835685133934021,0.5789110660552979,0.6262575387954712,0.6359764933586121,0.6848825216293335,1,0,0.10456019465647194
2023-06-15,0.7729188203811646,0.9058956503868103,0.6715341210365295,0.7069698572158813,0.6934702396392822,0.7501577377319336,1,0,0.0949114098609884
2023-06-16,0.7382522821426392,0.9182563424110413,0.6464492082595825,0.6925180554389954,0.7333551645278931,0.7457662105560303,1,0,0.10327459965983117
2023-06-17,0.578244149684906,0.8686726689338684,0.5519722700119019,0.6537386775016785,0.6916804313659668,0.6688616394996643,0,1,0.1250484934784912
2023-06-18,0.5127959251403809,0.8367165327072144,0.541996419429779,0.5992792248725891,0.6494507789611816,0.628047776222229,1,1,0.1279806559500347
2023-06-19,0.5653095245361328,0.7731107473373413,0.561816394329071,0.5776206254959106,0.6619113087654114,0.6279537200927734,1,0,0.09090591550436879
2023-06-20,0.489331990480423,0.7067852020263672,0.48195159435272217,0.5123640894889832,0.6357017159461975,0.5652269184589386,1,0,0.1006165283539351
2023-06-21,0.2949976921081543,0.7520402073860168,0.4670380651950836,0.4106382429599762,0.6464701890945435,0.5142368793487548,0,0,0.1837541140852155
2023-06-22,0.29745906591415405,0.858907163143158,0.4972076714038849,0.4108171761035919,0.636960506439209,0.5402703166007996,1,0,0.2170531290038249
2023-06-23,0.5493733882904053,0.895413339138031,0.5010365843772888,0.5487829446792603,0.5855732560157776,0.6160359025001526,0,0,0.1590372749061764
2023-06-24,0.3893810510635376,0.7962114810943604,0.44955959916114807,0.4455617666244507,0.5179852247238159,0.5197398245334626,0,1,0.16113714161473125
2023-06-25,0.3945065438747406,0.7046211957931519,0.3751194179058075,0.4338056445121765,0.4703747034072876,0.47568550109863283,0,1,0.1331326776657288
2023-06-26,0.44682565331459045,0.597758412361145,0.398019015789032,0.4091787040233612,0.4925803244113922,0.4688724219799042,1,0,0.08099887081799374
2023-06-27,0.5741235017776489,0.5856945514678955,0.3489214777946472,0.43244412541389465,0.5199708938598633,0.4922309100627899,0,0,0.10040344682730197
2023-06-28,0.5531660318374634,0.6901484131813049,0.2959522604942322,0.4569382667541504,0.5235159397125244,0.5039441823959351,1,0,0.1440035202616258
2023-06-29,0.6974904537200928,0.8576288223266602,0.4303686022758484,0.5554153323173523,0.5310362577438354,0.6143878936767578,1,0,0.16610278645307178
2023-06-30,0.7317485809326172,0.8886648416519165,0.44713979959487915,0.5904168486595154,0.5299413800239563,0.637582290172577,1,0,0.1746347793260707
2023-07-01,0.514980673789978,0.832487940788269,0.3817766308784485,0.5757729411125183,0.5161416530609131,0.5642319679260254,1,1,0.1659237621721239
2023-07-02,0.4274523854255676,0.7656684517860413,0.40324172377586365,0.4969092607498169,0.484770804643631,0.5156085252761841,1,1,0.14511064522160969
2023-07-03,0.46934744715690613,0.6702642440795898,0.45664915442466736,0.43615445494651794,0.5092409253120422,0.5083312451839447,0,0,0.0943707948892467
2023-07-04,0.4346175193786621,0.6073729395866394,0.3912516236305237,0.41134899854660034,0.5020182132720947,0.46932185888290406,0,0,0.0877316331521491
2023-07-05,0.6281934976577759,0.7995061874389648,0.4638109803199768,0.538741946220398,0.5112846493721008,0.5883074522018432,0,0,0.13236731605446542
2023-07-06,0.7150905728340149,0.8948855996131897,0.5424408316612244,0.6050851345062256,0.6253833770751953,0.6765771031379699,1,0,0.1368085573657722
2023-07-07,0.8210389614105225,0.9257351160049438,0.5926780700683594,0.7433479428291321,0.67860347032547,0.7522807121276855,0,0,0.12825293441876534
2023-07-08,0.6082983613014221,0.8953638076782227,0.6093481779098511,0.7172595858573914,0.6994991302490234,0.7059538125991821,0,1,0.11716960515738212
2023-07-09,0.5789474844932556,0.8431234359741211,0.6214406490325928,0.6601665019989014,0.6662620306015015,0.6739880204200744,1,1,0.10081101600739677
2023-07-10,0.6423349380493164,0.835064172744751,0.6755995750427246,0.614010214805603,0.6882321834564209,0.6910482168197631,1,0,0.08557894516256284
2023-07-11,0.6560269594192505,0.7970007658004761,0.6272503137588501,0.6032661199569702,0.6770902872085571,0.6721268892288208,0,0,0.07522140765771795
2023-07-12,0.684453010559082,0.8714596033096313,0.6114953756332397,0.5935536623001099,0.6607553362846375,0.6843433976173401,1,0,0.11081346198801939
2023-07-13,0.7841706871986389,0.9236941337585449,0.6456032991409302,0.6585748195648193,0.705358624458313,0.7434803128242493,0,0,0.11442775399736689
2023-07-14,0.6642971038818359,0.925718367099762,0.6685352921485901,0.636174201965332,0.7233642339706421,0.7236178398132325,0,0,0.11730741026695787
2023-07-15,0.6591643691062927,0.8941060900688171,0.6215201616287231,0.7558072209358215,0.7035722732543945,0.7268340229988098,0,1,0.10610218079327233
2023-07-16,0.5835801362991333,0.8348987698554993,0.6347509622573853,0.6968023777008057,0.6838623285293579,0.6867789149284362,0,1,0.09408156497888887
2023-07-17,0.655303955078125,0.8063058257102966,0.6497637629508972,0.6513795256614685,0.6944088935852051,0.6914323925971985,0,0,0.0668029491064252
2023-07-18,0.6673088073730469,0.77888023853302,0.6005562543869019,0.6262754201889038,0.6950092315673828,0.673605990409851,1,0,0.0692041678199507
2023-07-19,0.7208758592605591,0.8748252987861633,0.6251829862594604,0.6263752579689026,0.6696993708610535,0.7033917546272278,0,0,0.10353560125470737
2023-07-20,0.7978159785270691,0.9245613217353821,0.6467446684837341,0.6710269451141357,0.7191028594970703,0.7518503546714783,1,0,0.11246548799770852
2023-07-21,0.8523616790771484,0.932819128036499,0.6934506893157959,0.7322340607643127,0.7221282720565796,0.7865987658500672,0,0,0.10184999382071111
2023-07-22,0.7065926790237427,0.9047657251358032,0.6561570763587952,0.7441823482513428,0.6946695446968079,0.7412734746932983,1,1,0.09664065221861928
2023-07-23,0.619043231010437,0.8543460965156555,0.6352697610855103,0.6906280517578125,0.6821482181549072,0.6962870717048645,0,1,0.09341347618391493
2023-07-24,0.5961523056030273,0.7963848114013672,0.5975377559661865,0.6045041680335999,0.6994323134422302,0.6588022708892822,1,0,0.08832666460994562
2023-07-25,0.7365325689315796,0.809209406375885,0.6333657503128052,0.6627312302589417,0.7100039720535278,0.7103685855865478,1,0,0.06828789988830596
2023-07-26,0.760077953338623,0.8663097620010376,0.6158596873283386,0.6388262510299683,0.7044970989227295,0.7171141505241394,0,0,0.10080410501517194
2023-07-27,0.836847722530365,0.9290584325790405,0.6846857070922852,0.6873502731323242,0.7435885071754456,0.7763061285018921,1,0,0.10532858061496442
2023-07-28,0.8706358671188354,0.9376661777496338,0.7378773093223572,0.7532329559326172,0.7629560232162476,0.8124736666679382,1,0,0.08743866670829215
2023-07-29,0.7873682975769043,0.9181023240089417,0.7553974986076355,0.7699525356292725,0.7519693374633789,0.7965579986572265,0,1,0.06936796768947681
2023-07-30,0.7297486066818237,0.8769109845161438,0.7241489291191101,0.7440739870071411,0.7446115016937256,0.7638988018035888,0,1,0.06380255652006467
2023-07-31,0.6982020735740662,0.8424410223960876,0.6678920984268188,0.6865023374557495,0.7511712312698364,0.7292417526245117,1,0,0.07044301964207092
2023-08-01,0.7426337599754333,0.8215101361274719,0.6366764307022095,0.6619631052017212,0.7513964772224426,0.7228359818458557,0,0,0.07428529128034504
2023-08-02,0.5685083866119385,0.849699854850769,0.5741626024246216,0.5880485773086548,0.7496770620346069,0.6660192966461181,1,0,0.1272425165728465
2023-08-03,0.8147162795066833,0.9292699694633484,0.6717522144317627,0.6984948515892029,0.7570706009864807,0.7742607831954956,0,0,0.10272351293124657
2023-08-04,0.8413128852844238,0.9303538203239441,0.6900844573974609,0.7364392876625061,0.7567620873451233,0.7909905076026916,0,0,0.09524170035559038
2023-08-05,0.7301374673843384,0.9024446606636047,0.6843326091766357,0.7634052634239197,0.7338113784790039,0.7628262758255004,1,1,0.08301401505281192
2023-08-06,0.6756933927536011,0.8529908657073975,0.6393319964408875,0.7379913330078125,0.7178277969360352,0.7247670769691468,1,1,0.08119691191927024
2023-08-07,0.6874810457229614,0.7994916439056396,0.5983419418334961,0.6827785968780518,0.730564296245575,0.6997315049171448,1,0,0.0735188151017306
2023-08-08,0.6541167497634888,0.752778947353363,0.5433108806610107,0.6257944703102112,0.718986451625824,0.6589974999427796,0,0,0.08201111354931333
2023-08-09,0.6371650099754333,0.8267278671264648,0.5220848321914673,0.599105715751648,0.7010320425033569,0.6572230935096741,0,0,0.11477521321637159
2023-08-10,0.8132756948471069,0.9202849268913269,0.6047587394714355,0.6679211258888245,0.7137739658355713,0.744002890586853,0,0,0.1244640853467069
2023-08-11,0.8407720327377319,0.9273833632469177,0.6438618302345276,0.7237672805786133,0.7224365472793579,0.7716442108154297,1,0,0.11188752248385714
2023-08-12,0.7442421317100525,0.9017854332923889,0.6423577070236206,0.7512799501419067,0.7067404389381409,0.749281132221222,0,1,0.09556317031868107
2023-08-13,0.6674074530601501,0.8539172410964966,0.6041809320449829,0.7246703505516052,0.7035216093063354,0.7107395172119141,1,1,0.09216619063581846
2023-08-14,0.6814932823181152,0.7817120552062988,0.5683048367500305,0.6814186573028564,0.7183035612106323,0.6862464785575867,0,0,0.07761679019051833
2023-08-15,0.6728702783584595,0.7333405613899231,0.5285228490829468,0.6335504055023193,0.7051156759262085,0.6546799540519714,0,0,0.07972486130781857
2023-08-16,0.786487877368927,0.854716420173645,0.5853179693222046,0.6523823738098145,0.7200636863708496,0.7197936654090882,0,0,0.10639588296388003
2023-08-17,0.8906413912773132,0.9297794699668884,0.6909706592559814,0.7202880382537842,0.7489105463027954,0.7961180210113525,0,0,0.10704525923740887
2023-08-18,0.7970743179321289,0.9190350770950317,0.7417625188827515,0.806498646736145,0.8245794177055359,0.8177899956703186,1,0,0.06448541279983197
2023-08-19,0.7537203431129456,0.8791189193725586,0.6845637559890747,0.837007462978363,0.7958368062973022,0.7900494575500489,1,1,0.07519799614729519
2023-08-20,0.6978737115859985,0.8073318600654602,0.6626293063163757,0.8149858117103577,0.7580140829086304,0.7481669545173645,0,1,0.06691096921835067
2023-08-21,0.7387700080871582,0.7531444430351257,0.6818884015083313,0.7557979822158813,0.7437909841537476,0.7346783638000488,0,0,0.030305098109849226
2023-08-22,0.7090712189674377,0.7193800806999207,0.6228731870651245,0.6910982728004456,0.6875213384628296,0.6859888195991516,1,0,0.037615859935507485
2023-08-23,0.6885702610015869,0.8117510676383972,0.5922048091888428,0.6447736024856567,0.6643294095993042,0.6803258299827576,0,0,0.08158695420610598
2023-08-24,0.7268717288970947,0.9060987234115601,0.6091473698616028,0.6798359155654907,0.7275611162185669,0.7299029707908631,0,0,0.10971353736727002
2023-08-25,0.8357096314430237,0.9201058745384216,0.6571979522705078,0.7477474808692932,0.7228313684463501,0.7767184615135193,0,0,0.10255266572845909
2023-08-26,0.7331094741821289,0.8891386985778809,0.6139085292816162,0.7642974853515625,0.7011064887046814,0.740312135219574,1,1,0.10036368319863984
2023-08-27,0.6642848253250122,0.8425691723823547,0.5813567042350769,0.7378634214401245,0.7011760473251343,0.7054500341415405,1,1,0.0961304863916244
2023-08-28,0.649730920791626,0.7486134767532349,0.5353974103927612,0.6632785201072693,0.7199952602386475,0.6634031176567078,1,0,0.08221295743856886
2023-08-29,0.6492850184440613,0.7234793901443481,0.5237433910369873,0.6399999856948853,0.6902069449424744,0.6453429460525513,0,0,0.0757440116969853
2023-08-30,0.35535764694213867,0.7631205320358276,0.48928454518318176,0.49551278352737427,0.7182222604751587,0.5642995536327362,0,0,0.17119986327431594
2023-08-31,0.6525726318359375,0.9208792448043823,0.5877240896224976,0.6248794794082642,0.7513163089752197,0.7074743509292603,0,0,0.13382825062292125
2023-09-01,0.791936457157135,0.9320000410079956,0.6713513135910034,0.7568221092224121,0.7583316564559937,0.7820883154869079,1,0,0.09491569280060005
2023-09-02,0.6776463389396667,0.889924168586731,0.5905946493148804,0.7567211389541626,0.7268857359886169,0.7283544063568115,1,1,0.11006892765372787
2023-09-03,0.6072961091995239,0.8197605013847351,0.5443347692489624,0.7343589067459106,0.6615492701530457,0.6734599113464356,0,1,0.10759340674047581
2023-09-04,0.6473915576934814,0.746552586555481,0.5634140968322754,0.6473736763000488,0.667515218257904,0.6544494271278382,0,0,0.06527062510647476
2023-09-05,0.7048797607421875,0.7348164319992065,0.5509241223335266,0.6341227293014526,0.641082763671875,0.6531651616096497,0,0,0.0712445759340112
2023-09-06,0.7359858751296997,0.8363170623779297,0.5634888410568237,0.6126598119735718,0.6221604347229004,0.674122405052185,1,0,0.11051207850933269
2023-09-07,0.751218318939209,0.9120224714279175,0.6191939115524292,0.6531930565834045,0.6980807781219482,0.7267417073249817,0,0,0.11481011206216105
2023-09-08,0.7418968677520752,0.9232802987098694,0.6225467920303345,0.670714259147644,0.7032566666603088,0.7323389768600463,0,0,0.11537726391866628
2023-09-09,0.6583139896392822,0.9030783176422119,0.6184181571006775,0.732774019241333,0.6850671768188477,0.7195303320884705,0,1,0.1107069101671118
2023-09-10,0.5589454174041748,0.8535153865814209,0.6007276177406311,0.665908694267273,0.6634268164634705,0.668504786491394,0,1,0.11275908785855289
2023-09-11,0.5738146305084229,0.8057320713996887,0.603085458278656,0.6123239994049072,0.6845910549163818,0.6559094429016114,1,0,0.09313844176273586
2023-09-12,0.7090972661972046,0.8107517957687378,0.6324138045310974,0.6476188898086548,0.6691250801086426,0.6938013672828675,1,0,0.07145197772208578
2023-09-13,0.607292652130127,0.8823907375335693,0.634386420249939,0.6052984595298767,0.7132155895233154,0.6885167717933655,1,0,0.11688657563890471
2023-09-14,0.67277592420578,0.9236709475517273,0.6548269987106323,0.6454765796661377,0.7613056898117065,0.7316112279891968,1,0,0.11677466058641908
2023-09-15,0.787775993347168,0.9390318393707275,0.697647750377655,0.6903184652328491,0.7553799152374268,0.7740307927131653,0,0,0.10075248644298448
2023-09-16,0.6696147918701172,0.9097452759742737,0.6584740877151489,0.7102909088134766,0.7088361978530884,0.731392252445221,0,1,0.10234421904349737
2023-09-17,0.5790793895721436,0.8418103456497192,0.6212913393974304,0.6419560313224792,0.6589341163635254,0.6686142444610595,1,1,0.10131288449442102
2023-09-18,0.604328989982605,0.8219283223152161,0.6022601127624512,0.576935887336731,0.672796905040741,0.6556500434875489,1,0,0.09952730088427894
2023-09-19,0.6442065834999084,0.7786080837249756,0.5664702653884888,0.5844841003417969,0.6823426485061646,0.6512223362922669,0,0,0.08497312652948497
2023-09-20,0.6130509376525879,0.8352408409118652,0.528934121131897,0.5535805225372314,0.671619176864624,0.6404851198196411,0,0,0.12211448429082686
2023-09-21,0.7423545122146606,0.9170915484428406,0.5729629397392273,0.6078795194625854,0.6808571815490723,0.7042291402816773,1,0,0.1358531027295936
2023-09-22,0.8286711573600769,0.9258190989494324,0.6374266147613525,0.7044597864151001,0.6940993666648865,0.7580952048301697,0,0,0.1168817819147474
2023-09-23,0.6847809553146362,0.8939312696456909,0.6262339353561401,0.7293286919593811,0.6744309663772583,0.7217411637306214,0,1,0.1029962931507824
2023-09-24,0.6016848683357239,0.8439183235168457,0.6143648624420166,0.6743326187133789,0.6572510004043579,0.6783103346824646,1,1,0.09726999699707724
2023-09-25,0.6644772887229919,0.8113008737564087,0.6361074447631836,0.6578308343887329,0.6852477788925171,0.6909928441047668,0,0,0.06950220931641077
2023-09-26,0.6718475222587585,0.7696939706802368,0.5820204019546509,0.6140626072883606,0.6851887106895447,0.6645626425743103,1,0,0.07227478010624291
2023-09-27,0.7287118434906006,0.8736004829406738,0.6216083765029907,0.6261439323425293,0.6590185761451721,0.7018166422843933,1,0,0.10514803749168064
2023-09-28,0.7847338318824768,0.9206467866897583,0.6516909599304199,0.6656561493873596,0.7168726325035095,0.7479200720787048,0,0,0.10975097876193218
2023-09-29,0.7408692240715027,0.9302550554275513,0.6782062649726868,0.6834677457809448,0.7408719062805176,0.7547340393066406,1,0,0.10262480666370902
2023-09-30,0.683600127696991,0.9095168113708496,0.6987907886505127,0.7361553907394409,0.7209240198135376,0.7497974276542664,1,1,0.09153390100178788
2023-10-01,0.616654634475708,0.8560100197792053,0.6532124876976013,0.6789661645889282,0.701594352722168,0.7012875318527222,0,1,0.09207513648466242
2023-10-02,0.42366519570350647,0.7734964489936829,0.5332756042480469,0.4945913255214691,0.7040493488311768,0.5858155846595764,0,0,0.1471210330501116
2023-10-03,0.6675801873207092,0.7795083522796631,0.5777941942214966,0.6245918273925781,0.7055232524871826,0.6709995627403259,1,0,0.07716646504493879
2023-10-04,0.7162784934043884,0.851245641708374,0.5420255661010742,0.6014704704284668,0.7003879547119141,0.6822816252708435,0,0,0.11856925185330798
2023-10-05,0.7540145516395569,0.910041093826294,0.561173677444458,0.6219590902328491,0.7105518579483032,0.7115480542182923,1,0,0.1340172733653823
2023-10-06,0.8623850345611572,0.9231376051902771,0.6601787805557251,0.7279642820358276,0.7014410495758057,0.7750213503837585,1,0,0.11223644956536535
2023-10-07,0.6210275888442993,0.8754148483276367,0.5913191437721252,0.6965912580490112,0.6743899583816528,0.6917485594749451,0,1,0.1108440364291942
2023-10-08,0.5777928829193115,0.8168776035308838,0.5461810231208801,0.6552286148071289,0.6393197774887085,0.6470799803733825,0,1,0.10480834326299504
2023-10-09,0.5617066025733948,0.7248444557189941,0.48620331287384033,0.5929895639419556,0.6484450101852417,0.6028377890586853,0,0,0.08994165942848319
2023-10-10,0.6539447903633118,0.6875646114349365,0.46831315755844116,0.609433650970459,0.6500343084335327,0.6138581037521362,0,0,0.08595233657142555
2023-10-11,0.7743408679962158,0.7948896288871765,0.4982488751411438,0.6171174049377441,0.6296364068984985,0.6628466367721557,0,0,0.12263035972924645
2023-10-12,0.8307048678398132,0.9051051139831543,0.602070689201355,0.6771875023841858,0.6825444102287292,0.7395225167274475,1,0,0.12425475965927921
2023-10-13,0.8480618000030518,0.9146914482116699,0.6375950574874878,0.7326673269271851,0.6981844902038574,0.7662400245666504,0,0,0.1129610966846474
2023-10-14,0.7331953048706055,0.8896759748458862,0.6421207189559937,0.7594525814056396,0.6828643083572388,0.7414617776870728,1,1,0.09442160927506156
2023-10-15,0.653251051902771,0.84507817029953,0.6050463914871216,0.7355005741119385,0.6868489980697632,0.7051450371742248,1,1,0.09158358203261567
2023-10-16,0.5932056307792664,0.7680646181106567,0.5614075660705566,0.651775598526001,0.7143499255180359,0.6577606678009034,0,0,0.08493585758538827
2023-10-17,0.4145509898662567,0.7451095581054688,0.5506500005722046,0.5749307870864868,0.7451170682907104,0.6060716807842255,0,0,0.14087817792718924
2023-10-18,0.6301601529121399,0.8361696004867554,0.531050443649292,0.5967012643814087,0.7063188552856445,0.6600800633430481,1,0,0.11694685430583905
2023-10-19,0.7865667343139648,0.9154242277145386,0.5857278108596802,0.6553133726119995,0.7107877731323242,0.7307639837265014,1,0,0.1268273312716518
2023-10-20,0.7364188432693481,0.9145150184631348,0.5803773403167725,0.6815581917762756,0.7159639596939087,0.7257666707038879,1,0,0.12137539670878737
2023-10-21,0.578974723815918,0.866114616394043,0.5565997362136841,0.670303463935852,0.6849927306175232,0.6713970541954041,1,1,0.12229194449572564
2023-10-22,0.5133876800537109,0.7969568967819214,0.5121363401412964,0.6156564950942993,0.6503778696060181,0.6177030563354492,1,1,0.11750510674733149
2023-10-23,0.46738919615745544,0.7183048725128174,0.447250097990036,0.5503818988800049,0.6589506268501282,0.5684553384780884,1,0,0.11819052915971172
2023-10-24,0.1988757699728012,0.5578746795654297,0.4771580696105957,0.30836454033851624,0.669714629650116,0.44239753782749175,1,0,0.18939642347696065
2023-10-25,0.3800462484359741,0.6611694693565369,0.4037545919418335,0.4293336868286133,0.5922946333885193,0.4933197259902954,0,0,0.12541588396667375
2023-10-26,0.5085784196853638,0.7817704677581787,0.3199906349182129,0.43595102429389954,0.5221301317214966,0.5136841356754303,0,0,0.16994653091134482
2023-10-27,0.6596709489822388,0.7966417074203491,0.33733415603637695,0.5450956225395203,0.45932722091674805,0.5596139311790467,1,0,0.17739086609802368
2023-10-28,0.5266036987304688,0.6696232557296753,0.28316742181777954,0.5080092549324036,0.38063204288482666,0.4736071348190308,1,1,0.1477549604241285
2023-10-29,0.44885334372520447,0.48238658905029297,0.24259105324745178,0.4305056631565094,0.341413676738739,0.38915006518363954,0,1,0.09711606856812678
2023-10-30,0.4177354872226715,0.40766778588294983,0.24433963000774384,0.33419936895370483,0.37599241733551025,0.35598693788051605,1,0,0.07039856553814432
2023-10-31,0.5410529375076294,0.44180020689964294,0.2630675733089447,0.38651010394096375,0.433383584022522,0.4131628811359406,1,0,0.1010245164981789
2023-11-01,0.5900434255599976,0.5558028221130371,0.2356569617986679,0.4167829751968384,0.42557790875434875,0.44477281868457796,0,0,0.13992187855201785
2023-11-02,0.5020517110824585,0.7028000354766846,0.22809505462646484,0.41619598865509033,0.4683239758014679,0.4634933531284332,0,0,0.17060712889837937
2023-11-03,0.651209831237793,0.8466365337371826,0.32054924964904785,0.5515236854553223,0.44332918524742126,0.5626496970653534,1,0,0.20091367554345813
2023-11-04,0.5005611777305603,0.7749843597412109,0.28378376364707947,0.5127527117729187,0.4145313501358032,0.49732267260551455,0,1,0.18013734707344595
2023-11-05,0.38109996914863586,0.6158032417297363,0.28814801573753357,0.433250367641449,0.40412139892578125,0.4244845986366272,1,1,0.11996271474515517
2023-11-06,0.3862926661968231,0.5589607954025269,0.34035104513168335,0.40085938572883606,0.4451211392879486,0.4263170063495636,1,0,0.08304841198111004
2023-11-07,0.5239630341529846,0.5871455669403076,0.3506963849067688,0.46178388595581055,0.506989598274231,0.4861156940460205,1,0,0.08804203885165818
2023-11-08,0.5545259118080139,0.7642465829849243,0.4053575098514557,0.5092482566833496,0.5647391080856323,0.5596234738826752,1,0,0.13063156375608
2023-11-09,0.6771888732910156,0.9091004133224487,0.5224164128303528,0.5806408524513245,0.6392601728439331,0.665721344947815,1,0,0.1481891211686555
2023-11-10,0.6241672039031982,0.9133610725402832,0.5780054926872253,0.6115507483482361,0.6500471830368042,0.6754263401031494,0,0,0.13551332987069106
2023-11-11,0.531439483165741,0.8668012619018555,0.5326480865478516,0.5681250095367432,0.6047964692115784,0.6207620620727539,0,1,0.14080433506557494
2023-11-12,0.4593038558959961,0.8051511645317078,0.49292856454849243,0.5190606117248535,0.5676094889640808,0.5688107371330261,0,1,0.13791589534268137
2023-11-13,0.47256430983543396,0.7273088693618774,0.4701206088066101,0.47714754939079285,0.5847874879837036,0.5463857650756836,0,0,0.11210237933761615
2023-11-14,0.6967843770980835,0.7293961644172668,0.49123242497444153,0.5836781859397888,0.6044735908508301,0.6211129486560821,1,0,0.09486648514840451
2023-11-15,0.6442675590515137,0.8343115448951721,0.5416821241378784,0.5954697132110596,0.619321346282959,0.6470104575157165,0,0,0.11136248677405067
2023-11-16,0.4122833013534546,0.8562196493148804,0.4886436462402344,0.48402178287506104,0.684837281703949,0.5852011322975159,1,0,0.18223582520767206
2023-11-17,0.7611182928085327,0.9030417799949646,0.5207949280738831,0.6896791458129883,0.6534934043884277,0.7056255102157593,0,0,0.14070094134723096
2023-11-18,0.5422496199607849,0.8514316082000732,0.4596925973892212,0.6330474019050598,0.5997997522354126,0.6172441959381103,1,1,0.1464961489495664
2023-11-19,0.5088693499565125,0.7737908363342285,0.41127172112464905,0.584458589553833,0.5400294065475464,0.5636839807033539,1,1,0.1335759658848433
2023-11-20,0.40137937664985657,0.6473230123519897,0.47095292806625366,0.42573636770248413,0.5435997247695923,0.49779828190803527,0,0,0.09958114150729297
2023-11-21,0.485061377286911,0.6003222465515137,0.41878798604011536,0.4449956715106964,0.5164696574211121,0.4931273877620697,1,0,0.07061102708924165
2023-11-22,0.7162949442863464,0.8210219740867615,0.5408858060836792,0.6071855425834656,0.526694655418396,0.6424165844917298,0,0,0.12479902582239587
2023-11-23,0.5429763793945312,0.8564088344573975,0.42557916045188904,0.517792820930481,0.6277081370353699,0.5940930664539337,1,0,0.16337924806441603
2023-11-24,0.7463214993476868,0.9018329381942749,0.5180468559265137,0.6460601091384888,0.5976356863975525,0.6819794178009033,1,0,0.1481160191299869
2023-11-25,0.5714600086212158,0.8572314381599426,0.46694785356521606,0.6111382246017456,0.5745646357536316,0.6162684321403503,0,1,0.1450285540305211
2023-11-26,0.4977138042449951,0.7980499267578125,0.47239747643470764,0.5457746982574463,0.5715815424919128,0.5771034896373749,0,1,0.1295138839018022
2023-11-27,0.5545059442520142,0.7413581609725952,0.5197912454605103,0.5148006081581116,0.6017775535583496,0.5864467024803162,1,0,0.0933125390627195
2023-11-28,0.5899516940116882,0.6932637691497803,0.48657312989234924,0.5240249633789062,0.5959202647209167,0.5779467642307281,1,0,0.07909152663484978
2023-11-29,0.5535193681716919,0.7802626490592957,0.4795154929161072,0.5222384333610535,0.5942412614822388,0.5859554409980774,0,0,0.11647463710605517
2023-11-30,0.7062151432037354,0.9140819311141968,0.55726158618927,0.6051091551780701,0.6537319421768188,0.6872799515724182,1,0,0.1383654251046649
2023-12-01,0.8059250712394714,0.9281470775604248,0.6176884770393372,0.6716476678848267,0.6606627702713013,0.7368142127990722,1,0,0.1280832127833054
2023-12-02,0.5741012692451477,0.8943970203399658,0.603954017162323,0.6245181560516357,0.6542268991470337,0.6702394723892212,1,1,0.12867571959306912
2023-12-03,0.46203377842903137,0.8458507061004639,0.5720311403274536,0.5237108469009399,0.6169091463088989,0.6041071236133575,1,1,0.14686823761763418
2023-12-04,0.4365549683570862,0.7952306866645813,0.5460605025291443,0.4637191891670227,0.6376904249191284,0.5758511543273925,1,0,0.14561590106077582
2023-12-05,0.2705618441104889,0.7206631898880005,0.49331796169281006,0.3518529236316681,0.6404409408569336,0.49536737203598025,0,0,0.18903879779126434
2023-12-06,0.2101646065711975,0.7577476501464844,0.4578254222869873,0.32211968302726746,0.6106318831443787,0.4716978490352631,0,0,0.21914199930271902
2023-12-07,0.5035043954849243,0.8915644884109497,0.42215991020202637,0.48223668336868286,0.5666910409927368,0.573231303691864,1,0,0.18529923105371307
2023-12-08,0.6354548931121826,0.8762295246124268,0.4324752390384674,0.5690871477127075,0.5365104675292969,0.6099514544010163,0,0,0.16591843869415865
2023-12-09,0.46363306045532227,0.7922737002372742,0.3801559507846832,0.49824342131614685,0.5008836984634399,0.5270379662513733,1,1,0.15609105889764502
2023-12-10,0.4554988443851471,0.7069674134254456,0.3458755314350128,0.5008366107940674,0.4674161374568939,0.49531890749931334,0,1,0.13183612911714038
2023-12-11,0.4715217649936676,0.6191516518592834,0.3876604437828064,0.4285179674625397,0.5032628774642944,0.4820229411125183,1,0,0.0882223838019034
2023-12-12,0.6548557281494141,0.7336207628250122,0.5342411398887634,0.5951568484306335,0.5467032790184021,0.612915551662445,1,0,0.08248912968182152
2023-12-13,0.6034842729568481,0.7612728476524353,0.48103469610214233,0.5442144870758057,0.5590605735778809,0.5898133754730225,1,0,0.10540758816517021
2023-12-14,0.5430032014846802,0.8305783271789551,0.4624179005622864,0.504374623298645,0.6017371416091919,0.5884222388267517,0,0,0.14475914621592367
2023-12-15,0.5854407548904419,0.8680201768875122,0.43131762742996216,0.5510015487670898,0.5341854095458984,0.5939931035041809,1,0,0.16359441017737905
2023-12-16,0.6002040505409241,0.8259506225585938,0.3576391041278839,0.6212039589881897,0.468051552772522,0.5746098577976226,0,1,0.17637264053446947
2023-12-17,0.43765807151794434,0.7168310284614563,0.33265697956085205,0.482204407453537,0.43565306067466736,0.4810007095336914,1,1,0.1427920200533924
2023-12-18,0.6043300628662109,0.6622470617294312,0.42602214217185974,0.5344178676605225,0.49540698528289795,0.5444848239421844,0,0,0.09218565791243631
2023-12-19,0.3623928129673004,0.5233381986618042,0.4303896427154541,0.36453843116760254,0.5044557452201843,0.4370229661464691,1,0,0.07560616312869277
2023-12-20,0.6632581949234009,0.7723166942596436,0.4761522710323334,0.5534658432006836,0.5308195352554321,0.5992025077342987,1,0,0.11830161325793022
2023-12-21,0.5205645561218262,0.8677710890769958,0.45547595620155334,0.5212289094924927,0.6168714761734009,0.5963823974132538,1,0,0.16226724969251471
2023-12-22,0.6854259967803955,0.9058302640914917,0.5296516418457031,0.6125105619430542,0.5928099155426025,0.6652456760406494,0,0,0.14551792253862544
2023-12-23,0.5540587902069092,0.8535663485527039,0.47402694821357727,0.5677539110183716,0.5602551698684692,0.6019322335720062,0,1,0.14566785146000835
2023-12-24,0.4731300473213196,0.7921451330184937,0.46137720346450806,0.5164847373962402,0.5590686798095703,0.5604411602020264,1,1,0.1351459209375216
2023-12-25,0.5407915115356445,0.7349066734313965,0.5423431396484375,0.5278884172439575,0.6116547584533691,0.5915169000625611,0,0,0.08661100973260243
2023-12-26,0.5168485641479492,0.6708545684814453,0.4676167368888855,0.47865521907806396,0.5984418392181396,0.5464833855628968,1,0,0.08640992872474644
2023-12-27,0.5996584296226501,0.8045807480812073,0.5155298709869385,0.563032329082489,0.5904097557067871,0.6146422266960144,0,0,0.111102665716055
2023-12-28,0.596179187297821,0.8910457491874695,0.49903908371925354,0.5489178895950317,0.6484888195991516,0.6367341458797455,0,0,0.15258513493130707
2023-12-29,0.8089311718940735,0.9166051745414734,0.5672986507415771,0.6926147937774658,0.6485168933868408,0.7267933368682862,1,0,0.13739458411648567
2023-12-30,0.60784912109375,0.8819021582603455,0.5307899713516235,0.712766706943512,0.6438664197921753,0.6754348754882813,1,1,0.13276761124225583
2023-12-31,0.5156285762786865,0.8166154026985168,0.5177037715911865,0.6396917104721069,0.6173224449157715,0.6213923811912536,1,1,0.12288283866168988
