Date,Actual_Ret,Prob,Position,Strat_Ret
2023-01-11,0.04911903051513352,0.51781476,0.0,0.0
2023-01-12,0.055893048509553726,0.5223196,0.0446392297744751,0.0024950226352138515
2023-01-13,0.050146827684418194,0.52727157,0.054543137550354004,0.0027351653201051216
2023-01-14,-0.003988871656173911,0.53381956,0.06763911247253418,-0.00026980373859045084
2023-01-15,0.014939473685250641,0.53999346,0.07998692989349365,0.0011949626343078362
2023-01-16,-0.0024026215431750143,0.545995,0.09198999404907227,-0.0002210171414588424
2023-01-17,-0.021876742420547574,0.54992384,0.09984767436981201,-0.002184341853479087
2023-01-18,0.018880985981668756,0.5516957,0.10339140892028809,0.0019521317424489413
2023-01-19,0.0729936990967774,0.55168223,0.10336446762084961,0.007544954846814887
2023-01-20,0.0051193975233281225,0.5526906,0.10538125038146973,0.0005394885122081169
2023-01-21,-0.0033267835189935463,0.5540625,0.10812497138977051,-0.00035970837281113725
2023-01-22,0.009142992475145141,0.55520093,0.11040186882019043,0.0010094034558649622
2023-01-23,-0.012450835212587299,0.5562593,0.1125185489654541,-0.001400949911528304
2023-01-24,0.018736119160646474,0.556388,0.11277604103088379,0.0021129853432205947
2023-01-25,-0.0022265840828143047,0.5556574,0.11131477355957031,-0.0002478517029898179
2023-01-26,0.0027996835390564157,0.55502045,0.11004090309143066,0.00030807970500798065
2023-01-27,-0.002237034511835935,0.5544941,0.10898816585540771,-0.00024381028840024592
2023-01-28,0.03078192520585222,0.5542662,0.10853242874145508,0.003340837103928956
2023-01-29,-0.0393514588233174,0.5547879,0.10957574844360352,-0.00431196555291265
2023-01-30,0.013013096440887308,0.55519474,0.11038947105407715,0.0014365088328852438
2023-01-31,0.025932253556535844,0.55342567,0.10685133934020996,0.002770896024625778
2023-02-01,-0.010322486493569127,0.55224466,0.10448932647705078,-0.0010785896612814916
2023-02-02,-0.002431330219096245,0.55123734,0.10247468948364258,-0.00024914980923408436
2023-02-03,-0.004493712909870792,0.5499742,0.09994840621948242,-0.0004491394433494983
2023-02-04,-0.017031632139821246,0.54905045,0.09810090065002441,-0.0016708184524563668
2023-02-05,-0.007457673107036351,0.5481645,0.0963289737701416,-0.000718389997113995
2023-02-06,0.020779401555923737,0.54627645,0.09255290031433105,0.0019231938807968653
2023-02-07,-0.01201050031064175,0.5435535,0.08710694313049316,-0.0010461979675278415
2023-02-08,-0.052141700352517424,0.5413991,0.08279824256896973,-0.004317241153746272
2023-02-09,-0.007883685677702989,0.5383664,0.07673275470733643,-0.0006049369192969248
2023-02-10,0.010916288456747329,0.5332117,0.06642341613769531,0.0007250971708416475
2023-02-11,-0.0036204886304742638,0.52821517,0.05643033981323242,-0.00020430540370760717
2023-02-12,-0.00043941906477148134,0.5250716,0.05014324188232422,-2.2033896452541082e-05
2023-02-13,0.01936986197704005,0.52253735,0.0450747013092041,0.00087309074301559
2023-02-14,0.09138049119365944,0.5197428,0.0,0.0
2023-02-15,-0.033711393282664585,0.51814187,0.0,-0.0
2023-02-16,0.043770785975072134,0.5216631,0.04332625865936279,0.0018964243948795846
2023-02-17,0.002519415209186526,0.52205336,0.04410672187805176,0.00011112314592692369
2023-02-18,-0.014730846119734737,0.5238066,0.04761314392089844,-0.0007013818963755383
2023-02-19,0.023230285350592204,0.52556527,0.05113053321838379,0.001187776876790989
2023-02-20,-0.015825264394064464,0.5275332,0.05506634712219238,-0.0008714395024240252
2023-02-21,-0.011101316717520895,0.52972317,0.05944633483886719,-0.0006599325907420611
2023-02-22,-0.01005818454576867,0.5302673,0.06053459644317627,-0.0006088681424290986
2023-02-23,-0.032041028461487375,0.53057504,0.06115007400512695,-0.001959311261620332
2023-02-24,-0.0012178923770018468,0.53021985,0.06043970584869385,-7.360905702135817e-05
2023-02-25,0.01703161058168721,0.52846026,0.056920528411865234,0.0009694482740147515
2023-02-26,-0.0026679753126395687,0.52625173,0.05250346660614014,-0.0001400779527331779
2023-02-27,-0.015033201397948169,0.5259913,0.05198264122009277,-0.0007814655146589367
2023-02-28,0.020842934243896633,0.5247094,0.04941880702972412,0.0010300329453323566
2023-03-01,-0.006949915104728103,0.5226867,0.04537343978881836,-0.0003153415545417798
2023-03-02,-0.048503100831987105,0.52193296,0.04386591911315918,-0.0021276330978333502
2023-03-03,-0.00034764393289772876,0.5207431,0.041486144065856934,-1.4422406283816276e-05
2023-03-04,0.003737206709584325,0.51733446,0.0,0.0
2023-03-05,-0.000902760617454153,0.5150885,0.0,-0.0
2023-03-06,-0.009506895048812334,0.51333463,0.0,-0.0
2023-03-07,-0.022437472391169118,0.51244134,0.0,-0.0
2023-03-08,-0.06388169730657518,0.51064974,0.0,-0.0
2023-03-09,-0.010442692083692516,0.5078603,0.0,-0.0
2023-03-10,0.015024507857790617,0.50300163,0.0,0.0
2023-03-11,0.07264804225261712,0.49840596,0.0,0.0
2023-03-12,0.0918599391330703,0.49568057,0.0,0.0
2023-03-13,0.022833529552860565,0.4974895,0.0,0.0
2023-03-14,-0.015718497080592527,0.5020119,0.0,-0.0
2023-03-15,0.028940970979109415,0.50629807,0.0,0.0
2023-03-16,0.0915382366931726,0.50936353,0.0,0.0
2023-03-17,-0.017960573857961144,0.5129128,0.0,-0.0
2023-03-18,0.03883042537639571,0.51824075,0.0,0.0
2023-03-19,-0.009188807742989342,0.52310795,0.04621589183807373,-0.00042466894477084983
2023-03-20,0.013917915171174959,0.52948403,0.05896806716918945,0.0008207125566689259
2023-03-21,-0.030875102511240874,0.5337614,0.06752276420593262,-0.0020847722667005158
2023-03-22,0.037610483876124916,0.53870106,0.07740211486816406,0.002911130993227053
2023-03-23,-0.030170604453767236,0.5403948,0.08078956604003906,-0.0024374700409855246
2023-03-24,0.00030882732901125104,0.5429108,0.08582162857055664,2.650406432284068e-05
2023-03-25,0.01822496367160109,0.5430417,0.08608341217041016,0.0015688670595331883
2023-03-26,-0.030610293346195108,0.54403436,0.08806872367858887,-0.0026958094664266043
2023-03-27,0.005007183266062188,0.5447188,0.08943760395050049,0.00044783047385764347
2023-03-28,0.039117969089514086,0.5433533,0.08670663833618164,0.0033917875982904305
2023-03-29,-0.011354726247076305,0.542617,0.08523404598236084,-0.0009678092590604213
2023-03-30,0.01546498944228887,0.54244983,0.0848996639251709,0.0013129724062566413
2023-03-31,-0.00044379564413691034,0.54231954,0.08463907241821289,-3.7562451662991395e-05
2023-04-01,-0.009920151427765776,0.5425092,0.08501839637756348,-0.000843395366211243
2023-04-02,-0.01328794166506373,0.5427652,0.08553040027618408,-0.001136522969459485
2023-04-03,0.01306073888880465,0.5419431,0.08388614654541016,0.0010956150564176044
2023-04-04,0.00016117729039769833,0.5406657,0.08133137226104736,1.3108770205362137e-05
2023-04-05,-0.0048462984303144436,0.54005075,0.08010149002075195,-0.00038819572535341826
2023-04-06,-0.004558093631494347,0.53939724,0.07879447937011719,-0.0003591526146138439
2023-04-07,0.0011478259451552448,0.53920007,0.0784001350402832,8.99897091029119e-05
2023-04-08,0.013699657615021985,0.5384802,0.07696044445037842,0.0010543317388701033
2023-04-09,0.04533402443678367,0.5376227,0.07524538040161133,0.0034111759138817314
2023-04-10,0.018820778757940998,0.53772426,0.07544851303100586,0.0014199997713721896
2023-04-11,-0.010396427448109471,0.5393974,0.07879483699798584,-0.0008191848061351717
2023-04-12,0.01612230751029388,0.54143906,0.08287811279296875,0.0013361864203210634
2023-04-13,0.003060121449609667,0.5423488,0.08469760417938232,0.00025918495527987726
2023-04-14,-0.005656179900882534,0.5438545,0.08770895004272461,-0.0004960976003591692
2023-04-15,0.00031551290745832457,0.54467547,0.08935093879699707,2.8191374483971358e-05
2023-04-16,-0.029277429572032238,0.545493,0.09098601341247559,-0.0026638365997237344
2023-04-17,0.031761089816271876,0.5460896,0.09217917919158936,0.002927711189494289
2023-04-18,-0.053510138704066394,0.5437485,0.08749699592590332,-0.004681976388184219
2023-04-19,-0.01940603406257386,0.54362696,0.08725392818450928,-0.0016932527024419602
2023-04-20,-0.03534405077145466,0.5390966,0.07819318771362305,-0.0027636639965321775
2023-04-21,0.02011734939753183,0.5342104,0.06842076778411865,0.0013764444915605046
2023-04-22,-0.008166817188415205,0.5275552,0.05511045455932617,-0.0004500770075564801
2023-04-23,-0.002891754748673293,0.5245764,0.04915285110473633,-0.00014213799059295258
2023-04-24,0.028306339200071688,0.52115613,0.04231226444244385,0.0011977053096309477
2023-04-25,0.004037661120266265,0.5179911,0.0,0.0
2023-04-26,0.0365394056503652,0.51644075,0.0,0.0
2023-04-27,-0.005480032501360423,0.5135542,0.0,-0.0
2023-04-28,-0.0027757795765594477,0.5147002,0.0,-0.0
2023-04-29,9.441762633578723e-05,0.5149497,0.0,0.0
2023-04-30,-0.040665991207925405,0.5170349,0.0,-0.0
2023-05-01,0.021206996165195773,0.5180253,0.0,0.0
2023-05-02,0.012351095602062214,0.5166912,0.0,0.0
2023-05-03,-0.006497982228264741,0.5167452,0.0,-0.0
2023-05-04,0.02288090465334252,0.5172442,0.0,0.0
2023-05-05,-0.02253281543081646,0.5183269,0.0,-0.0
2023-05-06,-0.01459915625864984,0.51960504,0.0,-0.0
2023-05-07,-0.027143379896367045,0.5197058,0.0,-0.0
2023-05-08,-0.0014655392981985705,0.518757,0.0,-0.0
2023-05-09,-0.0010690420309266652,0.51537275,0.0,-0.0
2023-05-10,-0.0230965139643067,0.5130495,0.0,-0.0
2023-05-11,-0.00645829172740886,0.5107131,0.0,-0.0
2023-05-12,-0.0007366023552270455,0.5091672,0.0,-0.0
2023-05-13,0.005302016968638717,0.50676656,0.0,0.0
2023-05-14,0.0090430011641092,0.50539446,0.0,0.0
2023-05-15,-0.004734677357132959,0.50457704,0.0,-0.0
2023-05-16,0.013658322391184448,0.5037101,0.0,0.0
2023-05-17,-0.021552134669642054,0.50304985,0.0,-0.0
2023-05-18,0.002196585934586688,0.50322336,0.0,0.0
2023-05-19,0.008231203535191795,0.50247073,0.0,0.0
2023-05-20,-0.013171912518513606,0.5023588,0.0,-0.0
2023-05-21,0.0037871532594394926,0.50309205,0.0,0.0
2023-05-22,0.01369903691712277,0.5030925,0.0,0.0
2023-05-23,-0.03326629631528951,0.50345796,0.0,-0.0
2023-05-24,0.005483813844004058,0.5043827,0.0,0.0
2023-05-25,0.008730076726596555,0.5029024,0.0,0.0
2023-05-26,0.005539576292267746,0.50247025,0.0,0.0
2023-05-27,0.04409840842612671,0.50260407,0.0,0.0
2023-05-28,-0.011777618425209708,0.5035374,0.0,-0.0
2023-05-29,-0.0015154032789555,0.5068548,0.0,-0.0
2023-05-30,-0.017632811059524262,0.5086895,0.0,-0.0
2023-05-31,-0.014526721963616974,0.510401,0.0,-0.0
2023-06-01,0.015710863858149307,0.5099505,0.0,0.0
2023-06-02,-0.0063842684993772065,0.50903213,0.0,-0.0
2023-06-03,0.0016975360281114345,0.5092678,0.0,0.0
2023-06-04,-0.05250715845555731,0.5105082,0.0,-0.0
2023-06-05,0.05673457801927024,0.51155984,0.0,0.0
2023-06-06,-0.03325860556385626,0.5077368,0.0,-0.0
2023-06-07,0.00602863973269374,0.50833166,0.0,0.0
2023-06-08,-0.0007852550651334101,0.5063692,0.0,-0.0
2023-06-09,-0.024336519277700846,0.5067624,0.0,-0.0
2023-06-10,0.003258464490493794,0.5061017,0.0,0.0
2023-06-11,-0.0007856342026842933,0.50433403,0.0,-0.0
2023-06-12,0.0011211542039807445,0.5041355,0.0,0.0
2023-06-13,-0.03155784923802867,0.5034342,0.0,-0.0
2023-06-14,0.018526725673652867,0.50276816,0.0,0.0
2023-06-15,0.028745138290379006,0.5004499,0.0,0.0
2023-06-16,0.006507155969033793,0.50106454,0.0,0.0
2023-06-17,-0.006698102267960423,0.5018364,0.0,-0.0
2023-06-18,0.0189678131440085,0.5043116,0.0,0.0
2023-06-19,0.05308872645011515,0.5054132,0.0,0.0
2023-06-20,0.057849597296170514,0.50702584,0.0,0.0
2023-06-21,-0.0036396889082070654,0.510756,0.0,-0.0
2023-06-22,0.026533986237444202,0.5151092,0.0,0.0
2023-06-23,-0.005262367873937984,0.52005213,0.04010426998138428,-0.0002110434219577721
2023-06-24,-0.002123952410926466,0.52471024,0.04942047595977783,-0.0001049667390639036
2023-06-25,-0.00641095284669021,0.52968687,0.05937373638153076,-0.0003806422242738087
2023-06-26,0.013925651745678577,0.53382236,0.06764471530914307,0.0009419967478306985
2023-06-27,-0.020241978544881276,0.535848,0.07169604301452637,-0.0014512697644529279
2023-06-28,0.012223257058951633,0.5381706,0.07634115219116211,0.0009331375274091232
2023-06-29,0.0008105804662547625,0.538757,0.07751405239105225,6.283137672843523e-05
2023-06-30,0.0037308892745919983,0.54018974,0.08037948608398438,0.00029988696252795406
2023-07-01,0.001017271646457164,0.53946626,0.07893252372741699,8.029581837120865e-05
2023-07-02,0.01745687224902878,0.5408739,0.08174777030944824,0.0014270603829349858
2023-07-03,-0.012586501609656327,0.5414562,0.08291244506835938,-0.001043577623313447
2023-07-04,-0.008542384639438915,0.5420114,0.08402276039123535,-0.0007177547377293453
2023-07-05,-0.02017875019166179,0.5412947,0.08258938789367676,-0.0016665506267887597
2023-07-06,0.014916247025860701,0.53982973,0.07965946197509766,0.001188220212767714
2023-07-07,-0.0019815498424806542,0.5359134,0.07182681560516357,-0.00014232841514829887
2023-07-08,-0.004100239112277894,0.53449976,0.0689995288848877,-0.0002829145670625648
2023-07-09,0.008283044133908972,0.5341523,0.06830465793609619,0.0005657704962362405
2023-07-10,0.006898842392956891,0.5333066,0.06661319732666016,0.0004595539496475657
2023-07-11,-0.007937473335964864,0.53264046,0.06528091430664062,-0.0005181655166563672
2023-07-12,0.034748976139702924,0.5322513,0.06450259685516357,0.002241399199068956
2023-07-13,-0.03698946968873567,0.5308126,0.06162524223327637,-0.0022794850296487695
2023-07-14,-0.0007422255191403193,0.5306843,0.061368584632873535,-4.554932958804118e-05
2023-07-15,-0.0019011428276580337,0.52770793,0.05541586875915527,-0.00010535348142990695
2023-07-16,-0.0031138012758330853,0.52690744,0.05381488800048828,-0.000167568866914735
2023-07-17,-0.00929617827722886,0.5263742,0.05274844169616699,-0.0004903589178535807
2023-07-18,0.0016758040032582482,0.52503526,0.05007052421569824,8.390838492590617e-05
2023-07-19,-0.00365806621063334,0.5230315,0.04606294631958008,-0.00016850130749387324
2023-07-20,0.0034076103143899864,0.5216768,0.04335355758666992,0.00014773202999783668
2023-07-21,-0.0036089728683473903,0.5198062,0.0,-0.0
2023-07-22,0.009678127907075769,0.51870245,0.0,0.0
2023-07-23,-0.030621568131757492,0.51786304,0.0,-0.0
2023-07-24,0.0017946972401168204,0.51733327,0.0,0.0
2023-07-25,0.004201036310069169,0.51425207,0.0,0.0
2023-07-26,-0.004410782171051959,0.51214015,0.0,-0.0
2023-07-27,0.0031214513568593983,0.510267,0.0,0.0
2023-07-28,0.0013213554199944793,0.5090486,0.0,0.0
2023-07-29,-0.002449433712539638,0.508436,0.0,-0.0
2023-07-30,-0.0016693633056041337,0.50833225,0.0,-0.0
2023-07-31,0.016076157104390566,0.50795656,0.0,0.0
2023-08-01,-0.017659224099430867,0.5068621,0.0,-0.0
2023-08-02,0.0002613924558795061,0.50713336,0.0,0.0
2023-08-03,-0.002732062666357572,0.50495464,0.0,-0.0
2023-08-04,-0.0014388313646510047,0.5051367,0.0,-0.0
2023-08-05,0.0005601735343276643,0.50468004,0.0,0.0
2023-08-06,0.004207247848642796,0.50478196,0.0,0.0
2023-08-07,0.01896787840738051,0.5047971,0.0,0.0
2023-08-08,-0.006349552885029144,0.504616,0.0,-0.0
2023-08-09,-0.004276592986209428,0.50630665,0.0,-0.0
2023-08-10,-0.0010094804377126705,0.5072497,0.0,-0.0
2023-08-11,0.0001406818655240356,0.50830835,0.0,0.0
2023-08-12,-0.004301773191170979,0.50847465,0.0,-0.0
2023-08-13,0.0043275966976988696,0.5098201,0.0,0.0
2023-08-14,-0.0078774528796102,0.50991166,0.0,-0.0
2023-08-15,-0.016209084961303622,0.5099213,0.0,-0.0
2023-08-16,-0.07616872037641167,0.50893617,0.0,-0.0
2023-08-17,-0.021619596661148415,0.5061054,0.0,-0.0
2023-08-18,0.0017643901949644589,0.4975555,0.0,0.0
2023-08-19,0.003441579224086804,0.49086252,0.0,0.0
2023-08-20,-0.0024110762869472635,0.48698956,0.0,-0.0
2023-08-21,-0.0027181324335439115,0.48465762,0.0,-0.0
2023-08-22,0.01435456870308414,0.48205978,0.0,0.0
2023-08-23,-0.009604966342235453,0.4792667,-0.041466593742370605,0.0003982852372226209
2023-08-24,-0.004595714908301547,0.47824806,-0.04350388050079346,0.00019993143218646544
2023-08-25,-0.0016375635459644805,0.47709596,-0.04580807685852051,7.50136367742523e-05
2023-08-26,0.00323873624067934,0.47623438,-0.04753124713897705,-0.00015394117267369118
2023-08-27,0.000698176287035663,0.4761378,-0.04772442579269409,-3.332006240085219e-05
2023-08-28,0.059320826564098275,0.4777423,-0.044515371322631836,-0.002640688621666277
2023-08-29,-0.0151357950818478,0.4788961,-0.04220777750015259,0.0006388482711025357
2023-08-30,-0.05107008806335594,0.48402244,0.0,-0.0
2023-08-31,-0.005246038619321044,0.48817265,0.0,-0.0
2023-09-01,0.0024948459526167835,0.4889171,0.0,0.0
2023-09-02,0.003923561650647033,0.48948285,0.0,0.0
2023-09-03,-0.005606105973525642,0.4906308,0.0,-0.0
2023-09-04,-0.0013142673496244822,0.49230507,0.0,-0.0
2023-09-05,-0.0012472832474370724,0.4933121,0.0,-0.0
2023-09-06,0.019035486849342184,0.4941738,0.0,0.0
2023-09-07,-0.01320815513349337,0.49464872,0.0,-0.0
2023-09-08,-0.0003431630206622342,0.4971693,0.0,-0.0
2023-09-09,-0.0023191454606873935,0.49669483,0.0,-0.0
2023-09-10,-0.02663039767580389,0.4969396,0.0,-0.0
2023-09-11,0.02657196307677719,0.49724784,0.0,0.0
2023-09-12,0.014671204201257093,0.49546507,0.0,0.0
2023-09-13,0.011403348118842957,0.49589494,0.0,0.0
2023-09-14,0.0029091145916004006,0.49790496,0.0,0.0
2023-09-15,-0.0015173159554027868,0.5006386,0.0,-0.0
2023-09-16,-0.0012115920994153866,0.50333977,0.0,-0.0
2023-09-17,0.008819719840065637,0.506057,0.0,0.0
2023-09-18,0.01659208048714994,0.50767744,0.0,0.0
2023-09-19,-0.003138296199427117,0.5089778,0.0,-0.0
2023-09-20,-0.020745316649489014,0.51165605,0.0,-0.0
2023-09-21,0.0004538251782273123,0.51393807,0.0,0.0
2023-09-22,-0.0001572726369548166,0.5146996,0.0,-0.0
2023-09-23,-0.01240277490489352,0.51541257,0.0,-0.0
2023-09-24,0.002147539347757194,0.515908,0.0,0.0
2023-09-25,-0.0031656440496646743,0.51471233,0.0,-0.0
2023-09-26,0.005754212215801185,0.51336,0.0,0.0
2023-09-27,0.024288394222757907,0.51214004,0.0,0.0
2023-09-28,-0.0042437853832940535,0.51136625,0.0,-0.0
2023-09-29,0.002064247824862265,0.51280177,0.0,0.0
2023-09-30,0.03748988079317705,0.5135499,0.0,0.0
2023-10-01,-0.017952769440012815,0.51501584,0.0,-0.0
2023-10-02,-0.0024781075361443865,0.5190758,0.0,-0.0
2023-10-03,0.012756619276586195,0.5188006,0.0,0.0
2023-10-04,-0.013342721522066095,0.51977056,0.0,-0.0
2023-10-05,0.018818266735082634,0.52161896,0.043237924575805664,0.0008136627977388956
2023-10-06,0.0009154062279922295,0.52202815,0.04405629634857178,4.032940805975392e-05
2023-10-07,-0.0014181982742726472,0.5238498,0.047699570655822754,-6.764744878763403e-05
2023-10-08,-0.011779875664382407,0.52635133,0.05270266532897949,-0.0006208308447569359
2023-10-09,-0.007275373195296091,0.52761954,0.055239081382751465,-0.0004018849320248493
2023-10-10,-0.01896652932854734,0.52670866,0.053417325019836426,-0.0010131412616412733
2023-10-11,-0.004321426540286491,0.52540874,0.05081748962402344,-0.00021960404837198825
2023-10-12,0.0038182399293200187,0.52103734,0.04207468032836914,0.00016065122444315456
2023-10-13,-0.0003544668067039467,0.51873493,0.0,-0.0
2023-10-14,0.011171707530674917,0.5167918,0.0,0.0
2023-10-15,0.04840156611029453,0.51557744,0.0,0.0
2023-10-16,-0.0036863346095197267,0.51597273,0.0,-0.0
2023-10-17,-0.0026768518861103275,0.51698077,0.0,-0.0
2023-10-18,0.01380644022600064,0.5187944,0.0,0.0
2023-10-19,0.03272936881268124,0.52022934,0.04045867919921875,0.0013241870331851852
2023-10-20,0.008082108028452294,0.52225375,0.044507503509521484,0.00035971445144067224
2023-10-21,0.002759830846653565,0.5250794,0.05015885829925537,0.00013842996436721014
2023-10-22,0.09768020786547688,0.5299883,0.05997657775878906,0.005858524582538453
2023-10-23,0.02545906657086265,0.53453505,0.06907010078430176,0.0017584602939237312
2023-10-24,0.016759533553249224,0.53900814,0.07801628112792969,0.0013075164812632618
2023-10-25,-0.01003363081588025,0.5429213,0.08584260940551758,-0.000861313051046773
2023-10-26,-0.00763160546721126,0.548372,0.09674394130706787,-0.0007383115913985844
2023-10-27,0.005560455807826632,0.55034685,0.1006937026977539,0.0005599028839772939
2023-10-28,0.012969433130901344,0.55149424,0.10298848152160645,0.0013357022243475436
2023-10-29,-0.0014828854979810758,0.5528506,0.10570120811462402,-0.00015674278863225558
2023-10-30,0.004775852062776867,0.5542265,0.10845303535461426,0.000517955652612747
2023-10-31,0.022314560261213128,0.555002,0.11000394821166992,0.0024546897313406767
2023-11-01,-0.013639193957310053,0.55550754,0.11101508140563965,-0.001514156227478084
2023-11-02,-0.0064546666973641625,0.5558537,0.11170744895935059,-0.0007210343506454271
2023-11-03,0.00989677583723088,0.55545986,0.11091971397399902,0.001097747545130434
2023-11-04,-0.0014324869251003767,0.5550474,0.11009478569030762,-0.0001577093410230937
2023-11-05,0.0009766198683485855,0.55451965,0.109039306640625,0.00010648995329618823
2023-11-06,0.010022908737337355,0.5540437,0.10808742046356201,0.001083350350960492
2023-11-07,0.0063528178351219345,0.55391395,0.10782790184020996,0.0006850110179342631
2023-11-08,0.029766675983155067,0.55361646,0.10723292827606201,0.003191967830718445
2023-11-09,0.01623057053490802,0.55351126,0.10702252388000488,0.0017370366226582973
2023-11-10,-0.004611757237879132,0.5533009,0.10660183429718018,-0.0004916217808912126
2023-11-11,-0.0017756126342137468,0.5538268,0.10765361785888672,-0.0001911511239890579
2023-11-12,-0.016353527492521336,0.5542582,0.10851645469665527,-0.0017746268252726981
2023-11-13,-0.0253224983929354,0.55475247,0.10950493812561035,-0.0027729386197042584
2023-11-14,0.06287397140001015,0.5538949,0.10778975486755371,0.006777169964756677
2023-11-15,-0.04579700167213188,0.5513824,0.10276484489440918,-0.00470632177346563
2023-11-16,0.012377896572665345,0.5508107,0.10162138938903809,0.001257859047428065
2023-11-17,-0.001252220312786142,0.54790515,0.09581029415130615,-0.00011997559651028087
2023-11-18,0.021420590373204398,0.5464969,0.0929938554763794,0.0019919832853844935
2023-11-19,0.0023772666332884944,0.5450549,0.09010982513427734,0.00021421508062317846
2023-11-20,-0.046657457238005864,0.54470813,0.0894162654876709,-0.004171935583373185
2023-11-21,0.045576998787717926,0.54296845,0.08593690395355225,0.0039167461673112825
2023-11-22,-0.003053710529443689,0.537748,0.07549595832824707,-0.00023054280287741004
2023-11-23,0.011180012954367782,0.5353278,0.07065558433532715,0.0007899303481673828
2023-11-24,0.0017776195288349984,0.53406006,0.06812012195587158,0.00012109165909537907
2023-11-25,-0.008859513391713852,0.53434217,0.06868433952331543,-0.000608509825807834
2023-11-26,-0.005482130309367848,0.5341673,0.06833457946777344,-0.0003746190692781866
2023-11-27,0.01535223194675372,0.5342724,0.06854474544525146,0.001052314830806691
2023-11-28,0.0009453771250752638,0.53302264,0.06604528427124023,6.243770096912363e-05
2023-11-29,-0.0034581251896556686,0.5326849,0.06536984443664551,-0.0002260571056902363
2023-11-30,0.025092382063089787,0.5321496,0.06429922580718994,0.001613420740314893
2023-12-01,0.019655100831166433,0.5317853,0.06357061862945557,0.0012494869190615764
2023-12-02,0.013142794289187723,0.53319645,0.06639289855957031,0.0008725882080313405
2023-12-03,0.049271977534901416,0.53519046,0.07038092613220215,0.0034678074112714204
2023-12-04,0.04839691964470645,0.53764987,0.07529973983764648,0.003644275458189878
2023-12-05,-0.007072982823143485,0.5395168,0.07903361320495605,-0.0005590033886496203
2023-12-06,-0.011249508685349425,0.54267335,0.08534669876098633,-0.0009601084289776167
2023-12-07,0.020536119557329653,0.5455792,0.09115839004516602,0.0018720395966212186
2023-12-08,-0.010408972260493799,0.5469742,0.0939483642578125,-0.0009779059174783375
2023-12-09,0.0017350244818206502,0.5482167,0.09643340110778809,0.00016731431178724295
2023-12-10,-0.05966075735492428,0.54908955,0.09817910194396973,-0.005857439578403552
2023-12-11,0.005776503301278852,0.55008996,0.10017991065979004,0.0005786895846480977
2023-12-12,0.032639616880829996,0.5465507,0.0931013822555542,0.003038793447896993
2023-12-13,0.0035680023564587876,0.5445373,0.08907461166381836,0.0003178184243171553
2023-12-14,-0.025470477640977214,0.5433364,0.08667278289794922,-0.002207597178883488
2023-12-15,0.008020387258140575,0.54288876,0.08577752113342285,0.0006879689375333886
2023-12-16,-0.021599191335207872,0.5403619,0.08072376251220703,-0.0017435679917990402
2023-12-17,0.030541766708551847,0.53852725,0.07705450057983398,0.0023533805805532626
2023-12-18,-0.008990828549252048,0.53541696,0.07083392143249512,-0.0006368556430707536
2023-12-19,0.03241755264462973,0.5336914,0.0673828125,0.002184385871561964
2023-12-20,0.004406916568444891,0.5315373,0.06307458877563477,0.000277964450323193
2023-12-21,0.0024419680670525194,0.53095984,0.0619196891784668,0.00015120590369563337
2023-12-22,-0.006088221088727501,0.53253543,0.06507086753845215,-0.0003961658280093981
2023-12-23,-0.016395107062850675,0.5338229,0.06764578819274902,-0.0011090599397710404
2023-12-24,0.013507101635684676,0.53428936,0.06857872009277344,0.0009262997423382616
2023-12-25,-0.02479535186467053,0.5329217,0.06584334373474121,-0.0016326088758493581
2023-12-26,0.02140979529821103,0.53284824,0.06569647789001465,0.0014065481434386606
2023-12-27,-0.02012077980823538,0.5303664,0.06073284149169922,-0.0012219921307829414
2023-12-28,-0.011740790238734814,0.5305364,0.06107282638549805,-0.0007170432438788015
2023-12-29,0.0017416561151908701,0.5286652,0.05733036994934082,9.984978940842433e-05
2023-12-30,0.0033947781497301243,0.5268456,0.05369114875793457,0.00018226953863734597
2023-12-31,0.04386318131378095,0.52516735,0.05033469200134277,0.0022078397216282178
2024-01-01,0.01722000317113513,0.52395916,0.04791831970214844,0.0008251536172264631
2024-01-02,-0.04788769521256018,0.5251689,0.050337791442871094,-0.002410560814289631
2024-01-03,0.03002352150755492,0.52565503,0.051310062408447266,0.0015405087622740016
2024-01-04,-0.0001356796630157846,0.52296615,0.04593229293823242,-6.2320780274016775e-06
2024-01-05,-0.004012787545087865,0.522777,0.04555404186248779,-0.00018279869181420222
2024-01-06,-0.000894225072540774,0.52294564,0.04589128494262695,-4.103713760680991e-05
2024-01-07,0.06653020711240704,0.5238142,0.04762840270996094,0.00316872749672683
2024-01-08,-0.018075510415030107,0.5244024,0.04880475997924805,-0.0008821709473079426
2024-01-09,0.01172860796383382,0.52679515,0.05359029769897461,0.0006285395923764189
2024-01-10,-0.006771062230729273,0.52764237,0.055284738540649414,-0.00037433640506833425
2024-01-11,-0.0798528754667809,0.52877545,0.057550907135009766,-0.004595605420452207
2024-01-12,0.0015242196406752171,0.5280007,0.05600142478942871,8.535847156984322e-05
2024-01-13,-0.02638212870563945,0.5235722,0.047144412994384766,-0.0012437699713696798
2024-01-14,0.01848861088034885,0.5224377,0.044875383377075195,0.0008296835013652183
2024-01-15,0.014637901828299413,0.5195545,0.0,0.0
2024-01-16,-0.008423584725432613,0.5187113,0.0,-0.0
2024-01-17,-0.03445139745815894,0.5178882,0.0,-0.0
2024-01-18,0.007990013891329613,0.51746094,0.0,0.0
2024-01-19,0.0008880084302503328,0.5146953,0.0,0.0
2024-01-20,-0.002778941360300473,0.51282424,0.0,-0.0
2024-01-21,-0.049606002668420156,0.5115216,0.0,-0.0
2024-01-22,0.008294955472882228,0.51059735,0.0,0.0
2024-01-23,0.004683034141144241,0.5076828,0.0,0.0
2024-01-24,-0.003092975166303934,0.5053362,0.0,-0.0
2024-01-25,0.04555239092628425,0.5042788,0.0,0.0
2024-01-26,0.00707902280697713,0.50342464,0.0,0.0
2024-01-27,-0.002128775638974226,0.50453496,0.0,-0.0
2024-01-28,0.029806119942710457,0.50622547,0.0,0.0
2024-01-29,-0.008385579459892248,0.5078282,0.0,-0.0
2024-01-30,-0.008444749797383772,0.51009417,0.0,-0.0
2024-01-31,0.011742435619609937,0.5112224,0.0,0.0
2024-02-01,0.0027134001651212595,0.5118102,0.0,0.0
2024-02-02,-0.004382505832045197,0.51388013,0.0,-0.0
2024-02-03,-0.010005694851545816,0.5159597,0.0,-0.0
2024-02-04,0.002950351987088814,0.5180919,0.0,0.0
2024-02-05,0.009095988310426472,0.5189887,0.0,0.0
2024-02-06,0.028605054685199374,0.5189746,0.0,0.0
2024-02-07,0.02095275967005496,0.51959074,0.0,0.0
2024-02-08,0.03991206359421791,0.52181816,0.043636322021484375,0.0017416156595392556
2024-02-09,0.013033381077871586,0.52398527,0.04797053337097168,0.0006252182419326297
2024-02-10,0.01142945972783506,0.52706236,0.05412471294403076,0.0006186162268744327
2024-02-11,0.03293568144658824,0.53161174,0.06322348117828369,0.002082308436032319
2024-02-12,-0.004370351494182536,0.5355433,0.07108664512634277,-0.0003106736257443358
2024-02-13,0.041300218103198914,0.5387775,0.07755494117736816,0.0032030359856060676
2024-02-14,0.0016364577734705157,0.54126936,0.08253872394561768,0.00013507113641314305
2024-02-15,0.004694246184426713,0.54527843,0.09055685997009277,0.0004250961943882721
2024-02-16,-0.009279917800631372,0.54816115,0.09632229804992676,-0.0008938630082712359
2024-02-17,0.009540032294676114,0.55037713,0.1007542610168457,0.0009611989039269346
2024-02-18,-0.00698552773070659,0.55150664,0.10301327705383301,-0.0007196021034905114
2024-02-19,0.009306488030900633,0.5527104,0.10542082786560059,0.0009810976727388477
2024-02-20,-0.007865510526459354,0.55304694,0.1060938835144043,-0.0008344825575754995
2024-02-21,-0.01087817419895304,0.55290544,0.10581088066101074,-0.0011510291919751064
2024-02-22,-0.010668655359765033,0.5523287,0.10465741157531738,-0.0011165538549421448
2024-02-23,0.016109250933854777,0.5514419,0.10288381576538086,0.0016573812051970044
2024-02-24,0.0031100616788884284,0.5502765,0.10055303573608398,0.0003127261431386935
2024-02-25,0.051753212367562834,0.54972184,0.09944367408752441,0.005146529583662357
2024-02-26,0.045937275755513214,0.5492599,0.09851980209350586,0.004525731316147967
2024-02-27,0.09037342510456357,0.54947484,0.09894967079162598,0.008942420662408232
2024-02-28,-0.021060790861507746,0.5500616,0.10012316703796387,-0.002108673081378363
2024-02-29,0.02035257099534111,0.5507554,0.10151076316833496,0.0020660050141747947
2024-03-01,-0.006442143609634661,0.55115414,0.10230827331542969,-0.0006590845891517517
2024-03-02,0.018012936948412033,0.5523044,0.10460877418518066,0.0018843112536483316
2024-03-03,0.07817243529189463,0.5529554,0.1059107780456543,0.008279303443488125
2024-03-04,-0.06855316030923639,0.5540042,0.10800838470458984,-0.0074043161113954235
2024-03-05,0.03621451680304252,0.55505466,0.11010932922363281,0.003987556153340991
2024-03-06,0.011273945248864211,0.55331373,0.1066274642944336,0.0012021121944806679
2024-03-07,0.019282486315176334,0.55320907,0.10641813278198242,0.002052006189055194
2024-03-08,0.0027716745979517753,0.55297804,0.1059560775756836,0.00029367576871512993
2024-03-09,0.009362842188647231,0.55302763,0.10605525970458984,0.0009929786598900725
2024-03-10,0.044283373561153284,0.553439,0.10687804222106934,0.004732920269160327
2024-03-11,-0.008724217811494954,0.5537373,0.10747456550598145,-0.0009376315186699645
2024-03-12,0.022424831790492365,0.5536597,0.10731935501098633,0.0024066184839855024
2024-03-13,-0.02330791194500903,0.55343807,0.10687613487243652,-0.0024910595406296594
2024-03-14,-0.02681836109117046,0.5536349,0.1072697639465332,-0.0028767992636827455
2024-03-15,-0.062322910279710986,0.5525156,0.10503125190734863,-0.006545853289187412
2024-03-16,0.046275814432356635,0.55165946,0.10331892967224121,0.00478116761686234
2024-03-17,-0.01152174525222046,0.5493589,0.09871780872344971,-0.0011374014439690142
2024-03-18,-0.08763155563733493,0.54829156,0.09658312797546387,-0.008463729752809701
2024-03-19,0.09103531158594273,0.5469518,0.0939035415649414,0.008548538165387965
2024-03-20,-0.03508997737785613,0.5428952,0.08579039573669434,-0.0030103830456379294
2024-03-21,-0.026369007379098856,0.54120976,0.0824195146560669,-0.0021733207901475744
2024-03-22,0.003026453038660462,0.5389869,0.07797384262084961,0.00023598417293590294
2024-03-23,0.04909491976870599,0.5373414,0.07468283176422119,0.0036665476335642063
2024-03-24,0.038957731173826136,0.53457,0.06913995742797852,0.0026935358748489706
2024-03-25,0.0015441704140665396,0.5337331,0.06746625900268555,0.00010417940109969734
2024-03-26,-0.007428938024621631,0.53408253,0.06816506385803223,-0.0005063940348456973
2024-03-27,0.01869009109453202,0.5353573,0.07071459293365479,0.0013216621836427583
2024-03-28,-0.01322713532737063,0.5349218,0.06984364986419678,-0.0009238314085112221
2024-03-29,-0.0038493164497219014,0.53545976,0.07091951370239258,-0.00027299165070089756
2024-03-30,0.024107423379159526,0.5364537,0.0729074478149414,0.0017576107119687716
2024-03-31,-0.02313609473301786,0.53658664,0.07317328453063965,-0.0016929440428269493
2024-04-01,-0.06197960825197718,0.5376936,0.07538723945617676,-0.004672471568691832
2024-04-02,0.007598003093028574,0.5369289,0.07385778427124023,0.0005611716733371205
2024-04-03,0.03755725764251874,0.5335063,0.06701254844665527,0.002516807547292801
2024-04-04,-0.009789202703133824,0.53104377,0.0620875358581543,-0.0006077874738535622
2024-04-05,0.015731842680183246,0.5300689,0.06013774871826172,0.000946077601976085
2024-04-06,0.006717834111896003,0.52909935,0.05819869041442871,0.0003909691477337241
2024-04-07,0.03205840927643814,0.5293268,0.05865359306335449,0.0018803408919586713
2024-04-08,-0.03515415339654028,0.52895325,0.057906508445739746,-0.0020356542805595903
2024-04-09,0.02125006308303191,0.52961475,0.059229493141174316,0.00125863046562596
2024-04-10,-0.00888603616768445,0.52823657,0.05647313594818115,-0.0005018223285380986
2024-04-11,-0.04215402471169341,0.5277636,0.0555272102355957,-0.0023406953924426967
2024-04-12,-0.04872735746222276,0.5270329,0.054065823554992676,-0.0026344847108535916
2024-04-13,0.026815078915186055,0.5252899,0.05057978630065918,0.0013563009611654224
2024-04-14,-0.03473882339914055,0.5213709,0.04274177551269531,-0.0014847989913012324
2024-04-15,0.005870468536476564,0.5192209,0.0,0.0
2024-04-16,-0.040238973210926274,0.51681614,0.0,-0.0
2024-04-17,0.035158006998813135,0.5151198,0.0,0.0
2024-04-18,0.005466825160537417,0.51210666,0.0,0.0
2024-04-19,0.01743741302682119,0.5109728,0.0,0.0
2024-04-20,8.623229100669178e-06,0.509511,0.0,0.0
2024-04-21,0.028510785110948657,0.5100204,0.0,0.0
2024-04-22,-0.006084382651452649,0.51010555,0.0,-0.0
2024-04-23,-0.03251015685090299,0.5113805,0.0,-0.0
2024-04-24,0.0032417662557915235,0.5126792,0.0,0.0
2024-04-25,-0.011356469895713836,0.51203483,0.0,-0.0
2024-04-26,-0.004842030716018614,0.51186025,0.0,-0.0
2024-04-27,-0.005425173243951366,0.51112854,0.0,-0.0
2024-04-28,0.01177132522006203,0.5112926,0.0,0.0
2024-04-29,-0.051304831768252054,0.51067734,0.0,-0.0
2024-04-30,-0.03876642553474422,0.5108576,0.0,-0.0
2024-05-01,0.011848323644138173,0.50775546,0.0,0.0
2024-05-02,0.06269590851696512,0.5036695,0.0,0.0
2024-05-03,0.01593467072506892,0.5010702,0.0,0.0
2024-05-04,0.0018757817997593531,0.5020363,0.0,0.0
2024-05-05,-0.013317207511333138,0.50430334,0.0,-0.0
2024-05-06,-0.013598050793730939,0.50630856,0.0,-0.0
2024-05-07,-0.018122013335120257,0.50669885,0.0,-0.0
2024-05-08,0.030275504659909153,0.50668037,0.0,0.0
2024-05-09,-0.03671917430504504,0.5059955,0.0,-0.0
2024-05-10,0.0004275402409262431,0.5066407,0.0,0.0
2024-05-11,0.01075965097938284,0.5063547,0.0,0.0
2024-05-12,0.023406346968515828,0.50762355,0.0,0.0
2024-05-13,-0.021886781008613777,0.5086558,0.0,-0.0
2024-05-14,0.07248226375544757,0.5095279,0.0,0.0
2024-05-15,-0.014779291590717515,0.5089928,0.0,-0.0
2024-05-16,0.027051410361314365,0.5109713,0.0,0.0
2024-05-17,-0.0016246180943355483,0.5122353,0.0,-0.0
2024-05-18,-0.00962833180615985,0.5154412,0.0,-0.0
2024-05-19,0.07515278314448008,0.5180241,0.0,0.0
2024-05-20,-0.018338454758227797,0.519482,0.0,-0.0
2024-05-21,-0.014093766386815483,0.522884,0.045768022537231445,-0.000645043817626246
2024-05-22,-0.017457094288918538,0.5245667,0.04913341999053955,-0.000857726745511884
2024-05-23,0.008501978114690344,0.5267706,0.05354118347167969,0.0004552059701108411
2024-05-24,0.01074556177134258,0.52642417,0.05284833908081055,0.0005678850921057079
2024-05-25,-0.011363112097898122,0.52786756,0.055735111236572266,-0.0006333243167699919
2024-05-26,0.013465947937329524,0.529282,0.058563947677612305,0.0007886190704312176
2024-05-27,-0.0150623714003808,0.5303184,0.06063675880432129,-0.0009133333816259976
2024-05-28,-0.010966160005080427,0.53072274,0.06144547462463379,-0.0006738209063218433
2024-05-29,0.010290184685345129,0.52977157,0.05954313278198242,0.000612709833070627
2024-05-30,-0.011953148002230988,0.5290749,0.05814981460571289,-0.0006950733402843794
2024-05-31,0.003352974306247208,0.5280058,0.05601155757904053,0.00018780531341540895
2024-06-01,-1.800306465331948e-05,0.5267733,0.05354654788970947,-9.640019636205074e-07
2024-06-02,0.015292495676779325,0.5264821,0.052964210510253906,0.0008099549602520879
2024-06-03,0.02480167347858517,0.5262029,0.05240583419799805,0.00129975238815162
2024-06-04,0.008050544645661345,0.52607965,0.05215930938720703,0.0004199108489085731
2024-06-05,-0.004354124285061161,0.5269544,0.0539088249206543,-0.0002347257237661312
2024-06-06,-0.020598830454873523,0.5282521,0.056504249572753906,-0.0011639214569290175
2024-06-07,-0.00065106056369522,0.5290432,0.058086395263671875,-3.7817761243389567e-05
2024-06-08,0.004860162159083764,0.5277034,0.055406808853149414,0.00026928607574366404
2024-06-09,-0.0015538683361776106,0.5277549,0.05550980567932129,-8.625492939246946e-05
2024-06-10,-0.032530322415029955,0.5279887,0.05597734451293945,-0.0018209610649431284
2024-06-11,0.014010590579490376,0.5281143,0.0562286376953125,0.0007877964215915228
2024-06-12,-0.02208343776467173,0.5243361,0.04867219924926758,-0.0010748494829909026
2024-06-13,-0.010977921824138023,0.52270114,0.04540228843688965,-0.0004984227730971403
2024-06-14,0.0027860739213107213,0.5199325,0.0,0.0
2024-06-15,0.006751007092293841,0.51687855,0.0,0.0
2024-06-16,-0.002591057844952401,0.514711,0.0,-0.0
2024-06-17,-0.020186188658431685,0.51345736,0.0,-0.0
2024-06-18,-0.0030879852219766885,0.5118866,0.0,-0.0
2024-06-19,-0.001607771373120505,0.5083244,0.0,-0.0
2024-06-20,-0.011261416759841722,0.505968,0.0,-0.0
2024-06-21,0.001844936066219504,0.5035076,0.0,0.0
2024-06-22,-0.016505957689856198,0.5016805,0.0,-0.0
2024-06-23,-0.04724168823827901,0.5006012,0.0,-0.0
2024-06-24,0.024779622477455705,0.4989539,0.0,0.0
2024-06-25,-0.015342476362678105,0.49382573,0.0,-0.0
2024-06-26,0.013730655086801458,0.49237698,0.0,0.0
2024-06-27,-0.020938861751513153,0.49045914,0.0,-0.0
2024-06-28,0.009205553774616642,0.4905872,0.0,0.0
2024-06-29,0.028853793809744524,0.48950323,0.0,0.0
2024-06-30,0.0020367312407112426,0.48984727,0.0,0.0
2024-07-01,-0.012229003319739846,0.4916119,0.0,-0.0
2024-07-02,-0.0315021343281225,0.4931819,0.0,-0.0
2024-07-03,-0.05388661548310068,0.49379274,0.0,-0.0
2024-07-04,-0.007410738462197537,0.49240577,0.0,-0.0
2024-07-05,0.027885405242016163,0.48975655,0.0,0.0
2024-07-06,-0.04159356377998373,0.4857658,0.0,-0.0
2024-07-07,0.015222671228313616,0.4869868,0.0,0.0
2024-07-08,0.023272682322844962,0.4865148,0.0,0.0
2024-07-09,-0.0055996280225802065,0.48651776,0.0,-0.0
2024-07-10,-0.006708538049520128,0.48775104,0.0,-0.0
2024-07-11,0.009532569171711086,0.48849306,0.0,0.0
2024-07-12,0.022460333746386348,0.4884201,0.0,0.0
2024-07-13,0.02656596839138983,0.488918,0.0,0.0
2024-07-14,0.06257882518464983,0.49152023,0.0,0.0
2024-07-15,0.004929571655444641,0.49569875,0.0,0.0
2024-07-16,-0.014806827344029673,0.5016974,0.0,-0.0
2024-07-17,-0.0015626673332034774,0.50576675,0.0,-0.0
2024-07-18,0.040910757335444886,0.5096282,0.0,0.0
2024-07-19,0.00717432290208512,0.5130106,0.0,0.0
2024-07-20,0.015156828740989328,0.51701236,0.0,0.0
2024-07-21,-0.009334516829783621,0.52187455,0.043749094009399414,-0.00040837665431852466
2024-07-22,-0.023916981434216472,0.52687,0.05374002456665039,-0.0012852991698349145
2024-07-23,-0.008529507623456261,0.53016984,0.06033968925476074,-0.0005146678394954636
2024-07-24,0.006463859817351855,0.5307814,0.06156277656555176,0.00039793315768668044
2024-07-25,0.03153462223775808,0.5308459,0.0616917610168457,0.0019454263788482797
2024-07-26,-0.00016921384598440523,0.53017485,0.06034970283508301,-1.021200532074036e-05
2024-07-27,0.005191188977428364,0.531894,0.06378805637359619,0.0003311358551381917
2024-07-28,-0.02170181316434392,0.53311735,0.06623470783233643,-0.001437413254372272
2024-07-29,-0.008974685027823451,0.5354799,0.07095980644226074,-0.0006368419124546076
2024-07-30,-0.02385142421501373,0.5339956,0.06799125671386719,-0.0016216883067943467
2024-07-31,0.011171199683345215,0.53247166,0.06494331359863281,0.0007254947243084359
2024-08-01,-0.06080893312569105,0.5291263,0.058252573013305664,-0.0035422768167655393
2024-08-02,-0.013099436128860992,0.52690536,0.053810715675354004,-0.0007048900330375987
2024-08-03,-0.04269555681819708,0.5220818,0.04416358470916748,-0.00188558884024552
2024-08-04,-0.07388270778154322,0.51837254,0.0,-0.0
2024-08-05,0.03641232998749407,0.513307,0.0,0.0
2024-08-06,-0.015975161468007117,0.50334597,0.0,-0.0
2024-08-07,0.11228735091416127,0.50019383,0.0,0.0
2024-08-08,-0.013842409307287744,0.4966912,0.0,-0.0
2024-08-09,0.001404713543484379,0.49915406,0.0,0.0
2024-08-10,-0.036964958668207114,0.50018096,0.0,-0.0
2024-08-11,0.010741321896940523,0.5026026,0.0,0.0
2024-08-12,0.020687318243458014,0.5017527,0.0,0.0
2024-08-13,-0.031926101818424826,0.5021351,0.0,-0.0
2024-08-14,-0.019657942646201854,0.50320077,0.0,-0.0
2024-08-15,0.022910978337253942,0.50400424,0.0,0.0
2024-08-16,0.010431923382209742,0.5054104,0.0,0.0
2024-08-17,-0.018057579517003593,0.50643134,0.0,-0.0
2024-08-18,0.017158062435947308,0.5088931,0.0,0.0
2024-08-19,-0.007170849698593443,0.5087656,0.0,-0.0
2024-08-20,0.03565715238614722,0.5091637,0.0,0.0
2024-08-21,-0.012839442327577983,0.5082702,0.0,-0.0
2024-08-22,0.05887576421662603,0.5100226,0.0,0.0
2024-08-23,0.0018685710918962383,0.5108121,0.0,0.0
2024-08-24,0.0009813284334161388,0.5132687,0.0,0.0
2024-08-25,-0.021818360418123024,0.5161316,0.0,-0.0
2024-08-26,-0.05594960850125526,0.51961434,0.0,-0.0
2024-08-27,-0.006417925294743356,0.5203018,0.0406036376953125,-0.00026059111342334094
2024-08-28,0.005475126375226921,0.51779425,0.0,0.0
2024-08-29,-0.003967156608714223,0.5157584,0.0,-0.0
2024-08-30,-0.00254026496747557,0.51467395,0.0,-0.0
2024-08-31,-0.028763415319443375,0.5143535,0.0,-0.0
2024-09-01,0.03144134758080365,0.51399493,0.0,0.0
2024-09-02,-0.028202897779850595,0.5122951,0.0,-0.0
2024-09-03,0.008369626775024829,0.5116626,0.0,0.0
2024-09-04,-0.03138033882672037,0.5096679,0.0,-0.0
2024-09-05,-0.040262751080288636,0.50775635,0.0,-0.0
2024-09-06,0.0036604367595428834,0.50513554,0.0,0.0
2024-09-07,0.01300733247035669,0.5016928,0.0,0.0
2024-09-08,0.03882199877924005,0.50032187,0.0,0.0
2024-09-09,0.010359360363052208,0.49973005,0.0,0.0
2024-09-10,-0.005183618786241656,0.5005802,0.0,-0.0
2024-09-11,0.013758211280425158,0.5017431,0.0,0.0
2024-09-12,0.039888515176949337,0.5025645,0.0,0.0
2024-09-13,-0.008381917831569096,0.503194,0.0,-0.0
2024-09-14,-0.014456155768720775,0.5059104,0.0,-0.0
2024-09-15,-0.01564652918074257,0.50834644,0.0,-0.0
2024-09-16,0.035438379599161005,0.5100955,0.0,0.0
2024-09-17,0.023691660342147144,0.51063335,0.0,0.0
2024-09-18,0.01905308607791393,0.51261675,0.0,0.0
2024-09-19,0.004012085061529829,0.5154234,0.0,0.0
2024-09-20,0.0023375749611005414,0.51861316,0.0,0.0
2024-09-21,0.0036209624041565595,0.521504,0.04300796985626221,0.00015573024192862405
2024-09-22,-0.0037625690717466927,0.5250503,0.05010056495666504,-0.00018850683618298406
2024-09-23,0.01446248637939056,0.5277474,0.05549478530883789,0.0008025925766562714
2024-09-24,-0.017434692343162504,0.5287521,0.05750417709350586,-0.0010025676360720071
2024-09-25,0.03151578569135097,0.53043675,0.06087350845336914,0.0019184764466970232
2024-09-26,0.009102584128001627,0.5308834,0.061766743659973145,0.0005622369804776167
2024-09-27,0.0013378619530761801,0.53323483,0.06646966934204102,8.892724164627089e-05
2024-09-28,-0.003894573316477157,0.5353366,0.07067322731018066,-0.0002752420652715543
2024-09-29,-0.03528524055475455,0.5379845,0.07596898078918457,-0.0026805837618459048
2024-09-30,-0.04063624492665931,0.5392611,0.0785222053527832,-0.0031908475688971366
2024-10-01,-0.002577086316775542,0.5362659,0.0725318193435669,-0.00018692075916114183
2024-10-02,0.001703926352847916,0.530552,0.06110405921936035,0.00010411681676984776
2024-10-03,0.02170883041003728,0.5262683,0.052536606788635254,0.0011405082870932961
2024-10-04,-0.00045108906551724495,0.5233556,0.04671120643615723,-2.1070914460469282e-05
2024-10-05,0.012202629820996201,0.5224743,0.044948577880859375,0.0005484908568603448
2024-10-06,-0.009531284031326389,0.5225307,0.045061349868774414,-0.000429492524434261
2024-10-07,-0.0010211885021863328,0.5227413,0.045482635498046875,-4.6446344419737416e-05
2024-10-08,-0.024830482976427176,0.5207403,0.04148054122924805,-0.0010299818728458292
2024-10-09,-0.005119452832531935,0.5188756,0.0,-0.0
2024-10-10,0.03603669892744918,0.51520103,0.0,0.0
2024-10-11,0.010596362001929363,0.512742,0.0,0.0
2024-10-12,-0.0053332935199566596,0.51409125,0.0,-0.0
2024-10-13,0.04985708823410627,0.51664543,0.0,0.0
2024-10-14,0.014872066015212413,0.5184103,0.0,0.0
2024-10-15,0.008105370403983361,0.52055454,0.04110908508300781,0.0003332043615666454
2024-10-16,-0.0029358340463448997,0.52260196,0.04520392417907715,-0.0001327112196333281
2024-10-17,0.014813986471420449,0.5254408,0.05088162422180176,0.0007537596928656702
2024-10-18,-0.0007309621248523259,0.52788943,0.0557788610458374,-4.077223479190794e-05
2024-10-19,0.00951888488044817,0.5304611,0.06092214584350586,0.0005799108929542062
2024-10-20,-0.02425888605349007,0.5343268,0.06865358352661133,-0.0016654594599358273
2024-10-21,0.0007195659176902162,0.5383047,0.07660937309265137,5.512549385308583e-05
2024-10-22,-0.01129587277243706,0.5375238,0.07504761219024658,-0.000847728279176222
2024-10-23,0.02268451715263484,0.5373119,0.07462382316589355,0.0016928053966019014
2024-10-24,-0.022239429463163648,0.53614175,0.07228350639343262,-0.0016075439417868832
2024-10-25,0.005896224370562871,0.5366579,0.07331585884094238,0.00043228675364671176
2024-10-26,0.013750632418520554,0.5343832,0.06876635551452637,0.000945580877441556
2024-10-27,0.02812846721520796,0.53385705,0.06771409511566162,0.0019046937044683613
2024-10-28,0.03888698282937757,0.5341176,0.06823515892028809,0.0026534594532930922
2024-10-29,-0.005399473668343945,0.5347949,0.06958985328674316,-0.0003757485804056881
2024-10-30,-0.02878461169591104,0.5357444,0.07148885726928711,-0.0020577789970808364
2024-10-31,-0.011388795745506882,0.53685594,0.07371187210083008,-0.000839489455375281
2024-11-01,-0.0017465165389545408,0.5361629,0.07232582569122314,-0.00012631825076326445
2024-11-02,-0.008668122839253566,0.53389394,0.06778788566589355,-0.0005875937199652414
2024-11-03,-0.013555167807772158,0.533798,0.0675959587097168,-0.0009162745634374492
2024-11-04,0.02218393837390412,0.5319185,0.06383705139160156,0.0014161572140430393
2024-11-05,0.08560223984821512,0.5300739,0.060147762298583984,0.005148783174616817
2024-11-06,0.0037760095920657505,0.5293768,0.0587536096572876,0.00022185419363440488
2024-11-07,0.00855685431952021,0.529655,0.059309959411621094,0.0005075066823818983
2024-11-08,0.0021892171563324633,0.53255624,0.06511247158050537,0.0001425453398752523
2024-11-09,0.04703330369431591,0.5354359,0.07087182998657227,0.0033333363031303785
2024-11-10,0.09803226217915882,0.5376874,0.07537484169006348,0.0073891662422728936
2024-11-11,-0.007882034011635572,0.5403079,0.08061575889587402,-0.000635416153491092
2024-11-12,0.027178568661184198,0.5444602,0.08892035484313965,0.002416727969481134
2024-11-13,-0.03432634643790914,0.5462847,0.09256935119628906,-0.0031775676186962974
2024-11-14,0.041568314974823425,0.54857635,0.0971527099609375,0.004038474448313915
2024-11-15,-0.004902030249246929,0.5496665,0.09933304786682129,-0.00048693360539305106
2024-11-16,-0.008101554091419313,0.5514697,0.10293936729431152,-0.000833968852271345
2024-11-17,0.006744588166355547,0.55289584,0.10579168796539307,0.0007135213667501686
2024-11-18,0.02020817024435305,0.5535469,0.10709381103515625,0.0021641699655150126
2024-11-19,0.021177619537080205,0.553563,0.10712599754333496,0.0022686736185029365
2024-11-20,0.04185951709945262,0.5538647,0.10772943496704102,0.0045095021251172224
2024-11-21,0.005830172847894076,0.55460536,0.10921072959899902,0.000636717430406786
2024-11-22,-0.012409323871574746,0.5550463,0.1100926399230957,-0.0013661752246823544
2024-11-23,0.002327936418892903,0.5558919,0.11178374290466309,0.0002602254461479263
2024-11-24,-0.051239836346874276,0.55610657,0.112213134765625,-0.005749782661360374
2024-11-25,-0.011297312096130885,0.55653405,0.1130681037902832,-0.0012773656566365489
2024-11-26,0.04151142667791282,0.5546881,0.10937619209289551,0.00454036177837354
2024-11-27,-0.002288480239917697,0.55280316,0.1056063175201416,-0.00024167797085531816
2024-11-28,0.01880928130380514,0.55211526,0.10423052310943604,0.001960501229608145
2024-11-29,-0.010852955416106586,0.55188566,0.10377132892608643,-0.0011262256063049477
2024-11-30,0.008029148706736931,0.5520568,0.10411357879638672,0.000835943406546762
2024-12-01,-0.013931627244584067,0.55167234,0.10334467887878418,-0.0014397595438504613
2024-12-02,9.463180488125695e-05,0.55129313,0.10258626937866211,9.707923827337617e-06
2024-12-03,0.028161417666881416,0.5498082,0.0996164083480835,0.0028053392819649917
2024-12-04,-0.01679234704122157,0.5485558,0.09711158275604248,-0.0016307313993617735
2024-12-05,0.028424916087496886,0.54781777,0.09563553333282471,0.0027184320099685536
2024-12-06,0.0009134510578209996,0.5464674,0.09293484687805176,8.489143418918901e-05
2024-12-07,0.012716305068205409,0.54723996,0.09447991847991943,0.0012014354662098334
2024-12-08,-0.03864784755258232,0.5477317,0.09546339511871338,-0.0036894547413999657
2024-12-09,-0.007050855728157901,0.5484762,0.09695243835449219,-0.000683597655330647
2024-12-10,0.04585110055392514,0.5466094,0.09321880340576172,0.00427418472847416
2024-12-11,-0.011144290310743151,0.54448277,0.0889655351638794,-0.0009914577515169002
2024-12-12,0.014099129370686553,0.54417336,0.08834671974182129,0.0012456118311157261
2024-12-13,-4.190407172619906e-05,0.5440347,0.08806943893432617,-3.690468085990112e-06
2024-12-14,0.02957210835064263,0.54461765,0.08923530578613281,0.0026388761314102465
2024-12-15,0.015149918553743596,0.544628,0.08925604820251465,0.0013522218606971095
2024-12-16,0.0007076596818099129,0.5460973,0.0921945571899414,6.524237100563975e-05
2024-12-17,-0.057491789143001994,0.54649866,0.09299731254577637,-0.0053465818837476285
2024-12-18,-0.02774708582409932,0.5470152,0.09403038024902344,-0.0026090690308423472
2024-12-19,0.003519077229743537,0.5437053,0.087410569190979,0.0003076045436788961
2024-12-20,-0.005263536125710258,0.54063773,0.08127546310424805,-0.0004277963361830408
2024-12-21,-0.02188095438284901,0.537746,0.0754920244216919,-0.0016518375426399637
2024-12-22,-0.0032072803231183965,0.53527975,0.07055950164794922,-0.0002263041012445076
2024-12-23,0.039087452998785556,0.5323614,0.06472277641296387,0.0025298484809926315
2024-12-24,0.007733974670366026,0.5286354,0.05727076530456543,0.00044293064821798647
2024-12-25,-0.03727485759295436,0.5279427,0.0558854341506958,-0.0020831215994876143
2024-12-26,-0.01570409519397809,0.527434,0.05486798286437988,-0.0008616520260037803
2024-12-27,0.010558907393903796,0.52443635,0.04887270927429199,0.0005160424113164324
2024-12-28,-0.016524020398176582,0.5200553,0.04011058807373047,-0.0006627881755131806
2024-12-29,-0.010144822242994745,0.51869273,0.0,-0.0
2024-12-30,0.008412972329420844,0.5170325,0.0,0.0
2024-12-31,0.0027963771631698223,0.5148227,0.0,0.0
