Date,Actual_Ret,Prob,SMA_50,Close,ATR,Position,Strat_Ret
2023-01-11,0.04911903051513352,0.52422047,16897.0916,17943.26,0.01830276947481828,0.0,0.0
2023-01-12,0.055893048509553726,0.52602625,16941.9618,18846.62,0.020823504875097206,0.1561574935913086,0.008728118364429336
2023-01-13,0.050146827684418194,0.5280688,17008.583,19930.01,0.022893562037630544,0.1684126853942871,0.008445361914337448
2023-01-14,-0.003988871656173911,0.53053755,17097.238599999997,20954.92,0.024888277054105953,0.18322527408599854,-0.0007308621024963357
2023-01-15,0.014939473685250641,0.5327046,17185.4972,20871.5,0.024913138934795367,0.1962275505065918,0.002931536327114419
2023-01-16,-0.0024026215431750143,0.53469265,17280.6346,21185.65,0.025698795210803267,0.20815587043762207,-0.0005001197786517779
2023-01-17,-0.021876742420547574,0.53626496,17379.0726,21134.81,0.026645052978105807,0.21758973598480225,-0.0047601546074944705
2023-01-18,0.018880985981668756,0.53765583,17463.771399999998,20677.47,0.029582389907326336,0.2259349822998047,0.004265875233571191
2023-01-19,0.0729936990967774,0.53782123,17541.930399999997,21071.59,0.028761700801483898,0.22692739963531494,0.01656427032579433
2023-01-20,0.0051193975233281225,0.53866935,17655.7272,22667.21,0.03079767133383427,0.23201608657836914,0.0011877825790015863
2023-01-21,-0.0033267835189935463,0.53994524,17769.5434,22783.55,0.03142952038157549,0.2396714687347412,-0.000797335092159714
2023-01-22,0.009142992475145141,0.54083025,17885.997,22707.88,0.031755271858319584,0.2449815273284912,0.0022398642609139587
2023-01-23,-0.012450835212587299,0.5412911,18002.212000000003,22916.45,0.031338167671318064,0.24774670600891113,-0.003084653410978264
2023-01-24,0.018736119160646474,0.5413538,18115.5428,22632.89,0.031671178483133874,0.2481229305267334,0.004648860792837684
2023-01-25,-0.0022265840828143047,0.540602,18234.9824,23060.94,0.033560965871075155,0.2436121702194214,-0.0005424229805904127
2023-01-26,0.0027996835390564157,0.540126,18358.4426,23009.65,0.032575700269339966,0.24075615406036377,0.0006740410414493308
2023-01-27,-0.002237034511835935,0.53956944,18475.4438,23074.16,0.03315192963573427,0.23741662502288818,-0.0005311091838598119
2023-01-28,0.03078192520585222,0.539184,18593.3246,23022.6,0.03181633970039305,0.23510384559631348,0.00723694899075395
2023-01-29,-0.0393514588233174,0.53950036,18725.620799999997,23742.3,0.03163495777284034,0.23700213432312012,-0.009326379729854601
2023-01-30,0.013013096440887308,0.53993577,18840.4428,22826.15,0.034623937123153516,0.2396146059036255,0.003118127975269084
2023-01-31,0.025932253556535844,0.538459,18958.748799999998,23125.13,0.03360455354576144,0.23075401782989502,0.005983971699554231
2023-02-01,-0.010322486493569127,0.5374913,19077.908,23732.66,0.033572949987154606,0.22494792938232422,-0.0023220219628053837
2023-02-02,-0.002431330219096245,0.5368993,19191.623799999998,23488.94,0.03421005282287835,0.22139596939086914,-0.0005382867107661274
2023-02-03,-0.004493712909870792,0.53590214,19313.135,23431.9,0.033401755774924845,0.21541285514831543,-0.000968003528132112
2023-02-04,-0.017031632139821246,0.5353652,19447.0294,23326.84,0.032177788746023284,0.21219134330749512,-0.003613964902467778
2023-02-05,-0.007457673107036351,0.53477013,19570.1572,22932.91,0.03254278204560208,0.20862078666687012,-0.001555825630294285
2023-02-06,0.020779401555923737,0.5336417,19690.6434,22762.52,0.03210800973774404,0.20185017585754395,0.004194325858277729
2023-02-07,-0.01201050031064175,0.5323459,19826.675,23240.46,0.03105925669409149,0.194075345993042,-0.002330942003337336
2023-02-08,-0.052141700352517424,0.5316081,19948.0238,22963.0,0.031634612098885635,0.18964862823486328,-0.009888601945688217
2023-02-09,-0.007883685677702989,0.53022325,20047.4574,21796.35,0.035284160516873046,0.18133950233459473,-0.0014296236373570323
2023-02-10,0.010916288456747329,0.5284165,20143.5326,21625.19,0.034632286491108936,0.17049908638000488,0.001861217208536013
2023-02-11,-0.0036204886304742638,0.52676004,20245.2136,21862.55,0.03281092579894658,0.1605602502822876,-0.0005813065606531245
2023-02-12,-0.00043941906477148134,0.52554905,20344.162,21783.54,0.03208614189473492,0.15329432487487793,-6.736044887129448e-05
2023-02-13,0.01936986197704005,0.52452344,20442.9992,21773.97,0.031591675815287844,0.14714062213897705,0.002850093542047789
2023-02-14,0.09138049119365944,0.5234389,20548.608200000002,22199.84,0.031302351145881625,0.140633225440979,0.012851133218945305
2023-02-15,-0.033711393282664585,0.5228729,20700.962,24324.05,0.033378233335235395,0.137237548828125,-0.004626468981693806
2023-02-16,0.043770785975072134,0.5241946,20840.3702,23517.72,0.03735593421001308,0.14516758918762207,0.006354099476848602
2023-02-17,0.002519415209186526,0.52420413,20999.1002,24569.97,0.038091165801654905,0.14522480964660645,0.0003658815941748784
2023-02-18,-0.014730846119734737,0.5244491,21159.5896,24631.95,0.036577593657111225,0.14669466018676758,-0.0021609364657980508
2023-02-19,0.023230285350592204,0.52476615,21314.1768,24271.76,0.03741013352575071,0.1485968828201294,0.003451947990120118
2023-02-20,-0.015825264394064464,0.5252609,21478.6858,24842.2,0.037621832356015954,0.1515655517578125,-0.002398564929599645
2023-02-21,-0.011101316717520895,0.52619344,21634.2716,24452.16,0.038709925505880094,0.15716063976287842,-0.0017446900375359213
2023-02-22,-0.01005818454576867,0.52652454,21784.4122,24182.21,0.03900859586079482,0.1591472625732422,-0.001600732536915573
2023-02-23,-0.032041028461487375,0.5268034,21926.209,23940.2,0.03954696863685744,0.16082024574279785,-0.00515284607102838
2023-02-24,-0.0012178923770018468,0.52700996,22053.277799999996,23185.29,0.04189562310931145,0.16205978393554688,-0.0001973713754736689
2023-02-25,0.01703161058168721,0.5265383,22177.4062,23157.07,0.04048389735760779,0.15922987461090088,0.0027119412173437474
2023-02-26,-0.0026679753126395687,0.5254735,22309.631800000003,23554.85,0.03887024717923789,0.15284085273742676,-0.00040777562186623443
2023-02-27,-0.015033201397948169,0.525408,22436.916999999998,23492.09,0.0385959606677589,0.15244817733764648,-0.0022917841526669575
2023-02-28,0.020842934243896633,0.52478075,22556.1832,23141.57,0.038169182006248865,0.14868450164794922,0.003099021290934746
2023-03-01,-0.006949915104728103,0.5238739,22679.949399999998,23628.97,0.03767409958479096,0.14324355125427246,-0.0009955305205169623
2023-03-02,-0.048503100831987105,0.52366924,22790.3906,23465.32,0.03705660765777659,0.1420154571533203,-0.0068881900380082395
2023-03-03,-0.00034764393289772876,0.52301645,22860.545,22354.34,0.04093135202782073,0.0,-0.0
2023-03-04,0.003737206709584325,0.5215137,22908.876200000002,22346.57,0.038829332895910465,0.0,0.0
2023-03-05,-0.000902760617454153,0.5205165,22938.382599999997,22430.24,0.03742715597003024,0.0,-0.0
2023-03-06,-0.009506895048812334,0.51976526,22969.152599999998,22410.0,0.03588223108952554,0.0,-0.0
2023-03-07,-0.022437472391169118,0.51951444,22989.3988,22197.96,0.035667628863551536,0.0,-0.0
2023-03-08,-0.06388169730657518,0.51906884,23000.811400000002,21705.44,0.036198074190826664,0.0,-0.0
2023-03-09,-0.010442692083692516,0.51805806,22994.506400000002,20362.22,0.0421168876795183,0.0,-0.0
2023-03-10,0.015024507857790617,0.51607215,22976.088399999997,20150.69,0.042421104347838835,0.0,0.0
2023-03-11,0.07264804225261712,0.514367,22931.858799999998,20455.73,0.042021298821623865,0.0,0.0
2023-03-12,0.0918599391330703,0.51317483,22916.13,21997.11,0.04238833600763895,0.0,0.0
2023-03-13,0.022833529552860565,0.513692,22944.242000000002,24113.48,0.04386281499097758,0.08215212821960449,0.0018758230475327295
2023-03-14,-0.015718497080592527,0.5156794,22979.321200000002,24670.41,0.046789298412761034,0.09407651424407959,-0.0014787414144978863
2023-03-15,0.028940970979109415,0.51736796,23012.376599999996,24285.66,0.04795912273485415,0.10420775413513184,0.0030158735882230194
2023-03-16,0.0915382366931726,0.51836723,23051.1334,24998.78,0.046247246386424225,0.11020338535308838,0.010087823572839914
2023-03-17,-0.017960573857961144,0.51949584,23138.843000000004,27395.13,0.04666226023765169,0.11697506904602051,-0.0021009393671411556
2023-03-18,0.03883042537639571,0.5211911,23215.5096,26907.49,0.047158916157747165,0.12714672088623047,0.0049371612572261855
2023-03-19,-0.009188807742989342,0.52251714,23314.515,27972.87,0.04611341745471458,0.13510286808013916,-0.0012414342803148504
2023-03-20,0.013917915171174959,0.52485454,23394.0092,27717.01,0.04668755038438749,0.14912724494934082,0.002075540344915955
2023-03-21,-0.030875102511240874,0.5268977,23499.595599999997,28105.47,0.04563921164363692,0.1613863706588745,-0.0049828207380098665
2023-03-22,0.037610483876124916,0.5291693,23582.1124,27250.97,0.04964829670744761,0.17501592636108398,0.006582433676468615
2023-03-23,-0.030170604453767236,0.52999496,23673.367400000003,28295.41,0.048552890414873436,0.17996978759765625,-0.005429797275237391
2023-03-24,0.00030882732901125104,0.5306238,23752.678,27454.47,0.05004132096485792,0.18374276161193848,5.674478629376599e-05
2023-03-25,0.01822496367160109,0.5303534,23833.299,27462.95,0.04809438921339171,0.18212056159973145,0.0033191406190066944
2023-03-26,-0.030610293346195108,0.5305223,23926.123199999998,27968.05,0.04583602534530578,0.18313372135162354,-0.005605776932153551
2023-03-27,0.005007183266062188,0.53088343,24009.9632,27124.91,0.04787638066307774,0.18530058860778809,0.0009278340064683903
2023-03-28,0.039117969089514086,0.5300672,24099.9342,27261.07,0.04656187825965854,0.1804032325744629,0.00705700807549626
2023-03-29,-0.011354726247076305,0.5297038,24202.097,28348.6,0.04512983279946398,0.17822277545928955,-0.0020236708263343815
2023-03-30,0.01546498944228887,0.52953696,24303.407600000002,28028.53,0.04620409101340033,0.17722177505493164,0.002740732880168211
2023-03-31,-0.00044379564413691034,0.5291767,24436.7878,28465.36,0.04511851237582822,0.17506027221679688,-7.769098627123624e-05
2023-04-01,-0.009920151427765776,0.5289671,24573.3386,28452.73,0.04341921060638187,0.17380249500274658,-0.0017241470689507508
2023-04-02,-0.01328794166506373,0.5290956,24699.525,28171.87,0.04242759581139107,0.17457354068756104,-0.0023197230249199408
2023-04-03,0.01306073888880465,0.52865934,24819.854199999998,27800.0,0.04326616463757374,0.17195606231689453,0.0022458732302679803
2023-04-04,0.00016117729039769833,0.528263,24947.6842,28165.47,0.0416367019109852,0.16957783699035645,2.733209627760823e-05
2023-04-05,-0.0048462984303144436,0.52816355,25067.087600000003,28170.01,0.04111572307227832,0.16898131370544434,-0.0008189338753631675
2023-04-06,-0.004558093631494347,0.52789307,25141.283000000003,28033.82,0.039564569538158456,0.1673583984375,-0.0007628352500950623
2023-04-07,0.0011478259451552448,0.5279861,25229.0552,27906.33,0.03775886349219188,0.1679166555404663,0.0001927390938530434
2023-04-08,0.013699657615021985,0.5279662,25296.423400000003,27938.38,0.03577827082696883,0.16779720783233643,0.0022987642960596946
2023-04-09,0.04533402443678367,0.52773976,25370.2596,28323.76,0.03461160231195092,0.16643857955932617,0.007545330632966056
2023-04-10,0.018820778757940998,0.5279537,25477.571199999995,29637.34,0.03457101105345212,0.16772210597991943,0.0031566606494639964
2023-04-11,-0.010396427448109471,0.5286565,25584.7356,30200.42,0.033773670587442975,0.17193889617919922,-0.0017875502596350714
2023-04-12,0.01612230751029388,0.5293979,25693.4538,29888.07,0.03371705422663271,0.17638742923736572,0.0028437723751150116
2023-04-13,0.003060121449609667,0.52973247,25817.2864,30373.84,0.032549155551412766,0.17839479446411133,0.000545909737038335
2023-04-14,-0.005656179900882534,0.5304618,25947.821,30466.93,0.032556041576645336,0.1827707290649414,-0.0010337841242067688
2023-04-15,0.00031551290745832457,0.53092223,26090.017000000003,30295.09,0.031330098888032114,0.18553340435028076,5.853818383719805e-05
2023-04-16,-0.029277429572032238,0.5312506,26232.9686,30304.65,0.03009655083999091,0.18750357627868652,-0.00548962274900342
2023-04-17,0.031761089816271876,0.53163964,26350.477,29430.27,0.03138717069284374,0.18983781337738037,0.006029455841203637
2023-04-18,-0.053510138704066394,0.53104657,26488.2354,30380.01,0.03149803299778896,0.18627941608428955,-0.00996783739238283
2023-04-19,-0.01940603406257386,0.53138167,26601.346,28797.1,0.035552605859843676,0.18828999996185303,-0.0036539621529017505
2023-04-20,-0.03534405077145466,0.53011614,26693.6396,28243.65,0.03638707992943181,0.18069684505462646,-0.006386558465852394
2023-04-21,0.02011734939753183,0.5284381,26769.59,27262.84,0.03827599176502222,0.17062854766845703,0.0034325941106397653
2023-04-22,-0.008166817188415205,0.52617884,26878.8402,27816.85,0.03674039581688423,0.1570730209350586,-0.001282786647208738
2023-04-23,-0.002891754748673293,0.5251068,26983.7208,27590.6,0.03570477686480605,0.15064072608947754,-0.00043561603501283947
2023-04-24,0.028306339200071688,0.5238434,27085.3346,27510.93,0.03599528004573229,0.14306044578552246,0.004049517504518465
2023-04-25,0.004037661120266265,0.52255374,27203.1504,28300.79,0.03554019210289332,0.1353224515914917,0.0005463862014900799
2023-04-26,0.0365394056503652,0.52197444,27327.497000000003,28415.29,0.039909604181479534,0.13184666633605957,0.004817598824901631
2023-04-27,-0.005480032501360423,0.5208229,27482.8436,29472.77,0.03939156306900378,0.12493729591369629,-0.0006846604422391404
2023-04-28,-0.0027757795765594477,0.52114105,27661.833199999997,29311.7,0.03850549248630643,0.1268463134765625,-0.0003520974063100996
2023-04-29,9.441762633578723e-05,0.52075255,27843.428399999997,29230.45,0.036875632806203526,0.12451529502868652,1.175643859910883e-05
2023-04-30,-0.040665991207925405,0.5211302,28018.978,29233.21,0.036412567938219176,0.12678122520446777,-0.005155684189494897
2023-05-01,0.021206996165195773,0.5214336,28140.400999999998,28068.26,0.03946583178524672,0.0,0.0
2023-05-02,0.012351095602062214,0.5210358,28231.528599999998,28669.86,0.038388906278079886,0.12621474266052246,0.001558890352989793
2023-05-03,-0.006497982228264741,0.52121246,28318.6436,29026.16,0.03804653996624751,0.127274751663208,-0.0008270290744143339
2023-05-04,0.02288090465334252,0.52167845,28409.693600000002,28838.16,0.03733315865056933,0.13007068634033203,0.0029761349723479583
2023-05-05,-0.02253281543081646,0.5222064,28499.8302,29505.61,0.036005392175823346,0.1332385540008545,-0.0030022397455701263
2023-05-06,-0.01459915625864984,0.5228461,28528.891599999995,28848.2,0.03795902535310358,0.13707661628723145,-0.0020012029405842777
2023-05-07,-0.027143379896367045,0.5228978,28559.3438,28430.1,0.03763291174165067,0.0,-0.0
2023-05-08,-0.0014655392981985705,0.522303,28553.2622,27668.79,0.039440536155879016,0.0,-0.0
2023-05-09,-0.0010690420309266652,0.5210554,28551.4874,27628.27,0.037879252097831856,0.0,-0.0
2023-05-10,-0.0230965139643067,0.5201361,28541.353000000003,27598.75,0.03923422167577606,0.0,-0.0
2023-05-11,-0.00645829172740886,0.51913816,28535.705999999995,26968.62,0.03974113824873454,0.0,-0.0
2023-05-12,-0.0007366023552270455,0.5186145,28505.697999999997,26795.01,0.04055282661470133,0.0,-0.0
2023-05-13,0.005302016968638717,0.5177863,28492.1142,26775.28,0.038626764609262856,0.0,0.0
2023-05-14,0.0090430011641092,0.51717377,28481.2076,26917.62,0.03737493904097111,0.0,0.0
2023-05-15,-0.004734677357132959,0.5168241,28465.0894,27162.14,0.03685846572304666,0.0,-0.0
2023-05-16,0.013658322391184448,0.5162406,28463.268000000004,27033.84,0.035563343889440914,0.0,0.0
2023-05-17,-0.021552134669642054,0.51581633,28466.158799999997,27405.61,0.035064949766118285,0.0,-0.0
2023-05-18,0.002196585934586688,0.5158521,28435.612399999998,26821.28,0.03626337635499493,0.0,0.0
2023-05-19,0.008231203535191795,0.51554143,28412.646999999997,26880.26,0.03507032463470825,0.0,0.0
2023-05-20,-0.013171912518513606,0.51547563,28385.3884,27102.43,0.03315459899470721,0.0,-0.0
2023-05-21,0.0037871532594394926,0.5157347,28351.289399999998,26747.78,0.032827644493480516,0.0,0.0
2023-05-22,0.01369903691712277,0.5157869,28324.837399999997,26849.27,0.03186185579929245,0.0,0.0
2023-05-23,-0.03326629631528951,0.5160791,28313.2296,27219.61,0.03101440048377805,0.0,-0.0
2023-05-24,0.005483813844004058,0.5167779,28276.5004,26329.01,0.032863555968381995,0.0,0.0
2023-05-25,0.008730076726596555,0.51639307,28242.576,26473.79,0.03240006063801259,0.0,0.0
2023-05-26,0.005539576292267746,0.5162847,28216.017999999996,26705.92,0.031442202480985885,0.0,0.0
2023-05-27,0.04409840842612671,0.5165218,28194.9768,26854.27,0.02995003421124764,0.0,0.0
2023-05-28,-0.011777618425209708,0.5167588,28197.5092,28065.0,0.030420915649474575,0.0,-0.0
2023-05-29,-0.0015154032789555,0.5182683,28185.762,27736.4,0.030958438756426707,0.0,-0.0
2023-05-30,-0.017632811059524262,0.51905966,28146.903200000004,27694.4,0.030040558301133592,0.0,-0.0
2023-05-31,-0.014526721963616974,0.51961505,28087.101799999997,27210.35,0.031006893888312684,0.0,-0.0
2023-06-01,0.015710863858149307,0.5196494,28025.699000000004,26817.93,0.031197570475318022,0.0,0.0
2023-06-02,-0.0063842684993772065,0.5193529,27963.074,27242.59,0.030602044695726412,0.0,-0.0
2023-06-03,0.0016975360281114345,0.51937056,27895.1198,27069.22,0.029702123557139658,0.0,0.0
2023-06-04,-0.05250715845555731,0.51989424,27831.522199999996,27115.21,0.02886148486260808,0.0,-0.0
2023-06-05,0.05673457801927024,0.5204344,27739.993200000004,25728.2,0.03307915022232056,0.0,0.0
2023-06-06,-0.03325860556385626,0.51933944,27695.9894,27230.08,0.034279792540740664,0.0,-0.0
2023-06-07,0.00602863973269374,0.5199553,27615.176,26339.34,0.03634297435069973,0.0,0.0
2023-06-08,-0.0007852550651334101,0.5190176,27569.2062,26498.61,0.03516154635616918,0.0,-0.0
2023-06-09,-0.024336519277700846,0.51876974,27533.8894,26477.81,0.03406069716101798,0.0,-0.0
2023-06-10,0.003258464490493794,0.51837516,27505.456799999996,25841.21,0.03565720546660783,0.0,0.0
2023-06-11,-0.0007856342026842933,0.5175427,27467.6308,25925.55,0.034578986334178594,0.0,-0.0
2023-06-12,0.0011211542039807445,0.51747787,27433.922599999998,25905.19,0.033524997745980716,0.0,0.0
2023-06-13,-0.03155784923802867,0.5171199,27402.389,25934.25,0.033080272151607644,0.0,-0.0
2023-06-14,0.018526725673652867,0.51681817,27338.945200000002,25128.6,0.035333378315151986,0.0,0.0
2023-06-15,0.028745138290379006,0.5157582,27282.6092,25598.49,0.03488327490715179,0.0,0.0
2023-06-16,0.006507155969033793,0.5162076,27220.053799999998,26345.0,0.03511349166394731,0.0,0.0
2023-06-17,-0.006698102267960423,0.51645076,27164.1596,26516.99,0.03416902088738201,0.0,-0.0
2023-06-18,0.0189678131440085,0.5172895,27106.35,26339.97,0.033146053066191526,0.0,0.0
2023-06-19,0.05308872645011515,0.51765436,27058.5728,26844.35,0.032359399288237056,0.0,0.0
2023-06-20,0.057849597296170514,0.51823664,27063.367400000003,28307.99,0.03291198886574181,0.1094198226928711,0.006329892679000973
2023-06-21,-0.0036396889082070654,0.5197964,27089.847999999998,29993.89,0.03489698657195538,0.11877822875976562,-0.0004323158017534004
2023-06-22,0.026533986237444202,0.52156186,27107.023200000003,29884.92,0.03485141119290548,0.12937116622924805,0.0034327327442489736
2023-06-23,-0.005262367873937984,0.5232294,27144.03,30688.5,0.03531302153676017,0.13937652111053467,-0.0007334505270733169
2023-06-24,-0.002123952410926466,0.52488226,27164.4664,30527.43,0.03425057305278105,0.14929354190826416,-0.00031709237827180905
2023-06-25,-0.00641095284669021,0.5267996,27196.7556,30462.66,0.03367374452918654,0.16079771518707275,-0.0010308665699198458
2023-06-26,0.013925651745678577,0.528316,27233.5134,30267.99,0.03320644727495262,0.16989612579345703,0.002365914280739682
2023-06-27,-0.020241978544881276,0.5291223,27293.9864,30692.44,0.03219732235294824,0.17473375797271729,-0.0035369569799502208
2023-06-28,0.012223257058951633,0.5301231,27342.9692,30077.41,0.032529698245343776,0.1807386875152588,0.0022092154379965406
2023-06-29,0.0008105804662547625,0.5306388,27399.9404,30447.31,0.031701880881429285,0.18383288383483887,0.00014901134469180128
2023-06-30,0.0037308892745919983,0.5314733,27470.008,30472.0,0.03359074591226456,0.18883967399597168,0.0007045399143290202
2023-07-01,0.001017271646457164,0.53152394,27545.825800000002,30585.9,0.03187167411571259,0.18914365768432617,0.0001924104800694647
2023-07-02,0.01745687224902878,0.531693,27622.6608,30617.03,0.031048803057283247,0.19015789031982422,0.0033195619984579977
2023-07-03,-0.012586501609656327,0.53178334,27707.432399999998,31156.2,0.03018848289470504,0.19070005416870117,-0.002400246538755906
2023-07-04,-0.008542384639438915,0.5318142,27779.5198,30766.51,0.03008361396840758,0.19088530540466309,-0.0016306157007834
2023-07-05,-0.02017875019166179,0.5314405,27848.9392,30504.81,0.029762171768829167,0.1886429786682129,-0.003806579541956852
2023-07-06,0.014916247025860701,0.53084356,27898.7356,29895.43,0.03214087077843735,0.18506133556365967,0.0027604205962032478
2023-07-07,-0.0019815498424806542,0.5295344,27969.203999999998,30344.7,0.031163895842591598,0.1772063970565796,-0.00035114330817402953
2023-07-08,-0.004100239112277894,0.5289173,28037.291400000002,30284.63,0.029802736598614453,0.17350387573242188,-0.0007114073774098794
2023-07-09,0.008283044133908972,0.5288145,28098.457000000002,30160.71,0.02869803382658732,0.17288696765899658,0.0014320303832971617
2023-07-10,0.006898842392956891,0.5284847,28171.7328,30411.57,0.02900204942108869,0.17090821266174316,0.0011790688228153253
2023-07-11,-0.007937473335964864,0.52828586,28247.1894,30622.1,0.027943409053936483,0.16971516609191895,-0.0013471096055634548
2023-07-12,0.034748976139702924,0.52824414,28310.397199999996,30380.0,0.027972270909144004,0.1694648265838623,0.005888729215481525
2023-07-13,-0.03698946968873567,0.5277491,28412.901599999997,31454.23,0.028614295104022882,0.1664947271347046,-0.006158551662683471
2023-07-14,-0.0007422255191403193,0.5276724,28489.665999999997,30312.01,0.031648294929415594,0.16603446006774902,-0.00012323501331896764
2023-07-15,-0.0019011428276580337,0.52648675,28561.338,30289.52,0.02985970211333852,0.1589205265045166,-0.0003021306191317002
2023-07-16,-0.0031138012758330853,0.5259373,28628.892399999997,30231.99,0.028670761800492318,0.1556239128112793,-0.0004845819382618983
2023-07-17,-0.00929617827722886,0.52581954,28670.352399999996,30138.0,0.028312202896635604,0.15491724014282227,-0.0014401382825839511
2023-07-18,0.0016758040032582482,0.52537286,28712.807,29859.13,0.028276422420126127,0.1522371768951416,0.0002551196704856124
2023-07-19,-0.00365806621063334,0.5247752,28757.103199999998,29909.21,0.02723277700535098,0.14865124225616455,-0.0005437760864659464
2023-07-20,0.0034076103143899864,0.5244628,28808.896200000003,29800.0,0.02740925455985325,0.14677691459655762,0.0005001585280935679
2023-07-21,-0.0036089728683473903,0.52388585,28870.571999999996,29901.72,0.026165970233931957,0.14331507682800293,-0.0005172202238973843
2023-07-22,0.009678127907075769,0.5234827,28921.6002,29794.0,0.025281211224272827,0.14089608192443848,0.0013636103024705418
2023-07-23,-0.030621568131757492,0.52319664,28981.8908,30083.75,0.024721389202304996,0.13917982578277588,-0.00426190451777341
2023-07-24,0.0017946972401168204,0.5226532,29023.1166,29176.5,0.026699416118630106,0.13591933250427246,0.00024393405092393823
2023-07-25,0.004201036310069169,0.5215645,29093.1308,29228.91,0.025550270231492787,0.12938690185546875,0.0005435590727421802
2023-07-26,-0.004410782171051959,0.5208531,29135.568400000004,29351.96,0.025069012519426215,0.12511861324310303,-0.0005518709485594244
2023-07-27,0.0031214513568593983,0.52032906,29193.237200000003,29222.78,0.024563421523565988,0.12197434902191162,0.00038073699725648785
2023-07-28,0.0013213554199944793,0.5198804,29249.547799999997,29314.14,0.023759009479471196,0.11928248405456543,0.00015761455681590508
2023-07-29,-0.002449433712539638,0.5197582,29307.0496,29352.9,0.022399621969338375,0.11854934692382812,-0.00029037876695478185
2023-07-30,-0.0016693633056041337,0.519755,29375.847200000004,29281.09,0.021864867706547855,0.0,-0.0
2023-07-31,0.016076157104390566,0.51965976,29441.981200000002,29232.25,0.02138331336353264,0.0,0.0
2023-08-01,-0.017659224099430867,0.519325,29517.9972,29705.99,0.022313009951683747,0.11595010757446289,-0.0020475889340105568
2023-08-02,0.0002613924558795061,0.5195966,29583.032400000004,29186.01,0.023829397950862745,0.0,0.0
2023-08-03,-0.002732062666357572,0.5187241,29664.333199999997,29193.64,0.023260045704529615,0.0,-0.0
2023-08-04,-0.0014388313646510047,0.51880217,29734.643200000002,29113.99,0.02294706871865821,0.0,-0.0
2023-08-05,0.0005601735343276643,0.5187502,29789.1858,29072.13,0.021765173822234224,0.0,0.0
2023-08-06,0.004207247848642796,0.5187337,29840.6144,29088.42,0.020722751814795996,0.0,0.0
2023-08-07,0.01896787840738051,0.5188424,29898.036200000002,29211.06,0.02056962428535905,0.0,0.0
2023-08-08,-0.006349552885029144,0.518922,29956.557599999996,29770.42,0.021374852908409573,0.0,-0.0
2023-08-09,-0.004276592986209428,0.51973534,29982.037599999996,29581.99,0.021865931000538,0.0,-0.0
2023-08-10,-0.0010094804377126705,0.5201783,29971.2748,29455.75,0.021404238994282867,0.0,-0.0
2023-08-11,0.0001406818655240356,0.5205612,29962.096999999998,29426.03,0.020652955577634635,0.0,0.0
2023-08-12,-0.004301773191170979,0.5203923,29936.9304,29430.17,0.019417242275552776,0.0,-0.0
2023-08-13,0.0043275966976988696,0.5207373,29912.458599999998,29303.84,0.018601208272434035,0.0,0.0
2023-08-14,-0.0078774528796102,0.5207615,29891.824000000004,29430.93,0.0186368529475795,0.0,-0.0
2023-08-15,-0.016209084961303622,0.5209657,29870.464200000002,29200.0,0.01851800119561296,0.0,-0.0
2023-08-16,-0.07616872037641167,0.52087545,29831.225599999994,28730.51,0.01881077257455744,0.0,-0.0
2023-08-17,-0.021619596661148415,0.5201502,29762.1456,26623.41,0.02855499878891125,0.0,-0.0
2023-08-18,0.0017643901949644589,0.51714873,29674.2794,26054.0,0.030422004638681582,0.0,0.0
2023-08-19,0.003441579224086804,0.51433206,29586.8396,26100.01,0.029512588077089216,0.0,0.0
2023-08-20,-0.0024110762869472635,0.5125978,29498.921400000003,26189.99,0.028204818959983297,0.0,-0.0
2023-08-21,-0.0027181324335439115,0.5114453,29409.1192,26126.92,0.02747388256108218,0.0,-0.0
2023-08-22,0.01435456870308414,0.5103026,29307.1152,26056.0,0.027882042833337697,0.0,0.0
2023-08-23,-0.009604966342235453,0.50908685,29220.4394,26432.72,0.02824118474821793,0.0,-0.0
2023-08-24,-0.004595714908301547,0.5086688,29133.944199999998,26180.05,0.028424744566767707,0.0,-0.0
2023-08-25,-0.0016375635459644805,0.5082191,29057.235800000002,26060.01,0.027987589419129395,0.0,-0.0
2023-08-26,0.00323873624067934,0.5077287,28970.689200000004,26017.37,0.02641501532519918,0.0,0.0
2023-08-27,0.000698176287035663,0.5074053,28887.031999999996,26101.77,0.025040337862495,0.0,0.0
2023-08-28,0.059320826564098275,0.5076835,28806.2178,26120.0,0.024300625724455183,0.0,0.0
2023-08-29,-0.0151357950818478,0.5079398,28752.313199999997,27716.34,0.026988645045269325,0.0,-0.0
2023-08-30,-0.05107008806335594,0.5095259,28685.871,27299.99,0.027408890230315622,0.0,-0.0
2023-08-31,-0.005246038619321044,0.5113283,28597.086600000002,25940.78,0.03210585137043265,0.0,-0.0
2023-09-01,0.0024948459526167835,0.51152575,28484.103000000003,25805.05,0.032245379302750524,0.0,0.0
2023-09-02,0.003923561650647033,0.5118568,28395.253000000004,25869.51,0.030516473770787506,0.0,0.0
2023-09-03,-0.005606105973525642,0.5121175,28308.8868,25971.21,0.029147112469966405,0.0,-0.0
2023-09-04,-0.0013142673496244822,0.5126826,28220.7674,25826.02,0.02853607420806201,0.0,-0.0
2023-09-05,-0.0012472832474370724,0.5131725,28133.8494,25792.1,0.027509868475357125,0.0,-0.0
2023-09-06,0.019035486849342184,0.5137669,28051.8658,25759.95,0.02742761153080755,0.0,0.0
2023-09-07,-0.01320815513349337,0.5143043,27978.781600000002,26255.0,0.027240255520007986,0.0,-0.0
2023-09-08,-0.0003431630206622342,0.51572394,27900.9916,25910.5,0.02783137507081114,0.0,-0.0
2023-09-09,-0.0023191454606873935,0.5150821,27820.9894,25901.61,0.02626166859081423,0.0,-0.0
2023-09-10,-0.02663039767580389,0.5147241,27741.941600000002,25841.61,0.025722478125259327,0.0,-0.0
2023-09-11,0.02657196307677719,0.51483655,27643.517000000003,25162.52,0.02736758373537954,0.0,0.0
2023-09-12,0.014671204201257093,0.51419413,27576.789,25840.1,0.02871452247313039,0.0,0.0
2023-09-13,0.011403348118842957,0.5146493,27516.6508,26222.0,0.028021371689130114,0.0,0.0
2023-09-14,0.0029091145916004006,0.5155723,27460.066199999997,26522.73,0.02770080420406197,0.0,0.0
2023-09-15,-0.0015173159554027868,0.5166803,27407.610599999996,26600.0,0.027430484315074135,0.0,-0.0
2023-09-16,-0.0012115920994153866,0.517799,27352.521200000003,26559.67,0.026402709382180457,0.0,-0.0
2023-09-17,0.008819719840065637,0.5188476,27296.013400000003,26527.51,0.025150344539515014,0.0,0.0
2023-09-18,0.01659208048714994,0.51926553,27245.6418,26762.51,0.025902274198337766,0.0,0.0
2023-09-19,-0.003138296199427117,0.5198199,27205.202,27210.26,0.025797801321279002,0.1189194917678833,-0.0003732045890529525
2023-09-20,-0.020745316649489014,0.52086943,27153.5822,27125.0,0.0255804436022238,0.0,-0.0
2023-09-21,0.0004538251782273123,0.52174234,27101.223599999998,26568.08,0.026353331638229473,0.0,0.0
2023-09-22,-0.0001572726369548166,0.5223106,27048.953600000004,26580.14,0.025197804778850336,0.0,-0.0
2023-09-23,-0.01240277490489352,0.52266645,26998.193,26575.96,0.02373440756041132,0.0,-0.0
2023-09-24,0.002147539347757194,0.5229077,26941.717999999997,26248.38,0.023991686500106874,0.0,0.0
2023-09-25,-0.0031656440496646743,0.5224496,26886.0458,26304.81,0.023467592193333737,0.0,-0.0
2023-09-26,0.005754212215801185,0.52205086,26826.257999999998,26221.67,0.0227024801554283,0.0,0.0
2023-09-27,0.024288394222757907,0.52174485,26758.3094,26372.99,0.022958554665813834,0.0,0.0
2023-09-28,-0.0042437853832940535,0.5216975,26707.097400000002,27021.39,0.02336084361317222,0.13018512725830078,-0.0005524777401810532
2023-09-29,0.002064247824862265,0.5223587,26656.121600000002,26906.96,0.023323445091654897,0.13415229320526123,0.0002769235794492453
2023-09-30,0.03748988079317705,0.5224215,26606.8522,26962.56,0.02216565450616286,0.13452887535095215,0.0050434715001473705
2023-10-01,-0.017952769440012815,0.52259517,26578.1002,27992.57,0.022661054763312254,0.13557100296020508,-0.0024338749588958567
2023-10-02,-0.0024781075361443865,0.5240328,26541.9136,27494.51,0.024797145483553086,0.14419662952423096,-0.00035733475431061685
2023-10-03,0.012756619276586195,0.5240155,26501.8242,27426.46,0.024426957809817518,0.14409291744232178,0.0018381384882642652
2023-10-04,-0.013342721522066095,0.5242449,26473.395599999996,27778.57,0.02403446962585193,0.14546942710876465,-0.0019409580558867393
2023-10-05,0.018818266735082634,0.5250785,26446.993200000004,27410.39,0.024619839306736873,0.15047085285186768,0.0028316006448218154
2023-10-06,0.0009154062279922295,0.525261,26473.1468,27931.09,0.025296880293492804,0.15156590938568115,0.00013874437740295844
2023-10-07,-0.0014181982742726472,0.526152,26511.2002,27956.67,0.023947754871474984,0.15691208839416504,-0.00022253245297312193
2023-10-08,-0.011779875664382407,0.5271826,26547.541,27917.05,0.023311747895935944,0.16309547424316406,-0.001921244408007956
2023-10-09,-0.007275373195296091,0.5275012,26575.543599999997,27590.12,0.02378767681737702,0.1650073528289795,-0.001200490071798722
2023-10-10,-0.01896652932854734,0.52730227,26600.807600000004,27390.12,0.02338946398207104,0.16381359100341797,-0.0031069752781809857
2023-10-11,-0.004321426540286491,0.526982,26617.197999999997,26875.52,0.024629564450314015,0.16189205646514893,-0.0006996046294700537
2023-10-12,0.0038182399293200187,0.52528167,26623.7362,26759.63,0.024015815122801838,0.15169000625610352,0.0005791888387658579
2023-10-13,-0.0003544668067039467,0.5243473,26637.3752,26862.0,0.02339871046951499,0.14608383178710938,-5.178186936465316e-05
2023-10-14,0.011171707530674917,0.52374697,26653.2246,26852.48,0.022268627085621287,0.14248180389404297,0.0015917650415472266
2023-10-15,0.04840156611029453,0.5231715,26675.960199999994,27154.15,0.02172428319894631,0.1390289068222046,0.006729216824796914
2023-10-16,-0.0036863346095197267,0.5234144,26723.9404,28500.78,0.026455661364222022,0.1404862403869629,-0.0005178792900997694
2023-10-17,-0.0026768518861103275,0.524001,26769.4586,28395.91,0.026025933201171008,0.14400601387023926,-0.00038548276983977996
2023-10-18,0.01380644022600064,0.5244683,26781.5318,28320.0,0.02634907369603519,0.14680981636047363,0.00202692095417101
2023-10-19,0.03272936881268124,0.5246264,26809.806200000003,28713.71,0.02616197969524542,0.14775824546813965,0.004836034111041428
2023-10-20,0.008082108028452294,0.52516174,26884.3714,29669.04,0.02743349747253883,0.150970458984375,0.0012201595586167448
2023-10-21,0.002759830846653565,0.5261091,26966.466399999998,29909.8,0.027454575184828328,0.15665459632873535,0.0004323401872181061
2023-10-22,0.09768020786547688,0.5277158,27048.9254,29992.46,0.026871256231021583,0.16629481315612793,0.016243711916041216
2023-10-23,0.02545906657086265,0.52933925,27190.901,33069.99,0.033123397656137046,0.17603552341461182,0.004481700109449253
2023-10-24,0.016759533553249224,0.5313611,27352.8352,33922.73,0.035138124581339886,0.18816661834716797,0.003153584753790803
2023-10-25,-0.01003363081588025,0.5332558,27526.914200000003,34496.05,0.03509626354203499,0.19953489303588867,-0.002002059451608262
2023-10-26,-0.00763160546721126,0.53548133,27694.748399999997,34151.66,0.03516248657034493,0.21288800239562988,-0.0016246772429861728
2023-10-27,0.005560455807826632,0.5363808,27847.4888,33892.02,0.034700951347765276,0.2182849645614624,0.0012137638989570142
2023-10-28,0.012969433130901344,0.5370054,28010.8988,34081.0,0.0333710014005863,0.2220325469970703,0.0028796362711622134
2023-10-29,-0.0014828854979810758,0.5379307,28183.3844,34525.89,0.03228474193782852,0.2275843620300293,-0.00033748155002160545
2023-10-30,0.004775852062776867,0.5388956,28356.046799999996,34474.73,0.03166653379096206,0.23337364196777344,0.0011145579893895407
2023-10-31,0.022314560261213128,0.53941274,28545.5918,34639.77,0.03069866892515827,0.23647642135620117,0.0052768673547089785
2023-11-01,-0.013639193957310053,0.5399773,28737.2184,35421.43,0.030870623480428953,0.23986387252807617,-0.0032715498807619255
2023-11-02,-0.0064546666973641625,0.5406765,28911.6102,34941.59,0.032503736281623986,0.24405884742736816,-0.0015753185146865146
2023-11-03,0.00989677583723088,0.5401726,29075.4912,34716.78,0.032077981034918615,0.24103546142578125,0.0023854739305544676
2023-11-04,-0.0014324869251003767,0.53946495,29244.732600000003,35062.07,0.03085791800417852,0.23678970336914062,-0.00033919815407469053
2023-11-05,0.0009766198683485855,0.53888625,29413.776799999996,35011.88,0.03059625201200682,0.23331749439239502,0.00022786250065692267
2023-11-06,0.010022908737337355,0.538416,29584.1484,35046.09,0.029504921642621876,0.23049616813659668,0.0023102420575390747
2023-11-07,0.0063528178351219345,0.5382966,29756.880599999997,35399.12,0.02987838158384721,0.22977948188781738,0.0014597471906820038
2023-11-08,0.029766675983155067,0.53822577,29925.1698,35624.72,0.02958557468000785,0.2293546199798584,0.006827124658180108
2023-11-09,0.01623057053490802,0.5382036,30116.6916,36701.09,0.03141187667759575,0.22922158241271973,0.003720397061472879
2023-11-10,-0.004611757237879132,0.53825516,30331.362600000004,37301.63,0.03099891626561523,0.229530930519104,-0.0010585409301386102
2023-11-11,-0.0017756126342137468,0.5386101,30542.3598,37130.0,0.03034389089344868,0.2316606044769287,-0.0004113394961588283
2023-11-12,-0.016353527492521336,0.53854704,30752.123199999998,37064.13,0.02917301270481103,0.23128223419189453,-0.003782280375388905
2023-11-13,-0.0253224983929354,0.5387082,30956.4142,36462.93,0.029661299375980672,0.23224925994873047,-0.0058811315118121625
2023-11-14,0.06287397140001015,0.53803873,31141.341800000002,35551.19,0.032154825753914984,0.22823238372802734,0.014349876367072134
2023-11-15,-0.04579700167213188,0.5363499,31374.0724,37858.2,0.032981815144268095,0.21809935569763184,-0.009988296557575332
2023-11-16,0.012377896572665345,0.53622997,31569.882800000003,36163.51,0.03685988208878329,0.21737980842590332,0.002690704785681638
2023-11-17,-0.001252220312786142,0.5347341,31761.733399999997,36613.92,0.03563764680738708,0.20840442180633545,-0.0002609682502603445
2023-11-18,0.021420590373204398,0.53390265,31954.9562,36568.1,0.034436242321119526,0.2034158706665039,0.004357288040955904
2023-11-19,0.0023772666332884944,0.53321767,32162.902199999997,37359.86,0.03343248874727755,0.19930601119995117,0.0004738035302394669
2023-11-20,-0.046657457238005864,0.5327432,32352.026399999995,37448.78,0.03301734545853266,0.19645929336547852,-0.009166291079208662
2023-11-21,0.045576998787717926,0.5319443,32516.969200000003,35741.65,0.035949277626258075,0.1916656494140625,0.008735545070991895
2023-11-22,-0.003053710529443689,0.5298127,32716.606799999998,37408.34,0.03615048424785395,0.17887616157531738,-0.0005462360180690173
2023-11-23,0.011180012954367782,0.528713,32906.921,37294.28,0.03517146956739123,0.17227792739868164,0.001926069460068893
2023-11-24,0.0017776195288349984,0.5280662,33112.984599999996,37713.57,0.0344978521046005,0.16839730739593506,0.00029934634223024445
2023-11-25,-0.008859513391713852,0.5282217,33309.976200000005,37780.67,0.032538149199718265,0.16933035850524902,-0.0015001845788009613
2023-11-26,-0.005482130309367848,0.5278657,33499.791399999995,37447.43,0.03175060536336092,0.16719424724578857,-0.0009165806503780794
2023-11-27,0.01535223194675372,0.5279494,33686.3044,37242.7,0.03129846622564782,0.16769635677337646,0.0025745133658104397
2023-11-28,0.0009453771250752638,0.52762103,33890.8794,37818.87,0.031469365964143486,0.1657261848449707,0.00015667374417843016
2023-11-29,-0.0034581251896556686,0.5276612,34100.1698,37854.64,0.030854428913460193,0.16596722602844238,-0.0005739354449862326
2023-11-30,0.025092382063089787,0.52749753,34317.138600000006,37723.96,0.029972676868683816,0.16498517990112305,0.004139871168826582
2023-12-01,0.019655100831166433,0.527171,34555.5964,38682.52,0.02969610936621834,0.1630260944366455,0.0032042943242635282
2023-12-02,0.013142794289187723,0.5280302,34807.3634,39450.35,0.028985610082858337,0.16818130016326904,0.002210372231333979
2023-12-03,0.049271977534901416,0.5288117,35069.759,39972.26,0.028306312598357985,0.17287015914916992,0.008517654598052734
2023-12-04,0.04839691964470645,0.5297638,35366.498,41991.1,0.029184440663271388,0.17858290672302246,0.008642862586592226
2023-12-05,-0.007072982823143485,0.53068984,35677.9488,44073.32,0.030801478669702207,0.18413901329040527,-0.0013024120780736263
2023-12-06,-0.011249508685349425,0.5319134,35985.2844,43762.69,0.030374429739250607,0.19148039817810059,-0.0021540604023787087
2023-12-07,0.020536119557329653,0.5329406,36284.3472,43273.14,0.030547979290671948,0.19764375686645508,0.004058835820769315
2023-12-08,-0.010408972260493799,0.5336236,36593.4928,44170.99,0.030407305142568078,0.20174145698547363,-0.002099921229553398
2023-12-09,0.0017350244818206502,0.5344168,36874.384,43713.6,0.029794715779742943,0.20650076866149902,0.0003582838891424833
2023-12-10,-0.05966075735492428,0.5349305,37151.978200000005,43789.51,0.02841131478459082,0.20958316326141357,-0.012503890249016675
2023-12-11,0.005776503301278852,0.5357274,37377.197,41253.4,0.03420675315307143,0.21436429023742676,0.0012382760302327937
2023-12-12,0.032639616880829996,0.53414214,37545.645,41492.39,0.03403206384321133,0.20485281944274902,0.00668631754356917
2023-12-13,0.0035680023564587876,0.5332909,37724.570999999996,42869.03,0.035452052867830396,0.1997455358505249,0.0007126925426067961
2023-12-14,-0.025470477640977214,0.5330943,37895.095199999996,43022.26,0.03615626045909372,0.19856572151184082,-0.00505756377003185
2023-12-15,0.008020387258140575,0.53268474,38050.867999999995,41940.3,0.03684935575991356,0.19610846042633057,0.001572865797216907
2023-12-16,-0.021599191335207872,0.5313747,38218.5882,42278.03,0.035835193598031785,0.1882481575012207,-0.004066007972369213
2023-12-17,0.030541766708551847,0.5304308,38364.4612,41374.65,0.03602552368576643,0.1825847625732422,0.005576461223048291
2023-12-18,-0.008990828549252048,0.5290998,38527.0994,42657.8,0.036154742151240885,0.17459893226623535,-0.0015697890648881934
2023-12-19,0.03241755264462973,0.52820766,38683.1246,42275.99,0.036723923093749375,0.16924595832824707,0.0054865397639967586
2023-12-20,0.004406916568444891,0.5272327,38863.707800000004,43668.93,0.036410363601008,0.16339623928070068,0.0007200735941077059
2023-12-21,0.0024419680670525194,0.5266538,39032.515199999994,43861.8,0.03521719037615315,0.15992295742034912,0.0003905267552090923
2023-12-22,-0.006088221088727501,0.5272192,39213.0642,43969.04,0.034223239304828075,0.1633150577545166,-0.0009942981787277978
2023-12-23,-0.016395107062850675,0.5277279,39392.7718,43702.16,0.03311294112073678,0.16636741161346436,-0.002727611525172095
2023-12-24,0.013507101635684676,0.52779055,39551.3604,42991.5,0.03365846681001267,0.16674327850341797,0.002252218409812942
2023-12-25,-0.02479535186467053,0.52714616,39722.6454,43576.13,0.03260837279199575,0.16287696361541748,-0.004038591623493416
2023-12-26,0.02140979529821103,0.52717507,39871.9022,42508.93,0.03432453065801554,0.16305041313171387,0.0034908759684387338
2023-12-27,-0.02012077980823538,0.5263414,40032.4968,43428.85,0.03379352981669636,0.15804827213287354,-0.003180054482657612
2023-12-28,-0.011740790238734814,0.5266341,40171.2776,42563.76,0.03461154308926829,0.1598045825958252,-0.0018762320834461558
2023-12-29,0.0017416561151908701,0.52609277,40278.5948,42066.95,0.035593884735533925,0.1565566062927246,0.00027266777072325327
2023-12-30,0.0033947781497301243,0.5255619,40375.3678,42140.28,0.03484494476065772,0.15337157249450684,0.0005206624630941016
2023-12-31,0.04386318131378095,0.5249872,40478.4394,42283.58,0.033822728205238545,0.14992332458496094,0.006576113969434974
2024-01-01,0.01722000317113513,0.52446795,40620.747800000005,44179.55,0.0332979341290225,0.14680767059326172,0.0025280285531629285
2024-01-02,-0.04788769521256018,0.52482086,40790.4274,44946.91,0.03314295957282576,0.14892518520355225,-0.007131683878501787
2024-01-03,0.03002352150755492,0.52506137,40936.3082,42845.23,0.04020410385689324,0.15036821365356445,0.004514583296680406
2024-01-04,-0.0001356796630157846,0.5240866,41062.1662,44151.1,0.039651192960088386,0.14451956748962402,-1.9608366216179126e-05
2024-01-05,-0.004012787545087865,0.52388906,41221.7982,44145.11,0.03991030815595925,0.14333438873291016,-0.0005751704498902043
2024-01-06,-0.000894225072540774,0.5239889,41368.8862,43968.32,0.03853643822874439,0.14393341541290283,-0.0001287088688386444
2024-01-07,0.06653020711240704,0.52392125,41516.1046,43929.02,0.03729306930023815,0.14352750778198242,0.009548914819062903
2024-01-08,-0.018075510415030107,0.5240816,41707.9282,46951.04,0.03859828364819748,0.14448952674865723,-0.002611721945608125
2024-01-09,0.01172860796383382,0.52523893,41881.1526,46110.0,0.04148823353079941,0.15143358707427979,0.00177610517535132
2024-01-10,-0.006771062230729273,0.52572525,42099.399399999995,46653.99,0.04327429876441298,0.15435147285461426,-0.0010451234281033132
2024-01-11,-0.0798528754667809,0.526351,42278.0158,46339.16,0.0456407606185647,0.15810585021972656,-0.012625206768165339
2024-01-12,0.0015242196406752171,0.52611375,42387.7848,42782.73,0.05427747300092116,0.15668249130249023,0.0002388185305931795
2024-01-13,-0.02638212870563945,0.5239107,42490.4732,42847.99,0.05169217329555865,0.14346420764923096,-0.003784891190854595
2024-01-14,0.01848861088034885,0.5232933,42569.506799999996,41732.35,0.051609113823487617,0.0,0.0
2024-01-15,0.014637901828299413,0.5221115,42670.78020000001,42511.1,0.049871655061066576,0.0,0.0
2024-01-16,-0.008423584725432613,0.52165455,42788.68519999999,43137.95,0.04816656447689431,0.12992727756500244,-0.001094453430713598
2024-01-17,-0.03445139745815894,0.5215816,42887.82979999999,42776.1,0.04676977339313401,0.0,-0.0
2024-01-18,0.007990013891329613,0.5214842,42957.287000000004,41327.5,0.048834467791848246,0.0,0.0
2024-01-19,0.0008880084302503328,0.520018,43035.98840000001,41659.03,0.04827206572651307,0.0,0.0
2024-01-20,-0.002778941360300473,0.51903516,43096.258799999996,41696.04,0.045497360430076,0.0,-0.0
2024-01-21,-0.049606002668420156,0.5180275,43138.8584,41580.33,0.04301860121468365,0.0,-0.0
2024-01-22,0.008294955472882228,0.5170212,43130.77359999999,39568.02,0.04605365872017769,0.0,0.0
2024-01-23,0.004683034141144241,0.515943,43088.903600000005,39897.6,0.045314249408971156,0.0,0.0
2024-01-24,-0.003092975166303934,0.5152427,43009.13479999999,40084.88,0.04378903923704574,0.0,-0.0
2024-01-25,0.04555239092628425,0.5152272,42933.1028,39961.09,0.04212822841404603,0.0,0.0
2024-01-26,0.00707902280697713,0.51505077,42904.110199999996,41823.51,0.041517436781242444,0.0,0.0
2024-01-27,-0.002128775638974226,0.5156063,42863.102999999996,42120.63,0.03964620547008268,0.0,-0.0
2024-01-28,0.029806119942710457,0.51624954,42829.4522,42031.06,0.0389692611838233,0.0,0.0
2024-01-29,-0.008385579459892248,0.51692873,42819.71600000001,43302.7,0.03764376225739855,0.10157239437103271,-0.000851743383929807
2024-01-30,-0.008444749797383772,0.5179896,42853.47,42941.1,0.03724265009969616,0.10793745517730713,-0.0009115048027386843
2024-01-31,0.011742435619609937,0.51850855,42875.222200000004,42580.0,0.0373387819709938,0.0,0.0
2024-02-01,0.0027134001651212595,0.5186894,42879.5004,43082.94,0.036589490232136146,0.1121363639831543,0.0003042708285479885
2024-02-02,-0.004382505832045197,0.5196626,42883.0552,43200.0,0.03544012328029464,0.11797571182250977,-0.0005170292451018325
2024-02-03,-0.010005694851545816,0.52061665,42904.471,43011.09,0.03388359213903317,0.12369990348815918,-0.0012377034874681886
2024-02-04,0.002950351987088814,0.5215775,42910.568,42582.88,0.033284424235410746,0.0,0.0
2024-02-05,0.009095988310426472,0.52230656,42937.249,42708.7,0.033009611558087765,0.0,0.0
2024-02-06,0.028605054685199374,0.52246237,42946.07199999999,43098.95,0.03174314780781326,0.13477420806884766,0.003855223591963826
2024-02-07,0.02095275967005496,0.5228515,42987.5442,44349.6,0.031235186567555112,0.1371091604232788,0.002872815286911972
2024-02-08,0.03991206359421791,0.52386886,43019.938599999994,45288.65,0.030426551831661625,0.143213152885437,0.005715932465492014
2024-02-09,0.013033381077871586,0.5246902,43085.358,47132.77,0.031630384513399626,0.1481412649154663,0.0019307815590012005
2024-02-10,0.01142945972783506,0.5259465,43160.999,47751.09,0.031040068251637437,0.15567898750305176,0.0017793267181362678
2024-02-11,0.03293568144658824,0.52756816,43252.955599999994,48299.99,0.030026717552072642,0.16540896892547607,0.005447857108938093
2024-02-12,-0.004370351494182536,0.5289029,43391.471,49917.27,0.030734542012461147,0.173417329788208,-0.0007578946863570405
2024-02-13,0.041300218103198914,0.5301836,43513.9402,49699.59,0.03163587123514179,0.18110167980194092,0.007479538874675853
2024-02-14,0.0016364577734705157,0.5311465,43699.665,51795.17,0.03207478858664597,0.18687915802001953,0.00030581985084148584
2024-02-15,0.004694246184426713,0.53276724,43868.687999999995,51880.0,0.031803844941998075,0.1966034173965454,0.0009229048419589857
2024-02-16,-0.009279917800631372,0.5343095,44059.895,52124.11,0.030772522930204726,0.2058570384979248,-0.00191033639594215
2024-02-17,0.009540032294676114,0.53595006,44251.4088,51642.64,0.030967896203173074,0.21570038795471191,0.0020577886670621183
2024-02-18,-0.00698552773070659,0.5368589,44451.3566,52137.67,0.030145671336937442,0.22115349769592285,-0.001544873890897625
2024-02-19,0.009306488030900633,0.53775,44641.1796,51774.73,0.029308555728162777,0.2265000343322754,0.0021079198585119033
2024-02-20,-0.007865510526459354,0.53790593,44802.765,52258.82,0.030003661546923775,0.22743558883666992,-0.001788897018086309
2024-02-21,-0.01087817419895304,0.5380243,44940.8146,51849.39,0.030480076629612017,0.22814583778381348,-0.0024818101661784053
2024-02-22,-0.010668655359765033,0.5378057,45109.6784,51288.42,0.030179262889559962,0.22683405876159668,-0.002420014396784165
2024-02-23,0.016109250933854777,0.53709984,45241.539399999994,50744.15,0.029770563608686414,0.22259902954101562,0.003585903624508773
2024-02-24,0.0031100616788884284,0.5363138,45390.0016,51568.22,0.02874398402940585,0.21788263320922852,0.0006776284280393249
2024-02-25,0.051753212367562834,0.53584456,45545.21220000001,51728.85,0.027545197143185138,0.21506738662719727,0.011130428133454082
2024-02-26,0.045937275755513214,0.5354171,45756.1612,54476.47,0.029543578075508406,0.21250247955322266,0.009761785001966698
2024-02-27,0.09037342510456357,0.5355091,45957.887200000005,57037.34,0.030131399111780106,0.21305465698242188,0.019254479085979385
2024-02-28,-0.021060790861507746,0.53608084,46284.3292,62432.1,0.03392273151332854,0.21648502349853516,-0.004559345804551239
2024-02-29,0.02035257099534111,0.5367999,46573.86899999999,61130.98,0.036039624332016996,0.22079944610595703,0.004493836402603484
2024-03-01,-0.006442143609634661,0.5369617,46894.8438,62387.9,0.03546706310177888,0.2217700481414795,-0.0014286744984430032
2024-03-02,0.018012936948412033,0.5373561,47278.934799999995,61987.28,0.03415144505584408,0.22413647174835205,0.0040373561334426005
2024-03-03,0.07817243529189463,0.53764236,47684.254400000005,63113.97,0.03330969291636328,0.22585415840148926,0.01765556958304574
2024-03-04,-0.06855316030923639,0.53832495,48214.5216,68245.71,0.03509272437639915,0.2299497127532959,-0.015763779521439553
2024-03-05,0.03621451680304252,0.53957796,48638.7798,63724.01,0.04610177834710482,0.23746776580810547,0.0085997803950386
2024-03-06,0.011273945248864211,0.53852594,49097.5016,66074.04,0.046542195475293424,0.2311556339263916,0.0026060359608526375
2024-03-07,0.019282486315176334,0.538748,49578.443,66823.17,0.045329659406407596,0.23248815536499023,0.004482949674266014
2024-03-08,0.0027716745979517753,0.5388179,50114.3768,68124.19,0.04538483317351753,0.23290729522705078,0.0006455432338584714
2024-03-09,0.009362842188647231,0.5387833,50647.461599999995,68313.27,0.04273742440733816,0.23269987106323242,0.0021787321700836035
2024-03-10,0.044283373561153284,0.53859013,51192.6584,68955.88,0.041172073427199356,0.23154079914093018,0.01025340770300577
2024-03-11,-0.008724217811494954,0.5386462,51802.6138,72078.1,0.042298141291740594,0.23187732696533203,-0.002022948305992789
2024-03-12,0.022424831790492365,0.5386807,52440.293600000005,71452.01,0.043998747802818684,0.23208403587341309,0.005204445465719884
2024-03-13,-0.02330791194500903,0.5385443,53103.7898,73072.41,0.04221480601416772,0.23126578330993652,-0.005390322513281539
2024-03-14,-0.02681836109117046,0.53866714,53729.87100000001,71388.94,0.04534875027139107,0.232002854347229,-0.006221936322066213
2024-03-15,-0.062322910279710986,0.53742075,54320.64619999999,69499.85,0.05026310926117228,0.22452449798583984,-0.013993020143568647
2024-03-16,0.046275814432356635,0.53656495,54790.1886,65300.63,0.05543112262295402,0.2193896770477295,0.010152435983435381
2024-03-17,-0.01152174525222046,0.5346334,55315.6456,68393.48,0.05370952023864592,0.20780038833618164,-0.002394223137721969
2024-03-18,-0.08763155563733493,0.53387034,55827.2242,67609.99,0.052976905776866624,0.20322203636169434,-0.01780866318616232
2024-03-19,0.09103531158594273,0.5328728,56199.91819999999,61937.4,0.06127395783884055,0.1972367763519287,0.017955511391404732
2024-03-20,-0.03508997737785613,0.5303999,56697.9064,67840.51,0.059658776225103176,0.18239951133728027,-0.0064003947265571775
2024-03-21,-0.026369007379098856,0.5295794,57156.3318,65501.27,0.061423153067031444,0.1774764060974121,-0.004679876661998606
2024-03-22,0.003026453038660462,0.5280088,57570.6058,63796.64,0.06347451273389319,0.16805291175842285,0.0005086042454470174
2024-03-23,0.04909491976870599,0.52639866,57986.405999999995,63990.01,0.0621101283675539,0.15839195251464844,0.007776240200715353
2024-03-24,0.038957731173826136,0.52467,58470.384000000005,67209.99,0.05900904289402061,0.14802002906799316,0.005766524500772808
2024-03-25,0.0015441704140665396,0.52385557,59016.3266,69880.01,0.05757103536334954,0.14313340187072754,0.00022102236443347377
2024-03-26,-0.007428938024621631,0.52363896,59561.912599999996,69988.0,0.055704384884057524,0.14183378219604492,-0.0010536743777321005
2024-03-27,0.01869009109453202,0.5241451,60089.33340000001,69469.99,0.05561770563545335,0.14487075805664062,0.0027076476650125217
2024-03-28,-0.01322713532737063,0.52395386,60617.9534,70780.6,0.053361412293897875,0.14372313022613525,-0.0019010452931744032
2024-03-29,-0.0038493164497219014,0.5240607,61109.1912,69850.54,0.0521598852626961,0.1443643569946289,-0.0005557040941329501
2024-03-30,0.024107423379159526,0.52467865,61558.1794,69582.18,0.0494228037523254,0.14807188510894775,0.0035696316248716702
2024-03-31,-0.02313609473301786,0.5246231,62028.75779999999,71280.01,0.046606248019392366,0.14773857593536377,-0.003418093688561729
2024-04-01,-0.06197960825197718,0.5252708,62455.754,69649.8,0.04759791098108166,0.1516249179840088,-0.009397653017887034
2024-04-02,0.007598003093028574,0.5254178,62766.6884,65463.99,0.05261522375371323,0.15250682830810547,0.001158747353192963
2024-04-03,0.03755725764251874,0.5245667,63091.96220000001,65963.28,0.05109746801726116,0.14740025997161865,0.005535949540328324
2024-04-04,-0.009789202703133824,0.52408576,63425.8146,68487.79,0.05012637567688798,0.1445145606994629,-0.0014146823282413792
2024-04-05,0.015731842680183246,0.52395463,63744.62699999999,67820.62,0.04995708951544062,0.14372777938842773,0.002261102814110829
2024-04-06,0.006717834111896003,0.523579,64080.06479999999,68896.0,0.04799132045435446,0.14147400856018066,0.0009503989206522487
2024-04-07,0.03205840927643814,0.52368104,64434.419799999996,69360.39,0.04581208812026335,0.14208626747131348,0.004555059715156826
2024-04-08,-0.03515415339654028,0.5236348,64824.066399999996,71620.0,0.04494238030435017,0.14180874824523926,-0.004985166488784503
2024-04-09,0.02125006308303191,0.5240185,65171.491799999996,69146.0,0.046890681215077286,0.14411115646362305,0.003062371165820672
2024-04-10,-0.00888603616768445,0.5235719,65538.937,70631.08,0.046321190091701575,0.14143145084381104,-0.0012567649874461902
2024-04-11,-0.04215402471169341,0.52323925,65902.0738,70006.23,0.045170453176410524,0.1394355297088623,-0.005877768765035442
2024-04-12,-0.04872735746222276,0.5229161,66218.6358,67116.52,0.050285012590828536,0.1374964714050293,-0.006699839711947152
2024-04-13,0.026815078915186055,0.52235174,66482.243,63924.51,0.05714647490597419,0.0,0.0
2024-04-14,-0.03473882339914055,0.52117157,66764.1154,65661.84,0.05569203979237958,0.0,-0.0
2024-04-15,0.005870468536476564,0.5205759,66997.93819999999,63419.99,0.05871471561430755,0.0,0.0
2024-04-16,-0.040238973210926274,0.51969504,67184.2766,63793.39,0.057297614334627746,0.0,-0.0
2024-04-17,0.035158006998813135,0.51897633,67269.0772,61277.37,0.061008956656709926,0.0,0.0
2024-04-18,0.005466825160537417,0.51771986,67289.8368,63470.08,0.05842328648033091,0.0,0.0
2024-04-19,0.01743741302682119,0.51698136,67343.57740000001,63818.01,0.06050205293369578,0.0,0.0
2024-04-20,8.623229100669178e-06,0.51640177,67394.63119999999,64940.59,0.057770932356196264,0.0,0.0
2024-04-21,0.028510785110948657,0.51618904,67453.7086,64941.15,0.05524769031741945,0.0,0.0
2024-04-22,-0.006084382651452649,0.5158819,67527.8156,66819.32,0.05278026632410901,0.0,-0.0
2024-04-23,-0.03251015685090299,0.51629794,67491.1814,66414.0,0.05083355872422148,0.0,-0.0
2024-04-24,0.0032417662557915235,0.5169443,67502.493,64289.59,0.052611438779741775,0.0,0.0
2024-04-25,-0.011356469895713836,0.5166187,67470.979,64498.34,0.05146834761281796,0.0,-0.0
2024-04-26,-0.004842030716018614,0.51676583,67409.9158,63770.01,0.05004326013166732,0.0,-0.0
2024-04-27,-0.005425173243951366,0.5166348,67316.6716,63461.98,0.0484187985888529,0.0,-0.0
2024-04-28,0.01177132522006203,0.51699454,67212.7786,63118.62,0.047003094852774874,0.0,0.0
2024-04-29,-0.051304831768252054,0.51706135,67110.981,63866.0,0.04588942504269128,0.0,-0.0
2024-04-30,-0.03876642553474422,0.51740885,66882.859,60672.0,0.05137985780342872,0.0,-0.0
2024-05-01,0.011848323644138173,0.51640016,66621.1182,58364.97,0.05484448429113406,0.0,0.0
2024-05-02,0.06269590851696512,0.514923,66340.88220000001,59060.61,0.05360850832986613,0.0,0.0
2024-05-03,0.01593467072506892,0.5138862,66170.74359999999,62882.01,0.05189043239300269,0.0,0.0
2024-05-04,0.0018757817997593531,0.5142025,66058.5874,63892.04,0.04965702518580512,0.0,0.0
2024-05-05,-0.013317207511333138,0.5150662,66032.8148,64012.0,0.04805882637282528,0.0,-0.0
2024-05-06,-0.013598050793730939,0.515764,65928.249,63165.19,0.048390623197800645,0.0,-0.0
2024-05-07,-0.018122013335120257,0.5159951,65822.2908,62312.08,0.04802697258540894,0.0,-0.0
2024-05-08,0.030275504659909153,0.5159569,65807.40340000001,61193.03,0.04790088868045629,0.0,0.0
2024-05-09,-0.03671917430504504,0.5156132,65712.0734,63074.01,0.04632272098698892,0.0,-0.0
2024-05-10,0.0004275402409262431,0.5157331,65618.0478,60799.99,0.0484784936030031,0.0,0.0
2024-05-11,0.01075965097938284,0.5156369,65558.6348,60825.99,0.04620358717619778,0.0,0.0
2024-05-12,0.023406346968515828,0.51633847,65508.51440000001,61483.99,0.043928887724692875,0.0,0.0
2024-05-13,-0.021886781008613777,0.5172912,65423.11619999999,62940.08,0.042912461703360015,0.0,-0.0
2024-05-14,0.07248226375544757,0.51788074,65257.065800000004,61577.49,0.043020670892983094,0.0,0.0
2024-05-15,-0.014779291590717515,0.51769763,65181.4358,66206.5,0.0426836101679458,0.10618579387664795,-0.0015693508104948064
2024-05-16,0.027051410361314365,0.5185517,65096.74019999999,65235.21,0.04257819147884067,0.11131024360656738,0.003011099077219123
2024-05-17,-0.0016246180943355483,0.519012,65021.6082,67024.0,0.04098061292868541,0.11407184600830078,-0.00018532318507934374
2024-05-18,-0.00962833180615985,0.5200882,64962.9014,66915.2,0.038969268793209,0.1205291748046875,-0.001160494887342173
2024-05-19,0.07515278314448008,0.5212237,64896.738,66274.01,0.038521913359580294,0.1273423433303833,0.009570131513418225
2024-05-20,-0.018338454758227797,0.5216099,64900.0702,71446.62,0.038634509557880364,0.12965941429138184,-0.0023777533029608203
2024-05-21,-0.014093766386815483,0.52320546,64910.041,70148.34,0.039406315451846356,0.13923275470733643,-0.0019623139182379833
2024-05-22,-0.017457094288918538,0.5241397,64984.0936,69166.62,0.038994397037208146,0.14483821392059326,-0.00252845435705035
2024-05-23,0.008501978114690344,0.524976,65024.221,67969.65,0.040823260661215416,0.1498560905456543,0.0012740732021722075
2024-05-24,0.01074556177134258,0.52506644,65025.465,68549.99,0.04034754741656474,0.1503986120223999,0.0016161175758108851
2024-05-25,-0.011363112097898122,0.5258074,65054.864,69290.57,0.038209396041595456,0.1548442840576172,-0.0017595129574654832
2024-05-26,0.013465947937329524,0.52617776,65047.0974,68507.67,0.03738098731344619,0.15706658363342285,0.0021150504379018856
2024-05-27,-0.0150623714003808,0.52649516,65048.618200000004,69436.43,0.03675412836591156,0.15897095203399658,-0.002394479521408178
2024-05-28,-0.010966160005080427,0.52667475,64984.185999999994,68398.39,0.03706319591041566,0.1600484848022461,-0.0017551172929121137
2024-05-29,0.010290184685345129,0.52640575,64954.3144,67652.42,0.03670742732891278,0.15843451023101807,0.0016303203708093782
2024-05-30,-0.011953148002230988,0.5262854,64908.7362,68352.17,0.03621528013362489,0.15771245956420898,-0.0018851603709668602
2024-05-31,0.003352974306247208,0.5257034,64859.411799999994,67540.01,0.03654363940910725,0.15422022342681885,0.0005170964466538273
2024-06-01,-1.800306465331948e-05,0.5250369,64872.418399999995,67766.85,0.034316832560734194,0.15022122859954834,-2.704442490778754e-06
2024-06-02,0.015292495676779325,0.52477044,64949.2408,67765.63,0.033133734376681885,0.14862263202667236,0.0022728109577394517
2024-06-03,0.02480167347858517,0.52470046,65012.20199999999,68809.9,0.03307745479704704,0.1482027769088745,0.0036756768815135077
2024-06-04,0.008050544645661345,0.5248251,65154.559,70537.84,0.0324900209983659,0.14895057678222656,0.001199133268382323
2024-06-05,-0.004354124285061161,0.52526367,65300.851200000005,71108.0,0.031307936756294105,0.1515820026397705,-0.0006600068788720298
2024-06-06,-0.020598830454873523,0.52584094,65491.285,70799.06,0.030794942726706607,0.15504562854766846,-0.0031937586152227205
2024-06-07,-0.00065106056369522,0.52602684,65608.99539999999,69355.6,0.03287437596084593,0.15616106986999512,-0.00010167031417680766
2024-06-08,0.004860162159083764,0.5255579,65718.8444,69310.46,0.030972924373351224,0.15334725379943848,0.0007452925201154448
2024-06-09,-0.0015538683361776106,0.5255929,65812.9954,69648.14,0.029366612627218968,0.15355753898620605,-0.00023860819761202458
2024-06-10,-0.032530322415029955,0.52567387,65904.9724,69540.0,0.02836285315606855,0.15404319763183594,-0.005011074884805802
2024-06-11,0.014010590579490376,0.5258651,65914.8708,67314.24,0.03096309032950647,0.15519046783447266,0.002174310106668367
2024-06-12,-0.02208343776467173,0.5248394,65951.8706,68263.99,0.03158885674838751,0.14903640747070312,-0.0032912362290495292
2024-06-13,-0.010977921824138023,0.5245934,66001.539,66773.01,0.03233821378619003,0.1475604772567749,-0.0016199073836573716
2024-06-14,0.0027860739213107213,0.523785,66032.45199999999,66043.99,0.03283893307092554,0.14270997047424316,0.0003976005270493119
2024-06-15,0.006751007092293841,0.52260524,66081.6168,66228.25,0.031078628159335736,0.13563144207000732,0.0009156488273526607
2024-06-16,-0.002591057844952401,0.52167165,66145.9146,66676.87,0.02969747018088437,0.13002991676330566,-0.00033691503590807086
2024-06-17,-0.020186188658431685,0.5210071,66213.6288,66504.33,0.02997716374422123,0.12604272365570068,-0.002544322198736544
2024-06-18,-0.0030879852219766885,0.52045524,66239.8152,65175.32,0.03117435016750251,0.0,-0.0
2024-06-19,-0.001607771373120505,0.51925874,66325.8626,64974.37,0.030204126448483103,0.0,-0.0
2024-06-20,-0.011261416759841722,0.518268,66455.963,64869.99,0.03021010963189258,0.0,-0.0
2024-06-21,0.001844936066219504,0.5171735,66557.62199999999,64143.56,0.03024888193469805,0.0,0.0
2024-06-22,-0.016505957689856198,0.5164321,66585.22200000001,64262.01,0.028706710291025603,0.0,-0.0
2024-06-23,-0.04724168823827901,0.51582825,66571.5814,63210.01,0.028617124034239053,0.0,-0.0
2024-06-24,0.024779622477455705,0.5151603,66497.2074,60293.3,0.03374380267895365,0.0,0.0
2024-06-25,-0.015342476362678105,0.5133437,66470.0238,61806.01,0.03306632643794723,0.0,-0.0
2024-06-26,0.013730655086801458,0.5129341,66441.082,60864.99,0.033263175868345665,0.0,0.0
2024-06-27,-0.020938861751513153,0.51216877,66451.35079999999,61706.47,0.03252947527884412,0.0,-0.0
2024-06-28,0.009205553774616642,0.5119833,66398.4274,60427.84,0.033401040427872994,0.0,0.0
2024-06-29,0.028853793809744524,0.5115018,66402.16119999999,60986.68,0.031715140149710365,0.0,0.0
2024-06-30,0.0020367312407112426,0.51152873,66441.0816,62772.01,0.03128232784126465,0.0,0.0
2024-07-01,-0.012229003319739846,0.5122374,66469.4016,62899.99,0.030538353423059664,0.0,-0.0
2024-07-02,-0.0315021343281225,0.5128332,66453.3094,62135.47,0.030410232931424957,0.0,-0.0
2024-07-03,-0.05388661548310068,0.5129523,66425.9312,60208.58,0.03256553362143779,0.0,-0.0
2024-07-04,-0.007410738462197537,0.51241124,66242.8014,57050.01,0.03658019763431787,0.0,-0.0
2024-07-05,0.027885405242016163,0.5115652,66070.673,56628.79,0.03934114271824019,0.0,0.0
2024-07-06,-0.04159356377998373,0.5102196,65894.7956,58230.13,0.03854035337470027,0.0,-0.0
2024-07-07,0.015222671228313616,0.5107757,65673.64779999999,55857.81,0.040792117948759476,0.0,0.0
2024-07-08,0.023272682322844962,0.5104064,65482.46,56714.62,0.042314396510146714,0.0,0.0
2024-07-09,-0.0055996280225802065,0.51053244,65214.5276,58050.0,0.040857061574787586,0.0,-0.0
2024-07-10,-0.006708538049520128,0.5112408,64966.0778,57725.85,0.04101281131591758,0.0,-0.0
2024-07-11,0.009532569171711086,0.5112201,64729.5432,57339.89,0.04157849936992566,0.0,0.0
2024-07-12,0.022460333746386348,0.51081586,64527.932199999996,57889.1,0.040690605637177545,0.0,0.0
2024-07-13,0.02656596839138983,0.5106572,64341.0128,59204.02,0.039470561777350296,0.0,0.0
2024-07-14,0.06257882518464983,0.51138073,64171.1596,60797.91,0.03830640028275323,0.0,0.0
2024-07-15,0.004929571655444641,0.5130334,64095.489,64724.14,0.03812227224052336,0.0782003402709961,0.0003854941808460284
2024-07-16,-0.014806827344029673,0.5156015,64007.640199999994,65043.99,0.038536926770612934,0.09360909461975098,-0.0013860537018655897
2024-07-17,-0.0015626673332034774,0.51732767,63921.43220000001,64087.99,0.038853247179029334,0.10396599769592285,-0.00016246426836332665
2024-07-18,0.040910757335444886,0.51893413,63848.142199999995,63987.92,0.038249590946008785,0.11360478401184082,0.0046476577508540486
2024-07-19,0.00717432290208512,0.5202285,63814.2988,66660.0,0.03847132886644074,0.12137103080749512,0.0008707549659718909
2024-07-20,0.015156828740989328,0.5217192,63806.2978,67139.96,0.03693140649673161,0.13031530380249023,0.0019751667420643397
2024-07-21,-0.009334516829783621,0.52345526,63814.2676,68165.34,0.036491221213162325,0.1407315731048584,-0.0013136612376292247
2024-07-22,-0.023916981434216472,0.52535737,63809.5952,67532.01,0.036227533868896815,0.152144193649292,-0.0036388298548339524
2024-07-23,-0.008529507623456261,0.52682555,63752.1174,65936.01,0.03695643303433328,0.16095328330993652,-0.0013728522570124189
2024-07-24,0.006463859817351855,0.52733433,63648.8806,65376.0,0.03678598371126766,0.16400599479675293,0.0010601117595715488
2024-07-25,0.03153462223775808,0.527575,63542.7196,65799.95,0.036889689478055245,0.1654500961303711,0.0052174062806720125
2024-07-26,-0.00016921384598440523,0.5272695,63484.898199999996,67907.99,0.03579716193004081,0.16361689567565918,-2.768624418530749e-05
2024-07-27,0.005191188977428364,0.5276817,63455.716199999995,67896.5,0.03613889532161526,0.1660902500152588,0.0008622058751375326
2024-07-28,-0.02170181316434392,0.52811974,63434.5046,68249.88,0.034693863805697375,0.16871845722198486,-0.0036614964360078676
2024-07-29,-0.008974685027823451,0.5289503,63377.23560000001,66784.69,0.03682844348562251,0.17370164394378662,-0.0015589175432106218
2024-07-30,-0.02385142421501373,0.5284126,63310.19560000001,66188.0,0.036337856190815386,0.17047548294067383,-0.004066083061877348
2024-07-31,0.011171199683345215,0.52774346,63256.4708,64628.0,0.03712005668954849,0.16646075248718262,0.0018595663054742208
2024-08-01,-0.06080893312569105,0.5262946,63198.271400000005,65354.02,0.037755591238215036,0.15776753425598145,-0.009593675439977148
2024-08-02,-0.013099436128860992,0.5253073,63092.7778,61498.33,0.04232793875822515,0.0,-0.0
2024-08-03,-0.04269555681819708,0.523511,62985.857800000005,60697.99,0.042586121994732294,0.0,-0.0
2024-08-04,-0.07388270778154322,0.5221896,62824.512800000004,58161.0,0.04617534097551321,0.0,-0.0
2024-08-05,0.03641232998749407,0.52038527,62571.3516,54018.81,0.05846963583372785,0.0,0.0
2024-08-06,-0.015975161468007117,0.51656884,62361.7052,56022.01,0.056292890107359286,0.0,-0.0
2024-08-07,0.11228735091416127,0.5150124,62160.882000000005,55134.16,0.0572302194745171,0.0,0.0
2024-08-08,-0.013842409307287744,0.5131553,62095.114400000006,61685.99,0.05677899703396514,0.0,-0.0
2024-08-09,0.001404713543484379,0.5136862,62014.47439999999,60837.99,0.056052220897564696,0.0,0.0
2024-08-10,-0.036964958668207114,0.5137254,61950.07340000001,60923.51,0.05341585340579384,0.0,-0.0
2024-08-11,0.010741321896940523,0.51410866,61839.085,58712.59,0.055812958185244184,0.0,0.0
2024-08-12,0.020687318243458014,0.51324683,61761.81760000001,59346.64,0.05496626418473133,0.0,0.0
2024-08-13,-0.031926101818424826,0.5130933,61767.6946,60587.15,0.05375024737719593,0.0,-0.0
2024-08-14,-0.019657942646201854,0.5133674,61705.24220000001,58683.39,0.055628159743486665,0.0,-0.0
2024-08-15,0.022910978337253942,0.51352537,61638.76359999999,57541.06,0.05736112229091125,0.0,0.0
2024-08-16,0.010431923382209742,0.51417935,61582.1262,58874.6,0.05535639324005428,0.0,0.0
2024-08-17,-0.018057579517003593,0.5149882,61563.4092,59491.99,0.051967454085429576,0.0,-0.0
2024-08-18,0.017158062435947308,0.5164505,61512.22260000001,58427.35,0.05142831758962915,0.0,0.0
2024-08-19,-0.007170849698593443,0.5163348,61445.5524,59438.5,0.04914202321050382,0.0,-0.0
2024-08-20,0.03565715238614722,0.5165005,61367.8286,59013.8,0.04941197277557828,0.0,0.0
2024-08-21,-0.012839442327577983,0.51620436,61348.239799999996,61156.03,0.04782300012745441,0.0,-0.0
2024-08-22,0.05887576421662603,0.5170095,61351.585,60375.84,0.04696269803604966,0.0,0.0
2024-08-23,0.0018685710918962383,0.5174687,61491.3296,64037.24,0.04626015876934268,0.1048121452331543,0.00019584894466230223
2024-08-24,0.0009813284334161388,0.5185032,61641.894,64157.01,0.04394837375654833,0.11101913452148438,0.00010894623335918383
2024-08-25,-0.021818360418123024,0.51972073,61761.6914,64220.0,0.04213360469543747,0.1183243989944458,-0.002581644383518612
2024-08-26,-0.05594960850125526,0.5210295,61901.215200000006,62834.0,0.04189799564388812,0.1261768341064453,-0.007059544470183447
2024-08-27,-0.006417925294743356,0.5214727,61955.2228,59415.0,0.04736902965550409,0.0,-0.0
2024-08-28,0.005475126375226921,0.5206518,61974.9208,59034.9,0.04714230984040564,0.0,0.0
2024-08-29,-0.003967156608714223,0.5201754,62007.583999999995,59359.01,0.046488838622532044,0.0,-0.0
2024-08-30,-0.00254026496747557,0.5199265,62043.265999999996,59123.99,0.04604956788616415,0.0,-0.0
2024-08-31,-0.028763415319443375,0.5199516,62064.9638,58973.99,0.04373916666564916,0.0,-0.0
2024-09-01,0.03144134758080365,0.51986724,62026.920600000005,57301.86,0.04413811013679915,0.0,0.0
2024-09-02,-0.028202897779850595,0.5193839,61993.605,59132.13,0.042492291053955654,0.0,-0.0
2024-09-03,0.008369626775024829,0.5191103,61848.8768,57487.73,0.0435611288851234,0.0,0.0
2024-09-04,-0.03138033882672037,0.5181294,61707.415,57970.9,0.04370172350753478,0.0,-0.0
2024-09-05,-0.040262751080288636,0.51711303,61549.25519999999,56180.0,0.04528554539322373,0.0,-0.0
2024-09-06,0.0036604367595428834,0.51580393,61348.7562,53962.97,0.0496793650779507,0.0,0.0
2024-09-07,0.01300733247035669,0.5144441,61098.7734,54160.86,0.04741887556961471,0.0,0.0
2024-09-08,0.03882199877924005,0.5139283,60853.3732,54869.95,0.045661477800929016,0.0,0.0
2024-09-09,0.010359360363052208,0.51374733,60630.90640000001,57042.0,0.045163211881746414,0.0,0.0
2024-09-10,-0.005183618786241656,0.5142094,60432.986,57635.99,0.043559785571061126,0.0,-0.0
2024-09-11,0.013758211280425158,0.5147371,60261.0258,57338.0,0.043693870124133206,0.0,0.0
2024-09-12,0.039888515176949337,0.51522315,60116.152200000004,58132.32,0.04157159861122269,0.0,0.0
2024-09-13,-0.008381917831569096,0.5154973,60010.1132,60498.0,0.040625752863056856,0.09298396110534668,-0.0007793839216388326
2024-09-14,-0.014456155768720775,0.51666856,59851.814000000006,59993.03,0.03948262032298916,0.10001134872436523,-0.0014457796357992775
2024-09-15,-0.01564652918074257,0.5174041,59676.524000000005,59132.0,0.03925553523316368,0.0,-0.0
2024-09-16,0.035438379599161005,0.5179702,59475.80619999999,58213.99,0.03913364421544012,0.0,0.0
2024-09-17,0.023691660342147144,0.5184577,59346.392199999995,60313.99,0.03946682359299518,0.11074626445770264,0.0026237628816934934
2024-09-18,0.01905308607791393,0.5196591,59257.832,61759.99,0.03880998598162682,0.11795461177825928,0.002247399371498094
2024-09-19,0.004012085061529829,0.52114177,59224.231799999994,62947.99,0.03796190258432893,0.12685060501098633,0.0005089354174105991
2024-09-20,0.0023375749611005414,0.52242154,59181.172399999996,63201.05,0.037124666933507154,0.1345292329788208,0.0003144721665473527
2024-09-21,0.0036209624041565595,0.52353513,59218.185,63348.96,0.035296591524011406,0.14121079444885254,0.0005113189777603748
2024-09-22,-0.0037625690717466927,0.5248134,59275.8004,63578.76,0.03450175222453243,0.1488804817199707,-0.0005601730959063106
2024-09-23,0.01446248637939056,0.5258231,59379.38020000001,63339.99,0.03464709387659832,0.1549386978149414,0.0022407988067891
2024-09-24,-0.017434692343162504,0.526075,59584.258,64262.7,0.03392003841347023,0.1564500331878662,-0.0027276581957080106
2024-09-25,0.03151578569135097,0.5266646,59726.85800000001,63152.01,0.034167244448517466,0.1599876880645752,0.005042137690297861
2024-09-26,0.009102584128001627,0.5268661,59927.6546,65173.99,0.0342155470742983,0.16119647026062012,0.001467304431684207
2024-09-27,0.0013378619530761801,0.527977,60009.3338,65769.95,0.03330616619774467,0.1678619384765625,0.0002245761008574075
2024-09-28,-0.003894573316477157,0.5289383,60109.734000000004,65858.0,0.03179443815452038,0.1736297607421875,-0.0006762138331328364
2024-09-29,-0.03528524055475455,0.5298006,60203.304,65602.01,0.030339940807720938,0.17880356311798096,-0.006309126736665197
2024-09-30,-0.04063624492665931,0.53019464,60295.60400000001,63327.59,0.0323005167071704,0.1811678409576416,-0.0073619807579887835
2024-10-01,-0.002577086316775542,0.5291183,60324.786799999994,60805.78,0.03589685814250117,0.17470979690551758,-0.0004502422270118433
2024-10-02,0.001703926352847916,0.527173,60326.02939999999,60649.28,0.03623395266045997,0.16303789615631104,0.0002778045677736203
2024-10-03,0.02170883041003728,0.5257038,60367.41579999999,60752.71,0.03552739907797971,0.15422272682189941,0.003347995021950122
2024-10-04,-0.00045108906551724495,0.5247172,60458.3146,62086.0,0.03461093719322966,0.14830327033996582,-6.689798363080653e-05
2024-10-05,0.012202629820996201,0.52433866,60521.982599999996,62058.0,0.0329374023442645,0.14603197574615479,0.0017819741420590223
2024-10-06,-0.009531284031326389,0.5244435,60588.541,62819.91,0.03155097426328324,0.14666104316711426,-0.0013978680587563863
2024-10-07,-0.0010211885021863328,0.52442575,60664.473999999995,62224.0,0.03227575456325189,0.14655447006225586,-0.0001496597397715868
2024-10-08,-0.024830482976427176,0.52363026,60718.9138,62160.49,0.031540401277942234,0.14178156852722168,-0.0035205048236863212
2024-10-09,-0.005119452832531935,0.5227203,60751.3582,60636.02,0.03266577755625841,0.0,-0.0
2024-10-10,0.03603669892744918,0.5210238,60734.765400000004,60326.39,0.03330108057165466,0.0,0.0
2024-10-11,0.010596362001929363,0.5199206,60778.048599999995,62540.0,0.03363111798372676,0.11952352523803711,0.0012665145411689816
2024-10-12,-0.0053332935199566596,0.5205306,60761.4282,63206.22,0.03202164681072022,0.1231834888458252,-0.000656973702827093
2024-10-13,0.04985708823410627,0.5215493,60735.6884,62870.02,0.031297331826212756,0.1292957067489624,0.006446307459674148
2024-10-14,0.014872066015212413,0.52232575,60772.968199999996,66083.99,0.03201750250183595,0.13395452499389648,0.0019921805387456497
2024-10-15,0.008105370403983361,0.52340066,60857.77099999999,67074.14,0.03264614147976715,0.14040398597717285,0.0011380263125406716
2024-10-16,-0.0029358340463448997,0.52435684,61021.8712,67620.01,0.031837325997942895,0.14614105224609375,-0.0004290458767527508
2024-10-17,0.014813986471420449,0.52523094,61189.6088,67421.78,0.030999228111454332,0.15138566493988037,0.0022426251923863766
2024-10-18,-0.0007309621248523259,0.52601045,61370.988600000004,68428.0,0.030248625033093977,0.15606272220611572,-0.00011407593903402061
2024-10-19,0.00951888488044817,0.52688575,61556.0688,68378.0,0.02882229025097797,0.1613144874572754,0.0015355340356543045
2024-10-20,-0.02425888605349007,0.52831864,61757.22880000001,69031.99,0.027855136764602936,0.16991186141967773,-0.004121872485316358
2024-10-21,0.0007195659176902162,0.53000987,61958.7416,67377.5,0.0293405405509206,0.18005919456481934,0.00012956445957559542
2024-10-22,-0.01129587277243706,0.5299763,62124.619000000006,67426.0,0.028564849424983878,0.17985785007476807,-0.0020316513915686397
2024-10-23,0.02268451715263484,0.5301298,62308.237400000005,66668.65,0.029196637812821342,0.18077874183654785,0.004100878470022915
2024-10-24,-0.022239429463163648,0.5301136,62512.785,68198.28,0.028953919949883913,0.18068146705627441,-0.0040182527418989415
2024-10-25,0.005896224370562871,0.5302974,62723.151600000005,66698.33,0.03089079058106746,0.18178439140319824,0.0010718415587794771
2024-10-26,0.013750632418520554,0.52947855,62985.74739999999,67092.76,0.029595894947511144,0.17687129974365234,0.002432092228160932
2024-10-27,0.02812846721520796,0.5291217,63262.9642,68021.7,0.02859595183499375,0.17473018169403076,0.004914892187287874
2024-10-28,0.03888698282937757,0.5291746,63564.8094,69962.21,0.028524468873111358,0.17504775524139404,0.006807079052393177
2024-10-29,-0.005399473668343945,0.5293659,63878.697799999994,72736.42,0.029267489242771602,0.17619538307189941,-0.0009513623313804954
2024-10-30,-0.02878461169591104,0.5298264,64172.872800000005,72344.74,0.02882977993266321,0.17895841598510742,-0.005151248513846636
2024-10-31,-0.011388795745506882,0.5299442,64431.953,70292.01,0.03061526392881292,0.17966508865356445,-0.0020461689972738318
2024-11-01,-0.0017465165389545408,0.5295024,64659.2268,69496.01,0.03164510523397349,0.17701435089111328,-0.0003091584914636318
2024-11-02,-0.008668122839253566,0.5286802,64836.76159999999,69374.74,0.030377402029374456,0.17208123207092285,-0.0014916212579208596
2024-11-03,-0.013555167807772158,0.5285713,65012.4208,68775.99,0.030439180446156986,0.17142784595489502,-0.0023237332188435177
2024-11-04,0.02218393837390412,0.52780485,65186.780999999995,67850.01,0.03145625603302906,0.16682910919189453,0.0037009266772863097
2024-11-05,0.08560223984821512,0.52726436,65409.941399999996,69372.01,0.03176175471845465,0.16358613967895508,0.014003339964641533
2024-11-06,0.0037760095920657505,0.52735806,65715.1014,75571.99,0.033786041965038316,0.16414833068847656,0.0006198256712012682
2024-11-07,0.00855685431952021,0.5281887,65997.0594,75857.89,0.033546382896999835,0.16913223266601562,0.001447239875658293
2024-11-08,0.0021892171563324633,0.5291537,66268.2952,76509.78,0.032420544058998954,0.17492222785949707,0.00038294274225390737
2024-11-09,0.04703330369431591,0.529647,66537.82340000001,76677.46,0.031143155661060275,0.17788195610046387,0.008366376063012087
2024-11-10,0.09803226217915882,0.5299955,66878.2444,80370.01,0.0320408383160508,0.17997300624847412,0.017643160933721803
2024-11-11,-0.007882034011635572,0.530842,67379.629,88647.99,0.034479165812608153,0.1850520372390747,-0.0014585864514408394
2024-11-12,0.027178568661184198,0.53251994,67871.8694,87952.01,0.036223174189893514,0.19511961936950684,0.005303071972178268
2024-11-13,-0.03432634643790914,0.5336447,68394.11940000001,90375.2,0.038375226453999024,0.20186805725097656,-0.006929392867944697
2024-11-14,0.041568314974823425,0.53526676,68877.591,87325.59,0.041067968372919,0.21160054206848145,0.008795877981546012
2024-11-15,-0.004902030249246929,0.5362462,69394.75259999999,91032.07,0.04032983681109335,0.21747708320617676,-0.0010660792403946696
2024-11-16,-0.008101554091419313,0.5377346,69891.09199999999,90586.92,0.03899214845633371,0.22640776634216309,-0.0018342547657384592
2024-11-17,0.006744588166355547,0.53843355,70371.0518,89855.99,0.038670060700895105,0.23060131072998047,0.0015553108714955045
2024-11-18,0.02020817024435305,0.53883964,70868.2932,90464.08,0.0382067000983842,0.2330378293991089,0.004709268129871694
2024-11-19,0.021177619537080205,0.5390864,71447.9572,92310.79,0.03751368584405469,0.2345184087753296,0.004966541635485382
2024-11-20,0.04185951709945262,0.53972375,72117.57280000001,94286.56,0.03662838637037875,0.2383425235748291,0.009976902941107247
2024-11-21,0.005830172847894076,0.54039794,72870.9296,98317.12,0.036212512516190086,0.24238765239715576,0.001413161909670685
2024-11-22,-0.012409323871574746,0.54069495,73633.7154,98892.0,0.03521152166087745,0.2441697120666504,-0.003029981036664217
2024-11-23,0.002327936418892903,0.5410898,74345.4434,97672.4,0.034401180009572395,0.24653863906860352,0.0005739262765520948
2024-11-24,-0.051239836346874276,0.54080194,75062.2842,97900.04,0.03393390236668987,0.24481165409088135,-0.012544109091424355
2024-11-25,-0.011297312096130885,0.5410963,75666.0862,93010.01,0.03798308927617839,0.24657797813415527,-0.0027856683750144893
2024-11-26,0.04151142667791282,0.53950703,76260.9094,91965.16,0.03891906120776542,0.23704218864440918,0.00983995943348437
2024-11-27,-0.002288480239917697,0.5380436,76934.96179999999,95863.11,0.038705220975502934,0.22826170921325684,-0.0005223724110643776
2024-11-28,0.01880928130380514,0.5376904,77635.121,95643.98,0.037459782120658223,0.22614240646362305,0.004253576137893728
2024-11-29,-0.010852955416106586,0.5374229,78377.7932,97460.0,0.03652152859442973,0.22453737258911133,-0.0024368940939593384
2024-11-30,0.008029148706736931,0.53746957,79055.15299999999,96407.99,0.03529937589684556,0.2248173952102661,0.0018050922980044736
2024-12-01,-0.013931627244584067,0.5370678,79734.7322,97185.18,0.03409026856924162,0.22240662574768066,-0.0030984862066424
2024-12-02,9.463180488125695e-05,0.53647363,80394.1442,95840.62,0.034882984101962465,0.2188417911529541,2.0709393680251136e-05
2024-12-03,0.028161417666881416,0.5351177,80989.45820000001,95849.69,0.03442073783081536,0.21070611476898193,0.005933782902975151
2024-12-04,-0.01679234704122157,0.5339759,81619.7218,98587.32,0.03427128042322135,0.20385539531707764,-0.0034232105443897823
2024-12-05,0.028424916087496886,0.53318596,82206.2342,96945.63,0.04237373491027921,0.19911575317382812,0.005659848575664806
2024-12-06,0.0009134510578209996,0.5323531,82852.6154,99740.84,0.0424819530454341,0.19411861896514893,0.00017731785783646684
2024-12-07,0.012716305068205409,0.53278756,83480.6952,99831.99,0.040552842731571885,0.19672536849975586,0.002501619800498022
2024-12-08,-0.03864784755258232,0.53301734,84135.32699999999,101109.59,0.03908306879880686,0.19810402393341064,-0.007656294116531574
2024-12-09,-0.007050855728157901,0.5334344,84700.2166,97276.47,0.04290982613667959,0.2006063461303711,-0.0014144464047181537
2024-12-10,0.04585110055392514,0.5320798,85284.5266,96593.0,0.04309464409101597,0.19247889518737793,0.008825369177744883
2024-12-11,-0.011144290310743151,0.5309495,85958.50660000001,101125.0,0.042623409808854366,0.18569684028625488,-0.002069459497937729
2024-12-12,0.014099129370686553,0.53079206,86625.21940000002,100004.29,0.04232829848739859,0.18475234508514404,0.002604847214893172
2024-12-13,-4.190407172619906e-05,0.5306093,87289.7388,101424.25,0.04064920278844614,0.18365585803985596,-7.695928248238757e-06
2024-12-14,0.02957210835064263,0.5308462,87984.1722,101420.0,0.0391844266958537,0.18507707118988037,0.005473119202446742
2024-12-15,0.015149918553743596,0.53075093,88731.5968,104463.99,0.038069139711216185,0.18450558185577393,0.0027952445378260473
2024-12-16,0.0007076596818099129,0.5314573,89492.336,106058.66,0.03782217918118829,0.18874382972717285,0.00013356639848831553
2024-12-17,-0.057491789143001994,0.5317548,90215.7666,106133.74,0.03713597266798707,0.1905287504196167,-0.010953838744804255
2024-12-18,-0.02774708582409932,0.5320016,90765.11839999999,100204.01,0.041175223912329466,0.19200968742370605,-0.005327709276004056
2024-12-19,0.003519077229743537,0.53014815,91267.4608,97461.86,0.044513459003071194,0.18088889122009277,0.000636561978206184
2024-12-20,-0.005263536125710258,0.5286763,91817.7294,97805.44,0.045570937730450116,0.1720576286315918,-0.0009056315440064231
2024-12-21,-0.02188095438284901,0.5277399,92373.649,97291.99,0.04484610339835976,0.16643929481506348,-0.0036418506173619618
2024-12-22,-0.0032072803231183965,0.5267978,92889.87960000001,95186.27,0.044963639911991496,0.16078662872314453,-0.0005156877905242846
2024-12-23,0.039087452998785556,0.5258156,93411.9892,94881.47,0.04491159578591869,0.1548936367034912,0.006054397744458678
2024-12-24,0.007733974670366026,0.52464235,94028.26060000001,98663.58,0.0443900858183066,0.14785408973693848,0.0011434997849355075
2024-12-25,-0.03727485759295436,0.5245533,94629.4124,99429.6,0.042293407441358115,0.14731979370117188,-0.005491324330834596
2024-12-26,-0.01570409519397809,0.52427113,95033.8046,95791.6,0.04431672177556456,0.14562678337097168,-0.0022869368688505647
2024-12-27,0.010558907393903796,0.5227422,95402.62739999998,94299.03,0.044866221175998935,0.0,0.0
2024-12-28,-0.016524020398176582,0.52068925,95778.43179999999,95300.0,0.04242187436411937,0.0,-0.0
2024-12-29,-0.010144822242994745,0.5200095,96119.64660000001,93738.2,0.04182388529947349,0.0,-0.0
2024-12-30,0.008412972329420844,0.5193908,96368.08739999999,92792.05,0.04192207539387294,0.0,0.0
2024-12-31,0.0027963771631698223,0.5186244,96466.6476,93576.0,0.04181988750830216,0.0,0.0
