Date,Actual_Return_Daily,Target,LSTM_Prob,LSTM_Return,RF_Prob,RF_Return,XGB_Prob,XGB_Return
2023-01-06,-0.0004177703515806188,0,0.51588774,-0.0,0.5739524307260966,-2.2236923123670598e-05,0.58721036,-3.454528741425774e-05
2023-01-07,0.010816215147354305,1,0.52338374,0.0,0.5999875546463299,0.0012015025460996316,0.65551805,0.0025362353776253186
2023-01-08,0.0029400048985379155,1,0.49594027,0.0,0.5545345799763982,2.9625971874272352e-05,0.64305186,0.0006079397811965794
2023-01-09,0.015159630933365425,1,0.48549724,0.0,0.6128246470669307,0.002116441029008018,0.61914825,0.002329470896354457
2023-01-10,0.02841029515457346,1,0.50557774,0.0,0.554917933395947,0.00031048875406530226,0.5756574,0.0016198550457621353
2023-01-11,0.04911903051513352,1,0.5208276,0.0,0.6016755538433438,0.0056405624580391734,0.64774173,0.010668842075092081
2023-01-12,0.055893048509553726,1,0.5355371,0.0,0.6238924033170324,0.009177937073525336,0.6925522,0.017705949875399665
2023-01-13,0.050146827684418194,1,0.55149,0.00016604138048842185,0.6295755254038577,0.0088676892451651,0.63695806,0.009690379049852427
2023-01-14,-0.003988871656173911,0,0.5532001,-2.836631847283934e-05,0.6055418349996027,-0.0004923316696928957,0.64492434,-0.0008414244290209519
2023-01-15,0.014939473685250641,1,0.52439886,0.0,0.6013490216448724,0.0017047274613931904,0.67764705,0.004237732805842
2023-01-16,-0.0024026215431750143,0,0.49153996,-0.0,0.5694596697851086,-0.00010389827077505296,0.6771494,-0.0006788709018200792
2023-01-17,-0.021876742420547574,0,0.5016437,-0.0,0.5653481516997957,-0.0007461501363731527,0.6364063,-0.00420064035881145
2023-01-18,0.018880985981668756,1,0.5177566,0.0,0.5828676471839882,0.0013790524127362555,0.6721865,0.005126669763493423
2023-01-19,0.0729936990967774,1,0.5346001,0.0,0.5457224153043305,0.0,0.63770753,0.014226881367769005
2023-01-20,0.0051193975233281225,1,0.55233806,2.6598704026751815e-05,0.6047304107403965,0.0006226371759891474,0.70527107,0.0017664316742440158
2023-01-21,-0.0033267835189935463,0,0.5666855,-0.0001233533317742053,0.5870069280899382,-0.00027358675212930093,0.5984362,-0.0003580814137897238
2023-01-22,0.009142992475145141,1,0.54701436,0.0,0.5934281902700257,0.0008823635929955909,0.609044,0.0011996419546238483
2023-01-23,-0.012450835212587299,0,0.5191387,-0.0,0.5857397399883331,-0.0009888658069676693,0.61825025,-0.001888383407480255
2023-01-24,0.018736119160646474,1,0.5222396,0.0,0.5681679892476875,0.0007564391365644812,0.63336,0.003470762758600372
2023-01-25,-0.0022265840828143047,0,0.5326908,-0.0,0.5610393932526015,-5.462252733371143e-05,0.57603395,-0.00012881500494446474
2023-01-26,0.0027996835390564157,1,0.5453657,0.0,0.5765474680191917,0.0001651655760376831,0.5902952,0.00025069725671361616
2023-01-27,-0.002237034511835935,0,0.55156374,-7.773584845068157e-06,0.5676519636879014,-8.775122660335561e-05,0.6358079,-0.0004265670014325034
2023-01-28,0.03078192520585222,1,0.56427777,0.0009766596850946405,0.5501346959504008,9.213779268369247e-06,0.5849185,0.0023885740326385495
2023-01-29,-0.0393514588233174,0,0.5419154,-0.0,0.5905432231121668,-0.0035454110552511106,0.64264894,-0.008101934052007514
2023-01-30,0.013013096440887308,1,0.53208125,0.0,0.5362706771095056,0.0,0.6425284,0.0026757357066867896
2023-01-31,0.025932253556535844,1,0.53790915,0.0,0.5704576647901771,0.0011789185566966392,0.59284586,0.0024690873610949916
2023-02-01,-0.010322486493569127,0,0.54377764,-0.0,0.5652566655393867,-0.0003499704977049339,0.5428603,-0.0
2023-02-02,-0.002431330219096245,0,0.5452272,-0.0,0.5772758439154579,-0.0001473701856955672,0.6459108,-0.0005182017934562153
2023-02-03,-0.004493712909870792,0,0.55172515,-1.7227270837865504e-05,0.5186491228747621,-0.0,0.6009619,-0.0005089071380862338
2023-02-04,-0.017031632139821246,0,0.5480006,-0.0,0.5648226889519412,-0.0005610101901165655,0.62030435,-0.0026608834042922518
2023-02-05,-0.007457673107036351,0,0.5165844,-0.0,0.5333912128236633,-0.0,0.6233981,-0.0012163980784382126
2023-02-06,0.020779401555923737,1,0.50282156,0.0,0.5169262270431519,0.0,0.6413321,0.004217391043844009
2023-02-07,-0.01201050031064175,0,0.51659673,-0.0,0.559359026598811,-0.00024979242638294044,0.6315953,-0.002177778776094392
2023-02-08,-0.052141700352517424,0,0.5291161,-0.0,0.535078374343068,-0.0,0.57456905,-0.0028468249751869416
2023-02-09,-0.007883685677702989,0,0.5380704,-0.0,0.5888691022416823,-0.0006809595214398304,0.64014566,-0.001579288856775851
2023-02-10,0.010916288456747329,1,0.5333117,0.0,0.5600435559436091,0.0002436407862487014,0.6206584,0.0017140608393503317
2023-02-11,-0.0036204886304742638,0,0.52713466,-0.0,0.5397050309709271,-0.0,0.6145923,-0.0005196793090067312
2023-02-12,-0.00043941906477148134,0,0.50308454,-0.0,0.5487152484628625,-0.0,0.5797773,-2.9077128686613286e-05
2023-02-13,0.01936986197704005,1,0.49017304,0.0,0.5614933283291221,0.0004947204075375538,0.61552656,0.002820533726005387
2023-02-14,0.09138049119365944,1,0.4968392,0.0,0.49464943709898374,0.0,0.54903185,0.0
2023-02-15,-0.033711393282664585,0,0.5081607,-0.0,0.5096986376936345,-0.0,0.53610975,-0.0
2023-02-16,0.043770785975072134,1,0.5271114,0.0,0.5602237122880254,0.0009944442720663809,0.5828665,0.0031968701980524578
2023-02-17,0.002519415209186526,1,0.5182271,0.0,0.5228742416666254,0.0,0.5556372,3.156082031360176e-05
2023-02-18,-0.014730846119734737,0,0.51431066,-0.0,0.5326189056603396,-0.0,0.57391447,-0.0007828448434010646
2023-02-19,0.023230285350592204,1,0.47503227,0.0,0.5199818912672627,0.0,0.60131925,0.002649245832383339
2023-02-20,-0.015825264394064464,0,0.4707744,-0.0,0.5152980093249555,-0.0,0.6186731,-0.0024150434331039333
2023-02-21,-0.011101316717520895,0,0.48416933,-0.0,0.5119164155174942,-0.0,0.5676023,-0.0004342407053136982
2023-02-22,-0.01005818454576867,0,0.499018,-0.0,0.43114977307366537,0.0004213312470104257,0.5353112,-0.0
2023-02-23,-0.032041028461487375,0,0.5195919,-0.0,0.5134293001755086,-0.0,0.5752806,-0.001800036222470579
2023-02-24,-0.0012178923770018468,0,0.523808,-0.0,0.5046319289837492,-0.0,0.59504724,-0.0001219170468798226
2023-02-25,0.01703161058168721,1,0.5259849,0.0,0.4599315753333695,0.0,0.5407383,0.0
2023-02-26,-0.0026679753126395687,0,0.50529635,-0.0,0.5015700642083857,-0.0,0.5651615,-8.989010621113157e-05
2023-02-27,-0.015033201397948169,0,0.49135026,-0.0,0.5082234618816542,-0.0,0.55814,-0.0002719328379779643
2023-02-28,0.020842934243896633,1,0.5095125,0.0,0.5164349049177147,0.0,0.56702375,0.0007884994377827513
2023-03-01,-0.006949915104728103,0,0.5149275,-0.0,0.4815044042957255,-0.0,0.5529873,-4.6136094909667284e-05
2023-03-02,-0.048503100831987105,0,0.5190227,-0.0,0.4864216814886219,-0.0,0.5139423,-0.0
2023-03-03,-0.00034764393289772876,0,0.523008,-0.0,0.5083669905271408,-0.0,0.56561905,-1.2066365182698096e-05
2023-03-04,0.003737206709584325,1,0.51946795,0.0,0.48457218026405313,0.0,0.56639975,0.00013619827741050234
2023-03-05,-0.000902760617454153,0,0.4878954,-0.0,0.47190690691106346,-0.0,0.50157386,-0.0
2023-03-06,-0.009506895048812334,0,0.47774,-0.0,0.47963819707685446,-0.0,0.56407374,-0.0002973277216835302
2023-03-07,-0.022437472391169118,0,0.5011709,-0.0,0.534045792604655,-0.0,0.59132797,-0.002060655267842553
2023-03-08,-0.06388169730657518,0,0.5036073,-0.0,0.46300403917306676,-0.0,0.549377,-0.0
2023-03-09,-0.010442692083692516,0,0.504869,-0.0,0.46187682807897423,-0.0,0.55943,-0.0002188322152697142
2023-03-10,0.015024507857790617,1,0.5045518,0.0,0.4861974237607633,0.0,0.55817056,0.00027279648683310617
2023-03-11,0.07264804225261712,1,0.50760984,0.0,0.47730057201670356,0.0,0.4832146,0.0
2023-03-12,0.0918599391330703,1,0.4804278,0.0,0.5247654152758305,0.0,0.56399137,0.002856100262456828
2023-03-13,0.022833529552860565,1,0.47804812,0.0,0.5282666478220316,0.0,0.5397932,0.0
2023-03-14,-0.015718497080592527,0,0.4912367,-0.0,0.46103797531672747,-0.0,0.513826,-0.0
2023-03-15,0.028940970979109415,1,0.48522028,0.0,0.49142824610351815,0.0,0.5540676,0.0002616006347758545
2023-03-16,0.0915382366931726,1,0.46964702,0.0,0.4960063681446287,0.0,0.54766417,0.0
2023-03-17,-0.017960573857961144,0,0.46521586,-0.0,0.4926975452732195,-0.0,0.58742595,-0.0014937583879809082
2023-03-18,0.03883042537639571,1,0.48265073,0.0,0.5038643504912814,0.0,0.6066981,0.004892468191247626
2023-03-19,-0.009188807742989342,0,0.46491936,-0.0,0.45590312498110724,-0.0,0.5724134,-0.0004576715082933244
2023-03-20,0.013917915171174959,1,0.45647138,0.0,0.47803041275087105,0.0,0.532996,0.0
2023-03-21,-0.030875102511240874,0,0.47032607,-0.0,0.48210706658071045,-0.0,0.578386,-0.0019476014014833073
2023-03-22,0.037610483876124916,1,0.4983647,0.0,0.4751494481267146,0.0,0.5456674,0.0
2023-03-23,-0.030170604453767236,0,0.50136983,-0.0,0.5210515554017402,-0.0,0.59473586,-0.0029993503019866224
2023-03-24,0.00030882732901125104,1,0.51737785,0.0,0.43513525309095435,-1.0201422409664043e-05,0.38019866,-4.790346380077539e-05
2023-03-25,0.01822496367160109,1,0.5298699,0.0,0.4826284632026627,0.0,0.4149862,-0.001418055851665774
2023-03-26,-0.030610293346195108,0,0.5204828,-0.0,0.4549075016610599,-0.0,0.4281731,0.001484728013465194
2023-03-27,0.005007183266062188,1,0.5042895,0.0,0.4907791139482779,0.0,0.6019425,0.0005779676985322596
2023-03-28,0.039117969089514086,1,0.52254,0.0,0.47793371204892393,0.0,0.44247317,-0.0006542971423804428
2023-03-29,-0.011354726247076305,0,0.5308903,-0.0,0.5019699640394545,-0.0,0.5987142,-0.0012291910727627667
2023-03-30,0.01546498944228887,1,0.5364318,0.0,0.48462215558084004,0.0,0.40650135,-0.001494902155805605
2023-03-31,-0.00044379564413691034,0,0.5455317,-0.0,0.5112329009601172,-0.0,0.45425415,-0.0
2023-04-01,-0.009920151427765776,0,0.54724246,-0.0,0.47773501428750115,-0.0,0.58215284,-0.0007088021614075525
2023-04-02,-0.01328794166506373,0,0.51293635,-0.0,0.4554998514872143,-0.0,0.39923415,0.0014990524097188375
2023-04-03,0.01306073888880465,1,0.5001966,0.0,0.4672752864969083,0.0,0.420565,-0.0008543168861043073
2023-04-04,0.00016117729039769833,1,0.51087403,0.0,0.47119681081254866,0.0,0.39207715,-2.0746325383164732e-05
2023-04-05,-0.0048462984303144436,0,0.5224681,-0.0,0.4564166817331815,-0.0,0.38635188,0.0006854616253511769
2023-04-06,-0.004558093631494347,0,0.53593194,-0.0,0.49787899823033493,-0.0,0.40545484,0.0004512020923499202
2023-04-07,0.0011478259451552448,1,0.5457541,0.0,0.475049221370952,0.0,0.3880398,-0.00015804337643010794
2023-04-08,0.013699657615021985,1,0.546916,0.0,0.4586060783689065,0.0,0.54967636,0.0
2023-04-09,0.04533402443678367,1,0.52523905,0.0,0.4589440384667585,0.0,0.39269826,-0.005772707171133321
2023-04-10,0.018820778757940998,1,0.51126,0.0,0.47682570261327,0.0,0.3968168,-0.0022243316083646594
2023-04-11,-0.010396427448109471,0,0.5289562,-0.0,0.49671049060618194,-0.0,0.40220663,0.0011041782315130673
2023-04-12,0.01612230751029388,1,0.5382649,0.0,0.49648357308081126,0.0,0.39196,-0.00207941911955225
2023-04-13,0.003060121449609667,1,0.5388516,0.0,0.4975262173644537,0.0,0.4020844,-0.00032583886654883405
2023-04-14,-0.005656179900882534,0,0.5410974,-0.0,0.5214694398680598,-0.0,0.39412978,0.0007022487460460714
2023-04-15,0.00031551290745832457,1,0.54796714,0.0,0.5272671686489118,0.0,0.6043703,3.812117006025117e-05
2023-04-16,-0.029277429572032238,0,0.52678174,-0.0,0.523540077780793,-0.0,0.33919722,0.007208934112388266
2023-04-17,0.031761089816271876,1,0.510097,0.0,0.5293728565922529,0.0,0.3645835,-0.006028713269403856
2023-04-18,-0.053510138704066394,0,0.523798,-0.0,0.5285872993516034,-0.0,0.6022945,-0.0062184123533096415
2023-04-19,-0.01940603406257386,0,0.54212195,-0.0,0.5678722779345837,-0.0007707334097207068,0.63768315,-0.003781293454155384
2023-04-20,-0.03534405077145466,0,0.5386463,-0.0,0.5646818886567181,-0.0011531498180086374,0.5899374,-0.003136774931153309
2023-04-21,0.02011734939753183,1,0.540132,0.0,0.5508452753406103,3.778822080927791e-05,0.59583443,0.0020490379812122816
2023-04-22,-0.008166817188415205,0,0.52833736,-0.0,0.5704095834315048,-0.00037040297061512775,0.6530114,-0.0018695000684341673
2023-04-23,-0.002891754748673293,0,0.5094875,-0.0,0.5082446268026014,-0.0,0.6003393,-0.00032348635733791777
2023-04-24,0.028306339200071688,1,0.48730665,0.0,0.5086516627032488,0.0,0.5621499,0.0007642630059032723
2023-04-25,0.004037661120266265,1,0.50034046,0.0,0.5118838840752794,0.0,0.5335645,0.0
2023-04-26,0.0365394056503652,1,0.5076157,0.0,0.4960145226060862,0.0,0.5450934,0.0
2023-04-27,-0.005480032501360423,0,0.5174901,-0.0,0.4815564189270741,-0.0,0.53770745,-0.0
2023-04-28,-0.0027757795765594477,0,0.51658654,-0.0,0.5229507830506318,-0.0,0.58857405,-0.00023794008083589664
2023-04-29,9.441762633578723e-05,1,0.50335,0.0,0.48118668406314447,0.0,0.5700852,4.214218696883749e-06
2023-04-30,-0.040665991207925405,0,0.47592166,-0.0,0.4227812090343231,0.0024597313646679488,0.307254,0.012899795566258256
2023-05-01,0.021206996165195773,1,0.4606804,0.0,0.4697534747276142,0.0,0.5301332,0.0
2023-05-02,0.012351095602062214,1,0.48295626,0.0,0.46304354703955264,0.0,0.5603654,0.00028449698605573936
2023-05-03,-0.006497982228264741,0,0.50446916,-0.0,0.49773290954466276,-0.0,0.5367581,-0.0
2023-05-04,0.02288090465334252,1,0.5165784,0.0,0.5074202792378099,0.0,0.5743355,0.0012373741391887867
2023-05-05,-0.02253281543081646,0,0.52617455,-0.0,0.5267398014013822,-0.0,0.5944442,-0.0022254511814631746
2023-05-06,-0.01459915625864984,0,0.5288441,-0.0,0.4970995626096718,-0.0,0.54651546,-0.0
2023-05-07,-0.027143379896367045,0,0.49835002,-0.0,0.45200355537008974,-0.0,0.5626119,-0.000760730417028111
2023-05-08,-0.0014655392981985705,0,0.4797171,-0.0,0.4963990307430668,-0.0,0.5722887,-7.258875033142978e-05
2023-05-09,-0.0010690420309266652,0,0.4868797,-0.0,0.525106797104994,-0.0,0.5879457,-9.014563979376888e-05
2023-05-10,-0.0230965139643067,0,0.4987392,-0.0,0.486606605002011,-0.0,0.55820256,-0.0004210008480783224
2023-05-11,-0.00645829172740886,0,0.51154387,-0.0,0.49958292726472864,-0.0,0.5402284,-0.0
2023-05-12,-0.0007366023552270455,0,0.5162912,-0.0,0.48662708902595675,-0.0,0.5685141,-3.030561644113476e-05
2023-05-13,0.005302016968638717,1,0.51613736,0.0,0.4747035122334636,0.0,0.5406276,0.0
2023-05-14,0.0090430011641092,1,0.48901635,0.0,0.44447875440511675,-0.00011095251187080473,0.3153052,-0.0027067668510917845
2023-05-15,-0.004734677357132959,0,0.4712451,-0.0,0.4566645497324402,-0.0,0.3648528,0.0008958767241681616
2023-05-16,0.013658322391184448,1,0.4850014,0.0,0.4844203139677947,0.0,0.5670637,0.0005179137908711268
2023-05-17,-0.021552134669642054,0,0.49057734,-0.0,0.47414469536785353,-0.0,0.52152705,-0.0
2023-05-18,0.002196585934586688,1,0.5020185,0.0,0.4705765997737087,0.0,0.5433217,0.0
2023-05-19,0.008231203535191795,1,0.50394094,0.0,0.48251395952077175,0.0,0.55738825,0.00013514235835405592
2023-05-20,-0.013171912518513606,0,0.5073321,-0.0,0.4964593311710612,-0.0,0.5567274,-0.00019691709563325534
2023-05-21,0.0037871532594394926,1,0.48377702,0.0,0.4876618413988502,0.0,0.35644263,-0.0007873690368887594
2023-05-22,0.01369903691712277,1,0.47082865,0.0,0.5044052812863165,0.0,0.5924906,0.001293511865633448
2023-05-23,-0.03326629631528951,0,0.48549742,-0.0,0.5121074158124415,-0.0,0.5480439,-0.0
2023-05-24,0.005483813844004058,1,0.500257,0.0,0.44891012390553037,-1.328150581133713e-05,0.52430063,0.0
2023-05-25,0.008730076726596555,1,0.5050337,0.0,0.5010798980617205,0.0,0.56470364,0.0002852529634290506
2023-05-26,0.005539576292267746,1,0.50843275,0.0,0.5208745589685884,0.0,0.56671506,0.00020576510535848567
2023-05-27,0.04409840842612671,1,0.5110958,0.0,0.5075846603092289,0.0,0.58806694,0.0037304241338716846
2023-05-28,-0.011777618425209708,0,0.49264938,-0.0,0.5258262595465467,-0.0,0.38016823,0.0018276707437719164
2023-05-29,-0.0015154032789555,0,0.4825201,-0.0,0.5298750501586834,-0.0,0.57366204,-7.968337471669992e-05
2023-05-30,-0.017632811059524262,0,0.49345914,-0.0,0.4625180231231439,-0.0,0.5471273,-0.0
2023-05-31,-0.014526721963616974,0,0.5026804,-0.0,0.5143859581459272,-0.0,0.55796933,-0.0002572624324956845
2023-06-01,0.015710863858149307,1,0.5012344,0.0,0.5593535019097788,0.00032655910022549823,0.59832877,0.001687303469492294
2023-06-02,-0.0063842684993772065,0,0.5084076,-0.0,0.5490181042431171,-0.0,0.58424157,-0.0004857939772052053
2023-06-03,0.0016975360281114345,1,0.52014387,0.0,0.5642293982541954,5.3677591544094525e-05,0.5991374,0.00018536118424293177
2023-06-04,-0.05250715845555731,0,0.49757296,-0.0,0.5004748717775994,-0.0,0.58422065,-0.003992951804568274
2023-06-05,0.05673457801927024,1,0.48397875,0.0,0.5458508067295813,0.0,0.64544183,0.01203300322703909
2023-06-06,-0.03325860556385626,0,0.49117744,-0.0,0.48423120080478327,-0.0,0.54042524,-0.0
2023-06-07,0.00602863973269374,1,0.5103529,0.0,0.5071274389181045,0.0,0.5152686,0.0
2023-06-08,-0.0007852550651334101,0,0.5055481,-0.0,0.5560739072647728,-1.0599036544029817e-05,0.59251165,-7.418329310841859e-05
2023-06-09,-0.024336519277700846,0,0.51057255,-0.0,0.5319468798006514,-0.0,0.59892637,-0.0026459937742924237
2023-06-10,0.003258464490493794,1,0.49988946,0.0,0.49932985762957893,0.0,0.4939424,0.0
2023-06-11,-0.0007856342026842933,0,0.48832676,-0.0,0.48217030885102585,-0.0,0.52989155,-0.0
2023-06-12,0.0011211542039807445,1,0.4711522,0.0,0.5324616691521292,0.0,0.5584896,2.1151468367708032e-05
2023-06-13,-0.03155784923802867,0,0.4818421,-0.0,0.48219730539366656,-0.0,0.55228585,-0.0001603025303833781
2023-06-14,0.018526725673652867,1,0.49382195,0.0,0.516868447268029,0.0,0.5776465,0.0011382195358583796
2023-06-15,0.028745138290379006,1,0.49394196,0.0,0.5099315982371944,0.0,0.55470026,0.0003002425584632418
2023-06-16,0.006507155969033793,1,0.506336,0.0,0.4989592915778511,0.0,0.5606672,0.00015425147811395202
2023-06-17,-0.006698102267960423,0,0.51517785,-0.0,0.5046046707741783,-0.0,0.55110633,-1.64672374884662e-05
2023-06-18,0.0189678131440085,1,0.49023128,0.0,0.5016864872981558,0.0,0.55297774,0.00012551334681584896
2023-06-19,0.05308872645011515,1,0.4647271,0.0,0.5160570410021101,0.0,0.5609522,0.0012920822986942026
2023-06-20,0.057849597296170514,1,0.48107427,0.0,0.46867094117439767,0.0,0.54078156,0.0
2023-06-21,-0.0036396889082070654,0,0.5059556,-0.0,0.484030129879738,-0.0,0.5427293,-0.0
2023-06-22,0.026533986237444202,1,0.52063453,0.0,0.5279709068678543,0.0,0.5018752,0.0
2023-06-23,-0.005262367873937984,0,0.51048577,-0.0,0.542967114074422,-0.0,0.62356937,-0.0008603311793425663
2023-06-24,-0.002123952410926466,0,0.5072813,-0.0,0.5266208245154003,-0.0,0.5777294,-0.00013087980064128323
2023-06-25,-0.00641095284669021,0,0.47593558,-0.0,0.5206464900420996,-0.0,0.61962277,-0.0009918849094211176
2023-06-26,0.013925651745678577,1,0.47132295,0.0,0.49031078215416235,0.0,0.55912125,0.00028226490991662117
2023-06-27,-0.020241978544881276,0,0.49645138,-0.0,0.5225796192576282,-0.0,0.5986127,-0.0021867056281093277
2023-06-28,0.012223257058951633,1,0.5205643,0.0,0.4891517487661005,0.0,0.5919073,0.001138319690205214
2023-06-29,0.0008105804662547625,1,0.5378655,0.0,0.5706561561226882,3.7207725913243786e-05,0.643567,0.0001685413258744886
2023-06-30,0.0037308892745919983,1,0.5487558,0.0,0.5526854387653111,2.2264610415716595e-05,0.61778367,0.0005619851198599963
2023-07-01,0.001017271646457164,1,0.551605,3.628210917266078e-06,0.5662359445671352,3.670303569243744e-05,0.6052456,0.0001248883597809213
2023-07-02,0.01745687224902878,1,0.5256779,0.0,0.5396224091961662,0.0,0.3917071,-0.002261359266127611
2023-07-03,-0.012586501609656327,0,0.5039687,-0.0,0.5668054061642039,-0.0004700472705259572,0.6081147,-0.0016254687008470123
2023-07-04,-0.008542384639438915,0,0.5209,-0.0,0.5186335051163098,-0.0,0.6210797,-0.0013493108874716843
2023-07-05,-0.02017875019166179,0,0.52804685,-0.0,0.5506452961381164,-2.893615460154288e-05,0.6017898,-0.0023223392365729818
2023-07-06,0.014916247025860701,1,0.5387935,0.0,0.5990139022542251,0.0016246743860564713,0.5999345,0.0016551898877566053
2023-07-07,-0.0019815498424806542,0,0.53739977,-0.0,0.588743947582336,-0.00017060680717523655,0.6636155,-0.0005002995787674085
2023-07-08,-0.004100239112277894,0,0.5418818,-0.0,0.5907667091852986,-0.00037145167884537707,0.6177577,-0.0006173836554769386
2023-07-09,0.008283044133908972,1,0.5150182,0.0,0.5688736859807619,0.000347403497662644,0.38862205,-0.0011297693216616306
2023-07-10,0.006898842392956891,1,0.49782178,0.0,0.536470500800719,0.0,0.42461392,-0.00038918770148966734
2023-07-11,-0.007937473335964864,0,0.51122904,-0.0,0.5559355652687566,-0.00010469642456585483,0.60596025,-0.0009870731566558456
2023-07-12,0.034748976139702924,1,0.5282617,0.0,0.5360444480026824,0.0,0.53387976,0.0
2023-07-13,-0.03698946968873567,0,0.53259987,-0.0,0.6417480816629398,-0.007541584190379904,0.69195366,-0.011668422384109785
2023-07-14,-0.0007422255191403193,0,0.5403994,-0.0,0.6139633285904627,-0.00010550047726444211,0.675511,-0.0002070165830722153
2023-07-15,-0.0019011428276580337,0,0.53134346,-0.0,0.5648137410547025,-6.258452790429096e-05,0.5868958,-0.00015587602456629078
2023-07-16,-0.0031138012758330853,0,0.50311863,-0.0,0.5987520275322923,-0.0003373425011766696,0.35292432,0.0006717208044439912
2023-07-17,-0.00929617827722886,0,0.47837365,-0.0,0.6099837953890226,-0.0012391556792914935,0.43898204,0.00022761070400625946
2023-07-18,0.0016758040032582482,1,0.5012207,0.0,0.5769008723562578,0.00010017908796834626,0.65756977,0.00040059073518408395
2023-07-19,-0.00365806621063334,0,0.5131315,-0.0,0.5621949803844815,-9.91334348529063e-05,0.64754826,-0.000792973214951333
2023-07-20,0.0034076103143899864,1,0.5223441,0.0,0.5546088386632904,3.490028036974986e-05,0.5547001,3.559108589340746e-05
2023-07-21,-0.0036089728683473903,0,0.5294888,-0.0,0.610147670068333,-0.0004823806874909427,0.6936859,-0.0011523521207446594
2023-07-22,0.009678127907075769,1,0.53285515,0.0,0.5783691323953432,0.0006101335376331054,0.65785354,0.002319600694237056
2023-07-23,-0.030621568131757492,0,0.5020155,-0.0,0.5558694917750867,-0.00039940676064357015,0.34033996,0.007462137966142193
2023-07-24,0.0017946972401168204,1,0.48780558,0.0,0.561999399191289,4.78561969148142e-05,0.63302594,0.0003311253739205813
2023-07-25,0.004201036310069169,1,0.4945573,0.0,0.546061110111253,0.0,0.5616355,0.00010862462951882592
2023-07-26,-0.004410782171051959,0,0.5024966,-0.0,0.5535379480104505,-3.467804001467503e-05,0.5377509,-0.0
2023-07-27,0.0031214513568593983,1,0.50744694,0.0,0.590585895374159,0.00028152644041115984,0.6038339,0.0003734220212525202
2023-07-28,0.0013213554199944793,1,0.5158754,0.0,0.6084067502677108,0.00017150239117889705,0.6882813,0.00040604161428103077
2023-07-29,-0.002449433712539638,0,0.5167703,-0.0,0.5796837562189446,-0.0001615742071055356,0.61866474,-0.0003737549089061637
2023-07-30,-0.0016693633056041337,0,0.49286553,-0.0,0.48689873524442595,-0.0,0.34011057,0.0004076563652930166
2023-07-31,0.016076157104390566,1,0.4768991,0.0,0.5791131764567325,0.001040062218947281,0.62391824,0.0026407134040876156
2023-08-01,-0.017659224099430867,0,0.48978838,-0.0,0.5423995208875599,-0.0,0.56627387,-0.0006386304281788483
2023-08-02,0.0002613924558795061,1,0.5034488,0.0,0.5303171395328371,0.0,0.5645543,8.454165610215863e-06
2023-08-03,-0.002732062666357572,0,0.50663,-0.0,0.5821707414575614,-0.00019531662596721162,0.61620617,-0.0004019541654681592
2023-08-04,-0.0014388313646510047,0,0.5072588,-0.0,0.6016469350817295,-0.00016513606685263703,0.64413714,-0.0003009943590164214
2023-08-05,0.0005601735343276643,1,0.50610226,0.0,0.560465122898291,1.3027299735797786e-05,0.6185553,8.533969646871808e-05
2023-08-06,0.004207247848642796,1,0.4838769,0.0,0.5860477397819133,0.0003370261681019772,0.3714229,-0.0007346518877978901
2023-08-07,0.01896787840738051,1,0.46935445,0.0,0.5810293640857166,0.0013079137889693583,0.63660157,0.0036503283816007224
2023-08-08,-0.006349552885029144,0,0.48965037,-0.0,0.5121655090430047,-0.0,0.5131615,-0.0
2023-08-09,-0.004276592986209428,0,0.50782585,-0.0,0.546166966560435,-0.0,0.58999276,-0.00038007271995530193
2023-08-10,-0.0010094804377126705,0,0.5120163,-0.0,0.6076925651682498,-0.00012942114653069224,0.6319222,-0.00018377518125158878
2023-08-11,0.0001406818655240356,1,0.51226014,0.0,0.5896518099717349,1.2396201329396052e-05,0.61561316,2.0512400487132192e-05
2023-08-12,-0.004301773191170979,0,0.5133922,-0.0,0.5839787626815929,-0.0003248198452729711,0.6081901,-0.0005562681115127192
2023-08-13,0.0043275966976988696,1,0.49357992,0.0,0.575409903178464,0.0002443640290754855,0.36103812,-0.0008555357899385125
2023-08-14,-0.0078774528796102,0,0.48081645,-0.0,0.5994381274558039,-0.0008654367099761301,0.6814348,-0.002300825425822678
2023-08-15,-0.016209084961303622,0,0.5001416,-0.0,0.5065407698916851,-0.0,0.59201497,-0.0015133866781685003
2023-08-16,-0.07616872037641167,0,0.5077027,-0.0,0.540698614783845,-0.0,0.53600514,-0.0
2023-08-17,-0.021619596661148415,0,0.50749314,-0.0,0.6106233745688482,-0.0029125620142582648,0.6254745,-0.0036260630200759905
2023-08-18,0.0017643901949644589,1,0.4984281,0.0,0.5653242019218222,6.008415914781896e-05,0.53529066,0.0
2023-08-19,0.003441579224086804,1,0.48965907,0.0,0.5821793847406601,0.0002461064488163369,0.5367102,0.0
2023-08-20,-0.0024110762869472635,0,0.4547004,-0.0,0.6060436475979857,-0.00030027891057229363,0.6694545,-0.000640030980560577
2023-08-21,-0.0027181324335439115,0,0.43988878,6.10747022764905e-05,0.5482324608531456,-0.0,0.6643113,-0.0006904737867542485
2023-08-22,0.01435456870308414,1,0.4464291,-0.00011390778903012881,0.5071711689836007,0.0,0.5045277,0.0
2023-08-23,-0.009604966342235453,0,0.46028885,-0.0,0.5381150720187936,-0.0,0.5493826,-0.0
2023-08-24,-0.004595714908301547,0,0.47263396,-0.0,0.5145549423338521,-0.0,0.5104987,-0.0
2023-08-25,-0.0016375635459644805,0,0.47064757,-0.0,0.5876402863808227,-0.00013697413519310762,0.6576035,-0.0003915723513340627
2023-08-26,0.00323873624067934,1,0.46667388,0.0,0.5976665725367591,0.00034306545765282724,0.6446474,0.0006811955576102671
2023-08-27,0.000698176287035663,1,0.441378,-1.3377043778654146e-05,0.5712081667399658,3.290453135409448e-05,0.3396245,-0.00017124789772674586
2023-08-28,0.059320826564098275,1,0.43365705,-0.0021543923674726983,0.5663120708396828,0.0021503233892935713,0.37510505,-0.009872955005952899
2023-08-29,-0.0151357950818478,0,0.45253742,-0.0,0.5540304082542299,-0.00013556318540491305,0.6124689,-0.002101147351728634
2023-08-30,-0.05107008806335594,0,0.48323163,-0.0,0.5523083018703321,-0.0002619670662103702,0.58309853,-0.003756320689790211
2023-08-31,-0.005246038619321044,0,0.48748264,-0.0,0.5568824592034816,-8.023477061636798e-05,0.62284625,-0.0008492314751975423
2023-09-01,0.0024948459526167835,1,0.48593253,0.0,0.558379079595503,4.645447292332114e-05,0.59161973,0.00023074397741105676
2023-09-02,0.003923561650647033,1,0.4813093,0.0,0.5448481107287759,0.0,0.63118815,0.0007078815536752812
2023-09-03,-0.005606105973525642,0,0.4665448,-0.0,0.560518783699856,-0.0001310431469644144,0.5537735,-4.701044509374377e-05
2023-09-04,-0.0013142673496244822,0,0.46642917,-0.0,0.5803086470871639,-8.851925617322361e-05,0.66575664,-0.0003380781344247681
2023-09-05,-0.0012472832474370724,0,0.47578752,-0.0,0.4647700663883845,-0.0,0.50670314,-0.0
2023-09-06,0.019035486849342184,1,0.48992482,0.0,0.5073116846109466,0.0,0.46804795,0.0
2023-09-07,-0.01320815513349337,0,0.50128263,-0.0,0.5182305509975755,-0.0,0.6257725,-0.00222403216185974
2023-09-08,-0.0003431630206622342,0,0.50851727,-0.0,0.5567627941590394,-5.157201937184131e-06,0.6620935,-8.548077312931749e-05
2023-09-09,-0.0023191454606873935,0,0.5066302,-0.0,0.5890276106186839,-0.0002011349022395463,0.6768237,-0.0006536056242577173
2023-09-10,-0.02663039767580389,0,0.48002052,-0.0,0.5606171407101431,-0.0006283081762023937,0.3611104,0.005260367569345871
2023-09-11,0.02657196307677719,1,0.46183857,0.0,0.566013641394824,0.0009455864174844743,0.6327803,0.0048880783013603634
2023-09-12,0.014671204201257093,1,0.47642717,0.0,0.5321542535806794,0.0,0.62241083,0.0023607866874344936
2023-09-13,0.011403348118842957,1,0.49172756,0.0,0.572779614019276,0.0005772530414992874,0.6133074,0.0016042586993364463
2023-09-14,0.0029091145916004006,1,0.49876615,0.0,0.5595043557707798,6.144280012563771e-05,0.6267756,0.0004963312239947807
2023-09-15,-0.0015173159554027868,0,0.5101069,-0.0,0.5876011895706854,-0.0001267841886171684,0.66129553,-0.0003752677315900572
2023-09-16,-0.0012115920994153866,0,0.50871766,-0.0,0.5769402844763887,-7.253474628354545e-05,0.6564688,-0.00028665945501731986
2023-09-17,0.008819719840065637,1,0.4863118,0.0,0.48079334710721766,0.0,0.48696116,0.0
2023-09-18,0.01659208048714994,1,0.47688648,0.0,0.54991476517713,0.0,0.6148115,0.002389682517103146
2023-09-19,-0.003138296199427117,0,0.49656156,-0.0,0.5369001037044896,-0.0,0.6370012,-0.0006067456653302773
2023-09-20,-0.020745316649489014,0,0.5127723,-0.0,0.5534419063949325,-0.00015867430675727844,0.57708347,-0.001248566471790073
2023-09-21,0.0004538251782273123,1,0.5213057,0.0,0.6234795701781012,7.410417562698456e-05,0.63276607,8.34696010690807e-05
2023-09-22,-0.0001572726369548166,0,0.52109945,-0.0,0.5987365724304464,-1.7033176138390485e-05,0.67935145,-4.520764697026174e-05
2023-09-23,-0.01240277490489352,0,0.5206883,-0.0,0.6033361664447026,-0.0014700365926746228,0.69005454,-0.0038601437731931184
2023-09-24,0.002147539347757194,1,0.5010382,0.0,0.5838747355019206,0.00016166072752275986,0.39324257,-0.0002708639852767328
2023-09-25,-0.0031656440496646743,0,0.48630947,-0.0,0.5877027218984298,-0.00026522977163094677,0.7183575,-0.0011843553661064115
2023-09-26,0.005754212215801185,1,0.49971965,0.0,0.5113894358187915,0.0,0.56254804,0.00016045339542221723
2023-09-27,0.024288394222757907,1,0.5103748,0.0,0.5037339990600634,0.0,0.46097746,0.0
2023-09-28,-0.0042437853832940535,0,0.5197476,-0.0,0.591016198251038,-0.0003868087613689913,0.61174005,-0.0005822477251081085
2023-09-29,0.002064247824862265,1,0.5272672,0.0,0.5811153781503369,0.00014273300370355475,0.64775616,0.0004484287196301607
2023-09-30,0.03748988079317705,1,0.5267434,0.0,0.5575342060149524,0.0006276810786040033,0.62921935,0.006599830668199499
2023-10-01,-0.017952769440012815,0,0.50002253,-0.0,0.5490743694212145,-0.0,0.62945074,-0.0031696901366298387
2023-10-02,-0.0024781075361443865,0,0.48875576,-0.0,0.5665025456818792,-9.087796182184826e-05,0.6246866,-0.00041129198198335237
2023-10-03,0.012756619276586195,1,0.50663745,0.0,0.5671193453573361,0.00048529993552873235,0.63759935,0.0024832697606190393
2023-10-04,-0.013342721522066095,0,0.51409924,-0.0,0.6276882252584257,-0.0023034941225927004,0.58805245,-0.0011282736462397537
2023-10-05,0.018818266735082634,1,0.51684225,0.0,0.6084925352505757,0.0024460625119034573,0.6764414,0.0052875715594481254
2023-10-06,0.0009154062279922295,1,0.526361,0.0,0.6396749585337536,0.00018242003452609534,0.7010978,0.0003073685509119787
2023-10-07,-0.0014181982742726472,0,0.53505373,-0.0,0.6244282942018939,-0.00023456461865373958,0.68447876,-0.0004238167197625204
2023-10-08,-0.011779875664382407,0,0.51223886,-0.0,0.54146365340439,-0.0,0.5990894,-0.0012850371511506965
2023-10-09,-0.007275373195296091,0,0.50144583,-0.0,0.6342853258728972,-0.001362682668027716,0.6915686,-0.0022888097910383036
2023-10-10,-0.01896652932854734,0,0.5114703,-0.0,0.5705528179748381,-0.0008662569442312486,0.6315865,-0.0034386942148079956
2023-10-11,-0.004321426540286491,0,0.5181343,-0.0,0.5747492956390301,-0.0002376716956175582,0.6470735,-0.0009322132945509536
2023-10-12,0.0038182399293200187,1,0.52362823,0.0,0.6482340804621789,0.0008335139743127263,0.7072142,0.0013339586947130292
2023-10-13,-0.0003544668067039467,0,0.52480376,-0.0,0.6492820114492767,-7.820483902571057e-05,0.675873,-9.91506447163491e-05
2023-10-14,0.011171707530674917,1,0.5264144,0.0,0.6208184548306204,0.0017581401447600057,0.68089074,0.0032494953800077655
2023-10-15,0.04840156611029453,1,0.50253487,0.0,0.5760572819729881,0.0028026961246003733,0.39432046,-0.005988836670656432
2023-10-16,-0.0036863346095197267,0,0.48560286,-0.0,0.5902785012499907,-0.0003299556292831648,0.65791065,-0.0008839882255208351
2023-10-17,-0.0026768518861103275,0,0.5134783,-0.0,0.5327225928195404,-0.0,0.48558077,-0.0
2023-10-18,0.01380644022600064,1,0.51479316,0.0,0.5628962386311708,0.0003956692173366645,0.60897917,0.0018095381544496606
2023-10-19,0.03272936881268124,1,0.513272,0.0,0.586809233897248,0.0026772066487450617,0.6309757,0.005889520150696478
2023-10-20,0.008082108028452294,1,0.5136919,0.0,0.614656358219911,0.0011612437152436227,0.6861883,0.0024459741595328796
2023-10-21,0.002759830846653565,1,0.52976465,0.0,0.580811394862198,0.00018896497326470474,0.66488445,0.0007045814026572506
2023-10-22,0.09768020786547688,1,0.5156647,0.0,0.6104680548236473,0.013125627031988702,0.6846396,0.02922582487988154
2023-10-23,0.02545906657086265,1,0.49831823,0.0,0.5956312062181004,0.0025816175929230635,0.6532722,0.005842697471608459
2023-10-24,0.016759533553249224,1,0.5262623,0.0,0.612858782616308,0.0023410752808320275,0.5960446,0.0017148574588520705
2023-10-25,-0.01003363081588025,0,0.531865,-0.0,0.556873390785454,-0.00015325570132115033,0.60837513,-0.0013015875822743651
2023-10-26,-0.00763160546721126,0,0.524718,-0.0,0.5763347514200535,-0.00044661429536651035,0.6011319,-0.0008671522961908337
2023-10-27,0.005560455807826632,1,0.5029298,0.0,0.5526627461009012,3.290240449227405e-05,0.5729392,0.00028344986144083746
2023-10-28,0.012969433130901344,1,0.50632524,0.0,0.5417618627634456,0.0,0.6111892,0.0017635308873832638
2023-10-29,-0.0014828854979810758,0,0.5028502,-0.0,0.5213667080182954,-0.0,0.6031527,-0.0001751540926703861
2023-10-30,0.004775852062776867,1,0.5106218,0.0,0.5159076577443285,0.0,0.61929506,0.0007354286933651841
2023-10-31,0.022314560261213128,1,0.53843445,0.0,0.527173167736066,0.0,0.58857244,0.0019127263567427725
2023-11-01,-0.013639193957310053,0,0.55752385,-0.0002280423271117599,0.5592730708528004,-0.0002810604709804954,0.5739457,-0.0007257775543527676
2023-11-02,-0.0064546666973641625,0,0.5666622,-0.00023899738553581393,0.5910681963996405,-0.0005890700436034887,0.61808896,-0.0009766477106765998
2023-11-03,0.00989677583723088,1,0.56500316,0.0003299617101619435,0.584131466014235,0.0007506477069754399,0.63156,0.0017937359668367674
2023-11-04,-0.0014324869251003767,0,0.5582828,-2.6366610475285437e-05,0.5738352486547107,-7.587484900975413e-05,0.5887545,-0.00012336724966869188
2023-11-05,0.0009766198683485855,1,0.5272101,0.0,0.5857716456716343,7.763399974765269e-05,0.6211928,0.00015450734208601215
2023-11-06,0.010022908737337355,1,0.5146494,0.0,0.5786088393565454,0.0006372084132262204,0.62944496,0.0017694876431726765
2023-11-07,0.0063528178351219345,1,0.533818,0.0,0.5546048333747946,6.500815020257691e-05,0.64558303,0.0013493812289193032
2023-11-08,0.029766675983155067,1,0.5473002,0.0,0.5702802701082352,0.0013415027314726711,0.594809,0.0029640322266494545
2023-11-09,0.01623057053490802,1,0.55868137,0.0003131186057618307,0.5867163730058033,0.0013242837374592934,0.6774556,0.0045970600598188366
2023-11-10,-0.004611757237879132,0,0.56884706,-0.0001931511496513167,0.595530067331186,-0.0004666080390127131,0.63511413,-0.0008722792721226611
2023-11-11,-0.0017756126342137468,0,0.5638164,-5.451689727393322e-05,0.6008355044783351,-0.0002005870311519139,0.6721303,-0.0004819023884033717
2023-11-12,-0.016353527492521336,0,0.5309531,-0.0,0.5759320285946081,-0.0009424003167972727,0.5921818,-0.0015329357033271854
2023-11-13,-0.0253224983929354,0,0.51090527,-0.0,0.5738775609371392,-0.0013436433299064937,0.6581827,-0.006087678828464952
2023-11-14,0.06287397140001015,1,0.52193,0.0,0.5792495653365995,0.004086747409857968,0.6656679,0.016161108367388797
2023-11-15,-0.04579700167213188,0,0.53617394,-0.0,0.5571847973668033,-0.0007312048378253685,0.588896,-0.0039584859093777305
2023-11-16,0.012377896572665345,1,0.5486963,0.0,0.5784813908953267,0.0007834215794400124,0.6138335,0.0017558314917021619
2023-11-17,-0.001252220312786142,0,0.54275656,-0.0,0.5703626143221306,-5.6663287279115463e-05,0.60681975,-0.00015811296529615702
2023-11-18,0.021420590373204398,1,0.5415061,0.0,0.5713181168062859,0.0010147703280790508,0.6054139,0.002637774425699283
2023-11-19,0.0023772666332884944,1,0.49988282,0.0,0.5456870808456362,0.0,0.59326464,0.00022855901561241938
2023-11-20,-0.046657457238005864,0,0.49590003,-0.0,0.5049141917725762,-0.0,0.6472829,-0.010086605013672882
2023-11-21,0.045576998787717926,1,0.5090567,0.0,0.5238697127443965,0.0,0.56808,0.001831182172713319
2023-11-22,-0.003053710529443689,0,0.5093516,-0.0,0.49391326097222576,-0.0,0.52186245,-0.0
2023-11-23,0.011180012954367782,1,0.52060276,0.0,0.5860672231183119,0.0008960711593128894,0.6170393,0.0016655564214726852
2023-11-24,0.0017776195288349984,1,0.5251008,0.0,0.5334210061570008,0.0,0.6122993,0.00024609883583583196
2023-11-25,-0.008859513391713852,0,0.5328472,-0.0,0.5383992944159306,-0.0,0.60737216,-0.001129531961097039
2023-11-26,-0.005482130309367848,0,0.4962647,-0.0,0.530566691038457,-0.0,0.5763401,-0.0003208881975975665
2023-11-27,0.01535223194675372,1,0.4850294,0.0,0.48923196234565425,0.0,0.60394865,0.001840515673003437
2023-11-28,0.0009453771250752638,1,0.50343937,0.0,0.5281067817266188,0.0,0.62279975,0.0001529404767326674
2023-11-29,-0.0034581251896556686,0,0.51323223,-0.0,0.5343117076613835,-0.0,0.57855654,-0.00021944899117840274
2023-11-30,0.025092382063089787,1,0.5240085,0.0,0.5896752610115487,0.00221232623945464,0.59783477,0.0026673064748171053
2023-12-01,0.019655100831166433,1,0.5310241,0.0,0.5875593501294143,0.001640517364326047,0.6071407,0.002495791948240025
2023-12-02,0.013142794289187723,1,0.5373148,0.0,0.5833896191970536,0.0009751842144470841,0.621262,0.002081292961793274
2023-12-03,0.049271977534901416,1,0.51551753,0.0,0.5762489048539539,0.002874078778399505,0.66950315,0.013084791225731359
2023-12-04,0.04839691964470645,1,0.5010524,0.0,0.5969443048324236,0.00504879944166979,0.6698874,0.012893737462328364
2023-12-05,-0.007072982823143485,0,0.5162368,-0.0,0.5845293703008828,-0.0005427236511824547,0.6465773,-0.0015179766563291057
2023-12-06,-0.011249508685349425,0,0.5196638,-0.0,0.5580539897111979,-0.000201340949350745,0.6274501,-0.001936167928866866
2023-12-07,0.020536119557329653,1,0.51641273,0.0,0.6003236769134902,0.002296562323688587,0.64868134,0.004503403668533476
2023-12-08,-0.010408972260493799,0,0.50648046,-0.0,0.5951979700493414,-0.0010454764810538303,0.5905486,-0.0009379308166816298
2023-12-09,0.0017350244818206502,1,0.5069792,0.0,0.5760507409985177,0.00010044149644888243,0.6293472,0.00030593182565422707
2023-12-10,-0.05966075735492428,0,0.49660724,-0.0,0.5734680320929058,-0.00311137904064983,0.63208926,-0.010883348276112197
2023-12-11,0.005776503301278852,1,0.49157688,0.0,0.5807565930689793,0.0003948123586645534,0.694505,0.0018549631000463374
2023-12-12,0.032639616880829996,1,0.50121343,0.0,0.5711549854087346,0.0015344235974680959,0.6421096,0.006680935393151555
2023-12-13,0.0035680023564587876,1,0.516333,0.0,0.5378446164818461,0.0,0.59702,0.0003728162756529808
2023-12-14,-0.025470477640977214,0,0.5251082,-0.0,0.5832598727279589,-0.0018825440992427183,0.62997365,-0.004526593053063073
2023-12-15,0.008020387258140575,1,0.53124344,0.0,0.5429650790292394,0.0,0.63009745,0.0014275833028098961
2023-12-16,-0.021599191335207872,0,0.5196855,-0.0,0.4754768442781295,-0.0,0.53377366,-0.0
2023-12-17,0.030541766708551847,1,0.4964844,0.0,0.5083752625926315,0.0,0.6126884,0.004254699863776194
2023-12-18,-0.008990828549252048,0,0.4799946,-0.0,0.49597499851373167,-0.0,0.63447297,-0.001687737442043031
2023-12-19,0.03241755264462973,1,0.5014743,0.0,0.5586250890326193,0.0006213428395101194,0.6312254,0.005851396776033977
2023-12-20,0.004406916568444891,1,0.5018934,0.0,0.5085900488940803,0.0,0.5644074,0.0001410937688844824
2023-12-21,0.0024419680670525194,1,0.5165291,0.0,0.5254401533436698,0.0,0.59214705,0.0002287149583240362
2023-12-22,-0.006088221088727501,0,0.5172363,-0.0,0.5378862586196356,-0.0,0.61997646,-0.0009467380339424863
2023-12-23,-0.016395107062850675,0,0.5211302,-0.0,0.4619384044458474,-0.0,0.565922,-0.0005800956905699865
2023-12-24,0.013507101635684676,1,0.4920832,0.0,0.5364483902959075,0.0,0.5644272,0.00043304322752747427
2023-12-25,-0.02479535186467053,0,0.4773635,-0.0,0.48957603894832274,-0.0,0.64474064,-0.005220282871602597
2023-12-26,0.02140979529821103,1,0.4995224,0.0,0.5298555647574157,0.0,0.60279715,0.0025119465148988104
2023-12-27,-0.02012077980823538,0,0.5108952,-0.0,0.5433453550383924,-0.0,0.5880979,-0.001703463618022009
2023-12-28,-0.011740790238734814,0,0.5229107,-0.0,0.5770584386050376,-0.0007059721152209556,0.57926923,-0.0007636528357362559
2023-12-29,0.0017416561151908701,1,0.5234203,0.0,0.5583005403050154,3.212597062581847e-05,0.6547625,0.00040546720997928625
2023-12-30,0.0033947781497301243,1,0.5286447,0.0,0.52737719572139,0.0,0.6053071,0.00041723402326345133
2023-12-31,0.04386318131378095,1,0.4962337,0.0,0.5677473383288316,0.0017298993754545635,0.5998565,0.0048596979109493295
2024-01-01,0.01722000317113513,1,0.48328835,0.0,0.5022365018249896,0.0,0.6028522,0.0020224784473262636
2024-01-02,-0.04788769521256018,0,0.50443375,-0.0,0.5654699203628437,-0.0016462640695520802,0.60202175,-0.005536002970657927
2024-01-03,0.03002352150755492,1,0.5158174,0.0,0.5123456711216279,0.0,0.51615554,0.0
2024-01-04,-0.0001356796630157846,0,0.5115442,-0.0,0.49112929234570957,-0.0,0.5237647,-0.0
2024-01-05,-0.004012787545087865,0,0.50883466,-0.0,0.5364961847928736,-0.0,0.6168246,-0.0005958955239417483
2024-01-06,-0.000894225072540774,0,0.5067229,-0.0,0.5161741499063524,-0.0,0.6069688,-0.00011320653322960839
2024-01-07,0.06653020711240704,1,0.48535696,0.0,0.511467545923933,0.0,0.5656887,0.00231949706133372
2024-01-08,-0.018075510415030107,0,0.4672262,-0.0,0.4619749558363527,-0.0,0.52432925,-0.0
2024-01-09,0.01172860796383382,1,0.50387454,0.0,0.44607286034673066,-0.00010235529202760557,0.56172913,0.00030570281708465637
2024-01-10,-0.006771062230729273,0,0.5132049,-0.0,0.5080380955325176,-0.0,0.5513919,-2.0943463265475768e-05
2024-01-11,-0.0798528754667809,0,0.5146389,-0.0,0.48739658024050736,-0.0,0.56284523,-0.0022793947996842035
2024-01-12,0.0015242196406752171,1,0.49749145,0.0,0.5246215161011534,0.0,0.60070163,0.0001717342310436513
2024-01-13,-0.02638212870563945,0,0.49148503,-0.0,0.48344521343940555,-0.0,0.57455087,-0.0014393418673655683
2024-01-14,0.01848861088034885,1,0.46804497,0.0,0.5027542233808099,0.0,0.5852505,0.0014482944891656988
2024-01-15,0.014637901828299413,1,0.454145,0.0,0.48141092465384505,0.0,0.5723794,0.0007279720738619126
2024-01-16,-0.008423584725432613,0,0.49527112,-0.0,0.5015044295512467,-0.0,0.59677505,-0.0008755856396366319
2024-01-17,-0.03445139745815894,0,0.5106164,-0.0,0.4387385797449725,0.0008621592558873661,0.5139653,-0.0
2024-01-18,0.007990013891329613,1,0.5192534,0.0,0.5048572301651109,0.0,0.55377924,6.710248930980816e-05
2024-01-19,0.0008880084302503328,1,0.51625276,0.0,0.5207488516010429,0.0,0.6152507,0.00012876259484634147
2024-01-20,-0.002778941360300473,0,0.5143496,-0.0,0.5041030176739814,-0.0,0.590242,-0.00024851156576923363
2024-01-21,-0.049606002668420156,0,0.4869066,-0.0,0.46535851948077367,-0.0,0.284266,0.018269780931305817
2024-01-22,0.008294955472882228,1,0.47546086,0.0,0.4786065122294616,0.0,0.40054533,-0.0009116093454584463
2024-01-23,0.004683034141144241,1,0.48127356,0.0,0.4783359378990821,0.0,0.567245,0.0001794642192546891
2024-01-24,-0.003092975166303934,0,0.49776456,-0.0,0.45323627454364585,-0.0,0.49559832,-0.0
2024-01-25,0.04555239092628425,1,0.5071559,0.0,0.4844439741520235,0.0,0.55575603,0.000582667773531711
2024-01-26,0.00707902280697713,1,0.51461786,0.0,0.5098564151742297,0.0,0.5879569,0.0005971060612404844
2024-01-27,-0.002128775638974226,0,0.51705515,-0.0,0.46593063332948675,-0.0,0.49417007,-0.0
2024-01-28,0.029806119942710457,1,0.49273023,0.0,0.4223620729253576,-0.0018306208207881699,0.302469,-0.00977183735099001
2024-01-29,-0.008385579459892248,0,0.47765803,-0.0,0.4685676389862303,-0.0,0.5135157,-0.0
2024-01-30,-0.008444749797383772,0,0.48627108,-0.0,0.47659170323110717,-0.0,0.54703295,-0.0
2024-01-31,0.011742435619609937,1,0.49613628,0.0,0.429774471352355,-0.0005277710400389948,0.5224279,0.0
2024-02-01,0.0027134001651212595,1,0.5077975,0.0,0.4890353462244162,0.0,0.5248088,0.0
2024-02-02,-0.004382505832045197,0,0.51348984,-0.0,0.48888670475812945,-0.0,0.52693665,-0.0
2024-02-03,-0.010005694851545816,0,0.52629524,-0.0,0.4828407050602506,-0.0,0.5521128,-4.6977977962731705e-05
2024-02-04,0.002950351987088814,1,0.5060951,0.0,0.4788228162699888,0.0,0.34176388,-0.0007096324658777144
2024-02-05,0.009095988310426472,1,0.48661208,0.0,0.4780955785688997,0.0,0.5963588,0.0009370639488682095
2024-02-06,0.028605054685199374,1,0.50484943,0.0,0.48874384458344416,0.0,0.6100935,0.0038199485422985083
2024-02-07,0.02095275967005496,1,0.51993454,0.0,0.5104122061923395,0.0,0.58293325,0.0015334270258712938
2024-02-08,0.03991206359421791,1,0.5316726,0.0,0.5747165665363155,0.0021921981676180937,0.58250856,0.0028832966376913407
2024-02-09,0.013033381077871586,1,0.53931516,0.0,0.5608278397284512,0.000313607469846714,0.6375931,0.0025369644499616336
2024-02-10,0.01142945972783506,1,0.54629976,0.0,0.5349173177278198,0.0,0.5958231,0.001163851644723922
2024-02-11,0.03293568144658824,1,0.51128274,0.0,0.5514435816574493,0.00010565632358197256,0.63482606,0.006208453071871977
2024-02-12,-0.004370351494182536,0,0.48917222,-0.0,0.5607397675148647,-0.00010430346445724799,0.56586945,-0.0001541222793825438
2024-02-13,0.041300218103198914,1,0.5019007,0.0,0.564689207204434,0.0013481499140137897,0.6046805,0.005018478390303328
2024-02-14,0.0016364577734705157,1,0.5103756,0.0,0.5503981272222284,1.4478186392127851e-06,0.59645605,0.00016894077716713573
2024-02-15,0.004694246184426713,1,0.52461016,0.0,0.5815186869242137,0.00032879216851584473,0.6467429,0.0010091885898882963
2024-02-16,-0.009279917800631372,0,0.5232495,-0.0,0.5877109082288312,-0.0007776758412237921,0.62698346,-0.001587555865966045
2024-02-17,0.009540032294676114,1,0.5282801,0.0,0.5297445858860953,0.0,0.56084675,0.0002299515441700049
2024-02-18,-0.00698552773070659,0,0.50240564,-0.0,0.59492477953743,-0.0006973850961213258,0.63121504,-0.0012607329748790409
2024-02-19,0.009306488030900633,1,0.49354425,0.0,0.5426332817337078,0.0,0.62053764,0.0014587947124845694
2024-02-20,-0.007865510526459354,0,0.5156375,-0.0,0.5928505615510141,-0.0007489812065426572,0.6801727,-0.0022752767304418534
2024-02-21,-0.01087817419895304,0,0.53326577,-0.0,0.5593166978356191,-0.00022521924892193976,0.636297,-0.0020861189994818823
2024-02-22,-0.010668655359765033,0,0.53594816,-0.0,0.5872554750902794,-0.0008832573866722263,0.65068084,-0.002386953564374195
2024-02-23,0.016109250933854777,1,0.54004467,0.0,0.5839063304872031,0.0012137901912545874,0.63156,0.0029197127705116468
2024-02-24,0.0031100616788884284,1,0.53605336,0.0,0.6090258470525698,0.0004079422777380593,0.6721935,0.0008445097199552994
2024-02-25,0.051753212367562834,1,0.51128876,0.0,0.5765609966285994,0.0030547042204756053,0.701717,0.017448538869627103
2024-02-26,0.045937275755513214,1,0.49975297,0.0,0.5808259787548281,0.0031468033033202865,0.69515467,0.014817799304014723
2024-02-27,0.09037342510456357,1,0.52290124,0.0,0.5652377334452049,0.003060191471718942,0.625082,0.015078706381213702
2024-02-28,-0.021060790861507746,0,0.5292376,-0.0,0.5490931063015201,-0.0,0.6276298,-0.0036332114273385963
2024-02-29,0.02035257099534111,1,0.5314121,0.0,0.6063900990784634,0.0025504077665083223,0.58719736,0.0016823595320311542
2024-03-01,-0.006442143609634661,0,0.4972514,-0.0,0.5978919155714942,-0.0006856146618934757,0.6544723,-0.0014956121050607855
2024-03-02,0.018012936948412033,1,0.4745669,0.0,0.5319963151066258,0.0,0.6138342,0.002555202918593077
2024-03-03,0.07817243529189463,1,0.43496436,-0.00261193717167304,0.5202113983489453,0.0,0.6222442,0.012550005416472382
2024-03-04,-0.06855316030923639,0,0.4333506,0.002536374771797727,0.445287022300574,0.0007179767016946852,0.5603508,-0.0015768391436499032
2024-03-05,0.03621451680304252,1,0.4656179,0.0,0.5142802866070523,0.0,0.5875871,0.0030248863923914566
2024-03-06,0.011273945248864211,1,0.4673375,0.0,0.4365661720222674,-0.0003365605357858175,0.47048318,0.0
2024-03-07,0.019282486315176334,1,0.46803173,0.0,0.4778169136760207,0.0,0.6046701,0.0023426120549095777
2024-03-08,0.0027716745979517753,1,0.44946924,-3.269033420896383e-06,0.48412488746650534,0.0,0.5373794,0.0
2024-03-09,0.009362842188647231,1,0.45292976,0.0,0.41235969808392375,-0.0007831560150516844,0.5517531,3.647538217604059e-05
2024-03-10,0.044283373561153284,1,0.42516807,-0.002443647209507881,0.4235206052125751,-0.0026057709578773142,0.47631207,0.0
2024-03-11,-0.008724217811494954,0,0.42263803,0.0005304704446681669,0.42987102134739524,0.00039024354241834713,0.57480526,-0.00048090308757288143
2024-03-12,0.022424831790492365,1,0.44824687,-8.736324137278483e-05,0.4616706657924496,0.0,0.5691737,0.0009554813339220381
2024-03-13,-0.02330791194500903,0,0.45091775,-0.0,0.43845382445350384,0.0005980383176429984,0.5133717,-0.0
2024-03-14,-0.02681836109117046,0,0.45093572,-0.0,0.4434440780981824,0.0003907090685521266,0.5857285,-0.0021292894330486507
2024-03-15,-0.062322910279710986,0,0.44549853,0.0006234315999631954,0.459823165760585,-0.0,0.5769883,-0.0037377498010117307
2024-03-16,0.046275814432356635,1,0.44916213,-8.616171348220702e-05,0.4117440461461216,-0.003934056492166392,0.5067216,0.0
2024-03-17,-0.01152174525222046,0,0.4231863,0.0006865343657381012,0.4636689100991985,-0.0,0.5746275,-0.0006305596861650814
2024-03-18,-0.08763155563733493,0,0.423588,0.005143384286859041,0.37876914556308544,0.013871267963740856,0.48834956,-0.0
2024-03-19,0.09103531158594273,1,0.44061452,-0.001898686424550886,0.455969329636024,0.0,0.49276692,0.0
2024-03-20,-0.03508997737785613,0,0.45862377,-0.0,0.48812814745465,-0.0,0.51914716,-0.0
2024-03-21,-0.026369007379098856,0,0.47680765,-0.0,0.48115533920610704,-0.0,0.46972346,-0.0
2024-03-22,0.003026453038660462,1,0.47627816,0.0,0.4527987081085122,0.0,0.47480458,0.0
2024-03-23,0.04909491976870599,1,0.49009952,0.0,0.4763913816177318,0.0,0.491725,0.0
2024-03-24,0.038957731173826136,1,0.44998062,-1.677044596987705e-06,0.4794444863634991,0.0,0.55380183,0.00032913418138290395
2024-03-25,0.0015441704140665396,1,0.45554352,0.0,0.5210102339218543,0.0,0.60116315,0.00017556578307342078
2024-03-26,-0.007428938024621631,0,0.48608017,-0.0,0.5389677721768582,-0.0,0.5743476,-0.00040194852163687487
2024-03-27,0.01869009109453202,1,0.48135188,0.0,0.5137047017819365,0.0,0.56112635,0.00046211621688805655
2024-03-28,-0.01322713532737063,0,0.47662088,-0.0,0.5145756380563191,-0.0,0.52064157,-0.0
2024-03-29,-0.0038493164497219014,0,0.4861626,-0.0,0.5015435272996644,-0.0,0.57496965,-0.00021359119262470968
2024-03-30,0.024107423379159526,1,0.4887428,0.0,0.4593941817411949,0.0,0.58120996,0.001671980851328822
2024-03-31,-0.02313609473301786,0,0.46946916,-0.0,0.4613838163064564,-0.0,0.37890986,0.0036549956571725415
2024-04-01,-0.06197960825197718,0,0.46132982,-0.0,0.4578679358373332,-0.0,0.36683324,0.011454761576011831
2024-04-02,0.007598003093028574,1,0.48562413,0.0,0.5014793334694163,0.0,0.6028734,0.0008927379055422822
2024-04-03,0.03755725764251874,1,0.493742,0.0,0.5078372144719826,0.0,0.6204302,0.005878141628168085
2024-04-04,-0.009789202703133824,0,0.49672756,-0.0,0.5166879760991407,-0.0,0.58743745,-0.000814405944591764
2024-04-05,0.015731842680183246,1,0.5132091,0.0,0.5134547925805387,0.0,0.5786998,0.0010033355866512158
2024-04-06,0.006717834111896003,1,0.52366143,0.0,0.5352174380516924,0.0,0.57048464,0.00030580516952657505
2024-04-07,0.03205840927643814,1,0.49250185,0.0,0.4394839719902117,-0.0007491713997784006,0.46155658,0.0
2024-04-08,-0.03515415339654028,0,0.47416925,-0.0,0.4797196313682193,-0.0,0.5528665,-0.00022393248362952516
2024-04-09,0.02125006308303191,1,0.49570695,0.0,0.48328507532815984,0.0,0.5898936,0.0018838685051153113
2024-04-10,-0.00888603616768445,0,0.49166662,-0.0,0.5228900161425352,-0.0,0.6318705,-0.0016166760681604277
2024-04-11,-0.04215402471169341,0,0.49562314,-0.0,0.48157785804791325,-0.0,0.58958596,-0.0037082378789499255
2024-04-12,-0.04872735746222276,0,0.50079405,-0.0,0.5404915961460588,-0.0,0.6103465,-0.0065344993476334655
2024-04-13,0.026815078915186055,1,0.5105999,0.0,0.5080008497908777,0.0,0.58561116,0.0021220352634259594
2024-04-14,-0.03473882339914055,0,0.48246637,-0.0,0.536519491177511,-0.0,0.6228434,-0.005623317863049105
2024-04-15,0.005870468536476564,1,0.475973,0.0,0.46007509937347413,0.0,0.54963756,0.0
2024-04-16,-0.040238973210926274,0,0.49298647,-0.0,0.5336076533926124,-0.0,0.5877726,-0.003377623408400922
2024-04-17,0.035158006998813135,1,0.5065274,0.0,0.5244636531202183,0.0,0.5078357,0.0
2024-04-18,0.005466825160537417,1,0.4997347,0.0,0.48262376146772196,0.0,0.4964511,0.0
2024-04-19,0.01743741302682119,1,0.52270645,0.0,0.4854093964499953,0.0,0.57254,0.000873419621835878
2024-04-20,8.623229100669178e-06,1,0.5253694,0.0,0.5131052805595576,0.0,0.5635246,2.5916812678293737e-07
2024-04-21,0.028510785110948657,1,0.49777985,0.0,0.48182359143425274,0.0,0.55471486,0.0002987199730031513
2024-04-22,-0.006084382651452649,0,0.46984267,-0.0,0.493116089217081,-0.0,0.547974,-0.0
2024-04-23,-0.03251015685090299,0,0.48736343,-0.0,0.4347576704902334,0.0011011789403014666,0.5234703,-0.0
2024-04-24,0.0032417662557915235,1,0.49338558,0.0,0.46997683431547194,0.0,0.51546365,0.0
2024-04-25,-0.011356469895713836,0,0.5013881,-0.0,0.4705307713671207,-0.0,0.5491373,-0.0
2024-04-26,-0.004842030716018614,0,0.50761855,-0.0,0.5156937793458988,-0.0,0.5567776,-7.292727391405504e-05
2024-04-27,-0.005425173243951366,0,0.51948535,-0.0,0.47411897364899447,-0.0,0.57665133,-0.0003213067770211157
2024-04-28,0.01177132522006203,1,0.50309813,0.0,0.523494784428036,0.0,0.60582256,0.0014602342829078234
2024-04-29,-0.051304831768252054,0,0.48370722,-0.0,0.4796802005930635,-0.0,0.5720659,-0.002515747030610718
2024-04-30,-0.03876642553474422,0,0.5024273,-0.0,0.4581719247146521,-0.0,0.54883254,-0.0
2024-05-01,0.011848323644138173,1,0.5083612,0.0,0.5006722808406586,0.0,0.57287335,0.0006022461317329497
2024-05-02,0.06269590851696512,1,0.50964504,0.0,0.46588090372808594,0.0,0.53848475,0.0
2024-05-03,0.01593467072506892,1,0.5123429,0.0,0.5255488063623683,0.0,0.5990245,0.0017359748763126272
2024-05-04,0.0018757817997593531,1,0.5302902,0.0,0.5064179610766082,0.0,0.571409,8.924125675640445e-05
2024-05-05,-0.013317207511333138,0,0.5034242,-0.0,0.4775947795333218,-0.0,0.48579073,-0.0
2024-05-06,-0.013598050793730939,0,0.4768033,-0.0,0.49135313629905,-0.0,0.54618406,-0.0
2024-05-07,-0.018122013335120257,0,0.48185298,-0.0,0.4578356113573615,-0.0,0.5405967,-0.0
2024-05-08,0.030275504659909153,1,0.49238974,0.0,0.4397134347614823,-0.0006920687862515623,0.5247936,0.0
2024-05-09,-0.03671917430504504,0,0.4987619,-0.0,0.4821887668469998,-0.0,0.5150284,-0.0
2024-05-10,0.0004275402409262431,1,0.51606965,0.0,0.491197337400172,0.0,0.51804817,0.0
2024-05-11,0.01075965097938284,1,0.52415717,0.0,0.4988203415745368,0.0,0.56048,0.0002505799951338812
2024-05-12,0.023406346968515828,1,0.5061995,0.0,0.4807676612916756,0.0,0.50768256,0.0
2024-05-13,-0.021886781008613777,0,0.4858404,-0.0,0.4984869236782069,-0.0,0.5736067,-0.001148166832122709
2024-05-14,0.07248226375544757,1,0.5092653,0.0,0.4838676647239927,0.0,0.5711508,0.003406790217879043
2024-05-15,-0.014779291590717515,0,0.5108179,-0.0,0.48688583162123317,-0.0,0.5341561,-0.0
2024-05-16,0.027051410361314365,1,0.5221179,0.0,0.49595862019688963,0.0,0.5247269,0.0
2024-05-17,-0.0016246180943355483,0,0.5195123,-0.0,0.5040511727399923,-0.0,0.5694539,-7.02336276010691e-05
2024-05-18,-0.00962833180615985,0,0.52555865,-0.0,0.4730291033105782,-0.0,0.48672184,-0.0
2024-05-19,0.07515278314448008,1,0.4850366,0.0,0.5125865695021973,0.0,0.5404283,0.0
2024-05-20,-0.018338454758227797,0,0.4742602,-0.0,0.45164820331971667,-0.0,0.5861279,-0.001472287224238739
2024-05-21,-0.014093766386815483,0,0.500756,-0.0,0.5343744192448241,-0.0,0.5972635,-0.0014802683915709624
2024-05-22,-0.017457094288918538,0,0.50349534,-0.0,0.44586796209406787,0.00016029638962053973,0.55227596,-8.829192436875209e-05
2024-05-23,0.008501978114690344,1,0.5026646,0.0,0.5019186831203574,0.0,0.551707,3.225116635523364e-05
2024-05-24,0.01074556177134258,1,0.49509898,0.0,0.5265751221280093,0.0,0.6000225,0.0011944882037026733
2024-05-25,-0.011363112097898122,0,0.5039035,-0.0,0.47262675498084855,-0.0,0.5494701,-0.0
2024-05-26,0.013465947937329524,1,0.4902027,0.0,0.48735902019075,0.0,0.5327581,0.0
2024-05-27,-0.0150623714003808,0,0.4769457,-0.0,0.46792862619780684,-0.0,0.5589117,-0.0002982908393707482
2024-05-28,-0.010966160005080427,0,0.49555713,-0.0,0.47549703166379886,-0.0,0.5712201,-0.0005171175301241481
2024-05-29,0.010290184685345129,1,0.5096691,0.0,0.468415210430034,0.0,0.5740791,0.0005506183044283507
2024-05-30,-0.011953148002230988,0,0.5129544,-0.0,0.5159883292119962,-0.0,0.59266484,-0.0011332866192596402
2024-05-31,0.003352974306247208,1,0.515169,0.0,0.531826933775707,0.0,0.6021733,0.000388746204717875
2024-06-01,-1.800306465331948e-05,0,0.51789,-0.0,0.5175314328157704,-0.0,0.5909462,-1.6381263406428928e-06
2024-06-02,0.015292495676779325,1,0.49473897,0.0,0.4765416551191417,0.0,0.5099193,0.0
2024-06-03,0.02480167347858517,1,0.4789447,0.0,0.5098078509547319,0.0,0.59698904,0.002589792193776825
2024-06-04,0.008050544645661345,1,0.49883366,0.0,0.5342471673978231,0.0,0.6104366,0.0010812168846958859
2024-06-05,-0.004354124285061161,0,0.5114387,-0.0,0.5484081026608213,-0.0,0.5900971,-0.00038797295803288587
2024-06-06,-0.020598830454873523,0,0.515635,-0.0,0.543882223309243,-0.0,0.56284344,-0.0005879103107068876
2024-06-07,-0.00065106056369522,0,0.5149387,-0.0,0.5622869947754167,-1.7776839432451034e-05,0.59585655,-6.634529560430072e-05
2024-06-08,0.004860162159083764,1,0.5125634,0.0,0.5540574275090274,4.382167920577859e-05,0.61919606,0.0007473422092507935
2024-06-09,-0.0015538683361776106,0,0.48733237,-0.0,0.5180269244110326,-0.0,0.36239386,0.00030250755903000397
2024-06-10,-0.032530322415029955,0,0.4770579,-0.0,0.5818564624474393,-0.0023028910987055386,0.45106366,-0.0
2024-06-11,0.014010590579490376,1,0.49842665,0.0,0.5500374249249615,1.1652117802306395e-06,0.6410583,0.0028350683425850793
2024-06-12,-0.02208343776467173,0,0.5060625,-0.0,0.5286322412478792,-0.0,0.5697837,-0.0009708702204937694
2024-06-13,-0.010977921824138023,0,0.5167873,-0.0,0.5650283200248635,-0.0003666216052912861,0.5609216,-0.00026643655438451285
2024-06-14,0.0027860739213107213,1,0.5146746,0.0,0.5864717241390416,0.00022580648775338304,0.5763743,0.00016329044247612227
2024-06-15,0.006751007092293841,1,0.51479316,0.0,0.5876757408042025,0.0005652204297257671,0.64581287,0.001437407295976539
2024-06-16,-0.002591057844952401,0,0.48067707,-0.0,0.5255480803775874,-0.0,0.549339,-0.0
2024-06-17,-0.020186188658431685,0,0.47413895,-0.0,0.49853184326395605,-0.0,0.3418796,0.004850085389966446
2024-06-18,-0.0030879852219766885,0,0.49344003,-0.0,0.5155800967554441,-0.0,0.5519939,-1.3682482834728703e-05
2024-06-19,-0.001607771373120505,0,0.49769685,-0.0,0.4799912458462178,-0.0,0.4953314,-0.0
2024-06-20,-0.011261416759841722,0,0.49883598,-0.0,0.5049541206393431,-0.0,0.57320905,-0.0005808147162052494
2024-06-21,0.001844936066219504,1,0.50458616,0.0,0.565988161095565,6.554918897274536e-05,0.587035,0.00015183819681439045
2024-06-22,-0.016505957689856198,0,0.5053279,-0.0,0.5444435046179968,-0.0,0.5890194,-0.001431228123910183
2024-06-23,-0.04724168823827901,0,0.4787981,-0.0,0.538953058642128,-0.0,0.50565743,-0.0
2024-06-24,0.024779622477455705,1,0.46444482,0.0,0.5011926513322917,0.0,0.40655902,-0.0023921129721828824
2024-06-25,-0.015342476362678105,0,0.47684896,-0.0,0.5234305630863472,-0.0,0.49998534,-0.0
2024-06-26,0.013730655086801458,1,0.48849642,0.0,0.5261757507184649,0.0,0.5715797,0.0006584515548506429
2024-06-27,-0.020938861751513153,0,0.49333927,-0.0,0.5044419740334445,-0.0,0.5743274,-0.001131973372472786
2024-06-28,0.009205553774616642,1,0.5058726,0.0,0.5467327742072441,0.0,0.6403825,0.0018489358412812759
2024-06-29,0.028853793809744524,1,0.4989832,0.0,0.4961111518873075,0.0,0.52725714,0.0
2024-06-30,0.0020367312407112426,1,0.4855524,0.0,0.4703451059565762,0.0,0.5582218,3.7212462338081775e-05
2024-07-01,-0.012229003319739846,0,0.47496733,-0.0,0.5375904455370478,-0.0,0.5776168,-0.0007505020913355178
2024-07-02,-0.0315021343281225,0,0.48990014,-0.0,0.47426944720421527,-0.0,0.5670366,-0.0011926440060791188
2024-07-03,-0.05388661548310068,0,0.491993,-0.0,0.5178584437644197,-0.0,0.5627841,-0.001530866591773533
2024-07-04,-0.007410738462197537,0,0.4939095,-0.0,0.4927623344216836,-0.0,0.54115534,-0.0
2024-07-05,0.027885405242016163,1,0.49961808,0.0,0.4997992462049236,0.0,0.5708738,0.001293497699056574
2024-07-06,-0.04159356377998373,0,0.51081204,-0.0,0.5290268962039429,-0.0,0.48817644,-0.0
2024-07-07,0.015222671228313616,1,0.48551562,0.0,0.5391212307671325,0.0,0.6132178,0.0021385404631780376
2024-07-08,0.023272682322844962,1,0.46605566,0.0,0.5054208982983566,0.0,0.54883945,0.0
2024-07-09,-0.0055996280225802065,0,0.4824409,-0.0,0.4850760769892372,-0.0,0.52509266,-0.0
2024-07-10,-0.006708538049520128,0,0.4907177,-0.0,0.4678007513620051,-0.0,0.5522117,-3.297157067028477e-05
2024-07-11,0.009532569171711086,1,0.5085454,0.0,0.48644889654198664,0.0,0.5738286,0.0005047721444891313
2024-07-12,0.022460333746386348,1,0.503198,0.0,0.5134125728614624,0.0,0.56674683,0.0008358647931442087
2024-07-13,0.02656596839138983,1,0.5016781,0.0,0.4546497744850639,0.0,0.53050375,0.0
2024-07-14,0.06257882518464983,1,0.49071044,0.0,0.45076520988224594,0.0,0.52946985,0.0
2024-07-15,0.004929571655444641,1,0.48072517,0.0,0.4817576163213253,0.0,0.5488624,0.0
2024-07-16,-0.014806827344029673,0,0.49882197,-0.0,0.4799218702502784,-0.0,0.53423816,-0.0
2024-07-17,-0.0015626673332034774,0,0.5068582,-0.0,0.4613085532613724,-0.0,0.5385741,-0.0
2024-07-18,0.040910757335444886,1,0.5041821,0.0,0.46317898798552837,0.0,0.5751664,0.0022879470771390124
2024-07-19,0.00717432290208512,1,0.5009423,0.0,0.4813002705197727,0.0,0.539708,0.0
2024-07-20,0.015156828740989328,1,0.5177345,0.0,0.4772465807954649,0.0,0.5594144,0.00031709349158084077
2024-07-21,-0.009334516829783621,0,0.50168824,-0.0,0.4825350336083528,-0.0,0.5465137,-0.0
2024-07-22,-0.023916981434216472,0,0.49108228,-0.0,0.47648078022862217,-0.0,0.56226546,-0.0006518942285093311
2024-07-23,-0.008529507623456261,0,0.50096583,-0.0,0.5007688118877711,-0.0,0.5909462,-0.0007761129218697646
2024-07-24,0.006463859817351855,1,0.510873,0.0,0.4547543853610123,0.0,0.5728763,0.0003285976965290408
2024-07-25,0.03153462223775808,1,0.514586,0.0,0.5299755642982291,0.0,0.62628806,0.005346032689027569
2024-07-26,-0.00016921384598440523,0,0.52151906,-0.0,0.5219656684271312,-0.0,0.62025017,-2.6416218688033132e-05
2024-07-27,0.005191188977428364,1,0.5326414,0.0,0.5244048557283879,0.0,0.5927965,0.0004936992857830391
2024-07-28,-0.02170181316434392,0,0.50724477,-0.0,0.5057923996589301,-0.0,0.55485255,-0.00023401950215680512
2024-07-29,-0.008974685027823451,0,0.48667702,-0.0,0.4736429268260475,-0.0,0.35092604,0.001975905505463792
2024-07-30,-0.02385142421501373,0,0.4924916,-0.0,0.5128418554792515,-0.0,0.6110958,-0.003238269315602398
2024-07-31,0.011171199683345215,1,0.50003314,0.0,0.5011837904451312,0.0,0.5940211,0.0010928181776224618
2024-08-01,-0.06080893312569105,0,0.50056094,-0.0,0.5152315497727521,-0.0,0.5731939,-0.0031342135162251345
2024-08-02,-0.013099436128860992,0,0.51615536,-0.0,0.530655384483006,-0.0,0.63139,-0.00236925026733456
2024-08-03,-0.04269555681819708,0,0.51224744,-0.0,0.50761219417569,-0.0,0.5291895,-0.0
2024-08-04,-0.07388270778154322,0,0.49303576,-0.0,0.4861502909689269,-0.0,0.5701381,-0.0033063473247572877
2024-08-05,0.03641232998749407,1,0.46936727,0.0,0.5321148678129387,0.0,0.5781828,0.0022804479868192007
2024-08-06,-0.015975161468007117,0,0.49941194,-0.0,0.4990400698902306,-0.0,0.4818467,-0.0
2024-08-07,0.11228735091416127,1,0.4988685,0.0,0.5033469539141999,0.0,0.58188564,0.00795633850492693
2024-08-08,-0.013842409307287744,0,0.49617907,-0.0,0.516849825514235,-0.0,0.5902389,-0.0012377857405208646
2024-08-09,0.001404713543484379,1,0.5211476,0.0,0.5067474989707867,0.0,0.47096393,0.0
2024-08-10,-0.036964958668207114,0,0.5001438,-0.0,0.48131922467913973,-0.0,0.59855276,-0.003988334556310057
2024-08-11,0.010741321896940523,1,0.4844504,0.0,0.4537526887300875,0.0,0.31250715,-0.0032818996019277186
2024-08-12,0.020687318243458014,1,0.44838503,-7.42425579690103e-05,0.500447489247943,0.0,0.53932214,0.0
2024-08-13,-0.031926101818424826,0,0.47369033,-0.0,0.5007917037382087,-0.0,0.54897106,-0.0
2024-08-14,-0.019657942646201854,0,0.493437,-0.0,0.5265461953620094,-0.0,0.55876136,-0.00038273345520775437
2024-08-15,0.022910978337253942,1,0.506858,0.0,0.4710486811495489,0.0,0.58091366,0.0015739156050813899
2024-08-16,0.010431923382209742,1,0.513614,0.0,0.5321197808948595,0.0,0.61792374,0.0015746113142156785
2024-08-17,-0.018057579517003593,0,0.5255209,-0.0,0.4835102770184516,-0.0,0.5377576,-0.0
2024-08-18,0.017158062435947308,1,0.50764155,0.0,0.48984837320859853,0.0,0.3586603,-0.003482693090364373
2024-08-19,-0.007170849698593443,0,0.48730436,-0.0,0.49903113104411945,-0.0,0.5925396,-0.0006778779018329457
2024-08-20,0.03565715238614722,1,0.4951793,0.0,0.47705563790342986,0.0,0.5486063,0.0
2024-08-21,-0.012839442327577983,0,0.5083088,-0.0,0.45635196123395394,-0.0,0.5303082,-0.0
2024-08-22,0.05887576421662603,1,0.52276456,0.0,0.4971109201349474,0.0,0.54830533,0.0
2024-08-23,0.0018685710918962383,1,0.51777184,0.0,0.5082293621033176,0.0,0.60139537,0.00021341307239141022
2024-08-24,0.0009813284334161388,1,0.5296587,0.0,0.4883667602322834,0.0,0.5528665,6.2510768179322456e-06
2024-08-25,-0.021818360418123024,0,0.49844646,-0.0,0.48463145543491387,-0.0,0.5722299,-0.0010778226540441305
2024-08-26,-0.05594960850125526,0,0.48242995,-0.0,0.44134775532642384,0.001075754893652573,0.38436005,0.008161175977335284
2024-08-27,-0.006417925294743356,0,0.48449773,-0.0,0.4834850102367561,-0.0,0.58520496,-0.0005020949594938326
2024-08-28,0.005475126375226921,1,0.49389556,0.0,0.4281028894735369,-0.0002664209941882158,0.56703943,0.0002073177091944735
2024-08-29,-0.003967156608714223,0,0.5101004,-0.0,0.49879083008603886,-0.0,0.54690135,-0.0
2024-08-30,-0.00254026496747557,0,0.5240581,-0.0,0.4885418081806366,-0.0,0.57903254,-0.00016388959057589295
2024-08-31,-0.028763415319443375,0,0.5355665,-0.0,0.5241913329958272,-0.0,0.5905201,-0.0025899905205265016
2024-09-01,0.03144134758080365,1,0.50755596,0.0,0.4265244074328913,-0.0016402317012617698,0.47316083,0.0
2024-09-02,-0.028202897779850595,0,0.48487836,-0.0,0.44418903464079484,0.0003641912489509247,0.5494382,-0.0
2024-09-03,0.008369626775024829,1,0.5037321,0.0,0.5023901456597833,0.0,0.5453833,0.0
2024-09-04,-0.03138033882672037,0,0.5053979,-0.0,0.5017980774815891,-0.0,0.5236904,-0.0
2024-09-05,-0.040262751080288636,0,0.5147715,-0.0,0.49155324595821503,-0.0,0.5258056,-0.0
2024-09-06,0.0036604367595428834,1,0.5091653,0.0,0.5193948698349378,0.0,0.61185974,0.0005031858123869325
2024-09-07,0.01300733247035669,1,0.51796865,0.0,0.463234920041021,0.0,0.5262029,0.0
2024-09-08,0.03882199877924005,1,0.488221,0.0,0.5271305073509178,0.0,0.57946086,0.002541619957634311
2024-09-09,0.010359360363052208,1,0.47512043,0.0,0.48383282065895067,0.0,0.57226574,0.0005125750006913737
2024-09-10,-0.005183618786241656,0,0.500314,-0.0,0.5250481730407914,-0.0,0.52216643,-0.0
2024-09-11,0.013758211280425158,1,0.50396097,0.0,0.46072542714458437,0.0,0.5184333,0.0
2024-09-12,0.039888515176949337,1,0.50701845,0.0,0.4630957075224525,0.0,0.53653765,0.0
2024-09-13,-0.008381917831569096,0,0.50732064,-0.0,0.48083759365918444,-0.0,0.5532711,-6.092914962636169e-05
2024-09-14,-0.014456155768720775,0,0.51319325,-0.0,0.4541044797761187,-0.0,0.5175567,-0.0
2024-09-15,-0.01564652918074257,0,0.48755163,-0.0,0.461137834057663,-0.0,0.49002415,-0.0
2024-09-16,0.035438379599161005,1,0.46776903,0.0,0.4663641722330659,0.0,0.54989916,0.0
2024-09-17,0.023691660342147144,1,0.48264945,0.0,0.4833005132611348,0.0,0.5017137,0.0
2024-09-18,0.01905308607791393,1,0.5099944,0.0,0.46578773969332077,0.0,0.54131097,0.0
2024-09-19,0.004012085061529829,1,0.5230691,0.0,0.5039920165823175,0.0,0.54640925,0.0
2024-09-20,0.0023375749611005414,1,0.52699506,0.0,0.5030931400252485,0.0,0.58197457,0.00016609536716844398
2024-09-21,0.0036209624041565595,1,0.5209614,0.0,0.5010716329642538,0.0,0.5664254,0.00013216812039749641
2024-09-22,-0.0037625690717466927,0,0.49365604,-0.0,0.44580177484942807,3.510247135060244e-05,0.33052778,0.0009989387989116007
2024-09-23,0.01446248637939056,1,0.47881722,0.0,0.4695053571018512,0.0,0.5653119,0.000492106874531836
2024-09-24,-0.017434692343162504,0,0.49647996,-0.0,0.4709270413730976,-0.0,0.5870828,-0.0014367268822365524
2024-09-25,0.03151578569135097,1,0.51342905,0.0,0.5237783237497573,0.0,0.58839494,0.002688991982775609
2024-09-26,0.009102584128001627,1,0.5212767,0.0,0.5615427600989004,0.0002334865441546234,0.60304874,0.0010730678372598659
2024-09-27,0.0013378619530761801,1,0.53304684,0.0,0.5543115875342999,1.2818464265549526e-05,0.62378865,0.00021937559529487457
2024-09-28,-0.003894573316477157,0,0.5342022,-0.0,0.5598142801855865,-8.49387416249237e-05,0.6145028,-0.0005582461912397722
2024-09-29,-0.03528524055475455,0,0.5098988,-0.0,0.5237187635114608,-0.0,0.3711455,0.006183111445551389
2024-09-30,-0.04063624492665931,0,0.48724398,-0.0,0.5330209220730133,-0.0,0.59374166,-0.003949991614881113
2024-10-01,-0.002577086316775542,0,0.4962,-0.0,0.4776140831894608,-0.0,0.63147897,-0.0004666184650082126
2024-10-02,0.001703926352847916,1,0.50353324,0.0,0.5436232958195241,0.0,0.5889451,0.0001474656680205236
2024-10-03,0.02170883041003728,1,0.5064681,0.0,0.5748949164418857,0.001200976709130989,0.58085525,0.001488513748949513
2024-10-04,-0.00045108906551724495,0,0.512504,-0.0,0.5761767043509081,-2.6240055786605112e-05,0.63804865,-8.826173116827827e-05
2024-10-05,0.012202629820996201,1,0.5208775,0.0,0.5381750448870882,0.0,0.5709679,0.0005685856244722349
2024-10-06,-0.009531284031326389,0,0.4937675,-0.0,0.47575328607871403,-0.0,0.50246817,-0.0
2024-10-07,-0.0010211885021863328,0,0.48298886,-0.0,0.48515868037777243,-0.0,0.38179395,0.00015478049866833612
2024-10-08,-0.024830482976427176,0,0.49425822,-0.0,0.4957648930280545,-0.0,0.55187315,-0.00010335746716364133
2024-10-09,-0.005119452832531935,0,0.5012598,-0.0,0.4972264926440809,-0.0,0.56494397,-0.00017001085907397294
2024-10-10,0.03603669892744918,1,0.5006342,0.0,0.559523159754949,0.0007626294242824393,0.5820609,0.002567483741128489
2024-10-11,0.010596362001929363,1,0.50861263,0.0,0.5582839524225234,0.00019506613039070432,0.61567193,0.00154640771020695
2024-10-12,-0.0053332935199566596,0,0.5200602,-0.0,0.5477266614650793,-0.0,0.5991374,-0.0005823650198895366
2024-10-13,0.04985708823410627,1,0.5026071,0.0,0.5236513269187671,0.0,0.61417633,0.007110321359012264
2024-10-14,0.014872066015212413,1,0.4835968,0.0,0.5483813660892187,0.0,0.577703,0.0009155570343315913
2024-10-15,0.008105370403983361,1,0.501063,0.0,0.4800986045098164,0.0,0.5583562,0.00015051156755969288
2024-10-16,-0.0029358340463448997,0,0.511847,-0.0,0.4899480489317871,-0.0,0.5862664,-0.0002366046470159352
2024-10-17,0.014813986471420449,1,0.5137323,0.0,0.5682381244659318,0.0006003985091164343,0.58655065,0.0012032460784324006
2024-10-18,-0.0007309621248523259,0,0.5037749,-0.0,0.5595419245184492,-1.5499523158191334e-05,0.6122461,-0.00010111006783304058
2024-10-19,0.00951888488044817,1,0.51066476,0.0,0.5417862281311309,0.0,0.589515,0.0008358630191419013
2024-10-20,-0.02425888605349007,0,0.49421236,-0.0,0.5323512573367847,-0.0,0.366203,0.004517380717283427
2024-10-21,0.0007195659176902162,1,0.48828125,0.0,0.5655955467951322,2.493783098115558e-05,0.7041794,0.0002465383075137069
2024-10-22,-0.01129587277243706,0,0.50243616,-0.0,0.5479588013856286,-0.0,0.6651521,-0.002890540067504128
2024-10-23,0.02268451715263484,1,0.5156797,0.0,0.5638042279927299,0.0006958716592888049,0.59833646,0.002436642156015644
2024-10-24,-0.022239429463163648,0,0.5195936,-0.0,0.6092626188377916,-0.0029288151809898216,0.68270546,-0.006558430285553861
2024-10-25,0.005896224370562871,1,0.52711105,0.0,0.6329206535226729,0.0010864861736075192,0.69661266,0.0019210245265609892
2024-10-26,0.013750632418520554,1,0.52240443,0.0,0.5897198272681475,0.0012137172099809458,0.6518653,0.00311269387201041
2024-10-27,0.02812846721520796,1,0.49817175,0.0,0.5867050627489345,0.0022943492314790102,0.5697503,0.0012345457297157942
2024-10-28,0.03888698282937757,1,0.48022026,0.0,0.5839832744912045,0.0029366822480566468,0.40249866,-0.004104851854821001
2024-10-29,-0.005399473668343945,0,0.5049162,-0.0,0.5668179705368669,-0.0002017959757084374,0.6774384,-0.0015291114490209917
2024-10-30,-0.02878461169591104,0,0.5151439,-0.0,0.5373145445036335,-0.0,0.542946,-0.0
2024-10-31,-0.011388795745506882,0,0.512488,-0.0,0.5415582484602858,-0.0,0.5256646,-0.0
2024-11-01,-0.0017465165389545408,0,0.50412345,-0.0,0.6130096147989443,-0.00024454963191002446,0.607894,-0.00022469514713677552
2024-11-02,-0.008668122839253566,0,0.4975816,-0.0,0.5765594972189106,-0.0005116021876496235,0.6367509,-0.0016710381632344111
2024-11-03,-0.013555167807772158,0,0.47302008,-0.0,0.5629642886770475,-0.0003905180189461754,0.6046982,-0.0016476508621293667
2024-11-04,0.02218393837390412,1,0.47076797,0.0,0.5980090289794712,0.0023667318672701432,0.6494152,0.00490093409817962
2024-11-05,0.08560223984821512,1,0.4851565,0.0,0.5458323933159578,0.0,0.63767636,0.016678426542344325
2024-11-06,0.0037760095920657505,1,0.5025959,0.0,0.5511445210824182,9.603827967849693e-06,0.53969085,0.0
2024-11-07,0.00855685431952021,1,0.52661437,0.0,0.5874959638369502,0.0007129944447172909,0.62796193,0.0014824640850314454
2024-11-08,0.0021892171563324633,1,0.5070795,0.0,0.5585747618310034,4.171559047088296e-05,0.5658758,7.723469324526336e-05
2024-11-09,0.04703330369431591,1,0.49228737,0.0,0.5473565019290655,0.0,0.5756542,0.002681337044603441
2024-11-10,0.09803226217915882,1,0.4516403,0.0,0.5492599589324104,0.0,0.6152475,0.014214128348208168
2024-11-11,-0.007882034011635572,0,0.45127863,-0.0,0.5429411197067195,-0.0,0.62811774,-0.001368281312993044
2024-11-12,0.027178568661184198,1,0.4789931,0.0,0.5753055848156976,0.0015283768320552365,0.58281803,0.0019821040751495534
2024-11-13,-0.03432634643790914,0,0.46750537,-0.0,0.5022656742500735,-0.0,0.53170455,-0.0
2024-11-14,0.041568314974823425,1,0.4577237,0.0,0.5212485930649717,0.0,0.60647225,0.005216568681709977
2024-11-15,-0.004902030249246929,0,0.42677838,0.0002529623187391312,0.4632875311591757,-0.0,0.58290744,-0.0003584737683908946
2024-11-16,-0.008101554091419313,0,0.428567,0.00038586794396468075,0.4486359815670918,2.4557042479775654e-05,0.55674815,-0.00012148982323399871
2024-11-17,0.006744588166355547,1,0.40259954,-0.0007104366528651302,0.45171821859105216,0.0,0.46870404,0.0
2024-11-18,0.02020817024435305,1,0.4006653,-0.002215474472972506,0.41782103234473117,-0.0014450623481448957,0.59226686,0.0018980791749262495
2024-11-19,0.021177619537080205,1,0.423115,-0.0012652452568594006,0.47749749342654246,0.0,0.59194344,0.0019739156738872803
2024-11-20,0.04185951709945262,1,0.43858665,-0.0010616816113089966,0.4075067215492038,-0.003952773590939789,0.5351608,0.0
2024-11-21,0.005830172847894076,1,0.44503212,-6.436340472071935e-05,0.440243723801559,-0.00012640172575267982,0.55451584,5.850678249978445e-05
2024-11-22,-0.012409323871574746,0,0.44450948,0.00015140785951048259,0.4768948759447353,-0.0,0.5830845,-0.0009123476033872376
2024-11-23,0.002327936418892903,1,0.432666,-8.96720348425395e-05,0.4522716538395776,0.0,0.5046134,0.0
2024-11-24,-0.051239836346874276,0,0.40795174,0.004787878366442691,0.44096190396147406,0.001029134582003117,0.55524397,-0.0005971100068082776
2024-11-25,-0.011297312096130885,0,0.39282212,0.0014354583157910456,0.500091604469818,-0.0,0.58634263,-0.0009123865207510383
2024-11-26,0.04151142667791282,1,0.40134048,-0.004488723374022283,0.46369132138768626,0.0,0.5994923,0.004565546793235231
2024-11-27,-0.002288480239917697,0,0.4187917,0.00015871005290813258,0.4882410298468492,-0.0,0.5468513,-0.0
2024-11-28,0.01880928130380514,1,0.4290805,-0.0008744017716588972,0.4815403612168892,0.0,0.5968996,0.001960329137606699
2024-11-29,-0.010852955416106586,0,0.44109157,0.00021485043062874557,0.44597122384036453,9.716472898221557e-05,0.49738458,-0.0
2024-11-30,0.008029148706736931,1,0.45142668,0.0,0.4327132341167325,-0.0003084400309673363,0.5021298,0.0
2024-12-01,-0.013931627244584067,0,0.428156,0.0006762721685904989,0.4272633567918326,0.0007039076399317614,0.36078116,0.0027621410134182948
2024-12-02,9.463180488125695e-05,1,0.4249112,-5.275993981525716e-06,0.4279850647933656,-4.629584562106088e-06,0.40966874,-8.481374897668687e-06
2024-12-03,0.028161417666881416,1,0.43909854,-0.0006822229403398267,0.4537696840522177,0.0,0.63172215,0.00511424743765577
2024-12-04,-0.01679234704122157,0,0.447876,7.925919915284743e-05,0.4543328628097489,-0.0,0.5636925,-0.0005109537476589453
2024-12-05,0.028424916087496886,1,0.46122465,0.0,0.5162075435386173,0.0,0.60118496,0.0032331733437194216
2024-12-06,0.0009134510578209996,1,0.47174093,0.0,0.4845502882822332,0.0,0.6068558,0.00011541108429673944
2024-12-07,0.012716305068205409,1,0.46957052,0.0,0.47575693785146234,0.0,0.55358577,0.00010132792610618925
2024-12-08,-0.03864784755258232,0,0.44063255,0.0008045139019491734,0.4450530034381764,0.0004248683754766852,0.3563478,0.00804323466942116
2024-12-09,-0.007050855728157901,0,0.43185478,0.00028430937317158034,0.41598125693246746,0.0005330249987165418,0.40456247,0.0007119408205634005
2024-12-10,0.04585110055392514,1,0.44191045,-0.0008242542700209512,0.4572772543618211,0.0,0.5984196,0.004933537243510221
2024-12-11,-0.011144290310743151,0,0.460962,-0.0,0.41025915786905826,0.0009841855153347274,0.51083785,-0.0
2024-12-12,0.014099129370686553,1,0.47408018,0.0,0.4606663010310453,0.0,0.53736955,0.0
2024-12-13,-4.190407172619906e-05,0,0.48145884,-0.0,0.48436500641097935,-0.0,0.52569336,-0.0
2024-12-14,0.02957210835064263,1,0.4838567,0.0,0.45852663233538526,0.0,0.535908,0.0
2024-12-15,0.015149918553743596,1,0.46066773,0.0,0.4302839662222731,-0.0006637695687453784,0.32591385,-0.004177544609181388
2024-12-16,0.0007076596818099129,1,0.45833305,0.0,0.4181580897204015,-5.007385799262324e-05,0.57862455,4.501428678199882e-05
2024-12-17,-0.057491789143001994,0,0.47211376,-0.0,0.4654267639758776,-0.0,0.5752874,-0.003230705161378681
2024-12-18,-0.02774708582409932,0,0.47354376,-0.0,0.464146492404001,-0.0,0.5460672,-0.0
2024-12-19,0.003519077229743537,1,0.46872073,0.0,0.4837085422929374,0.0,0.5640033,0.00010950802803662453
2024-12-20,-0.005263536125710258,0,0.47186577,-0.0,0.43374400529036783,0.00019014225647445295,0.5362672,-0.0
2024-12-21,-0.02188095438284901,0,0.47748473,-0.0,0.46546322133319157,-0.0,0.49063244,-0.0
2024-12-22,-0.0032072803231183965,0,0.46192548,-0.0,0.4781929036477799,-0.0,0.52656823,-0.0
2024-12-23,0.039087452998785556,1,0.44840774,-0.00013830432911563807,0.4477888313638978,-0.00019206433363563104,0.4858161,0.0
2024-12-24,0.007733974670366026,1,0.47046053,0.0,0.4806983800181774,0.0,0.55151856,2.6098686224978334e-05
2024-12-25,-0.03727485759295436,0,0.49452814,-0.0,0.4713151563432094,-0.0,0.51620406,-0.0
2024-12-26,-0.01570409519397809,0,0.5086515,-0.0,0.5014764153301998,-0.0,0.3490523,0.003522871017829783
2024-12-27,0.010558907393903796,1,0.505182,0.0,0.49725614459439,0.0,0.5882359,0.0008971764092819336
2024-12-28,-0.016524020398176582,0,0.50303614,-0.0,0.4831607530527187,-0.0,0.5219858,-0.0
2024-12-29,-0.010144822242994745,0,0.48720592,-0.0,0.4517115499930967,-0.0,0.32721296,0.002768117008847251
2024-12-30,0.008412972329420844,1,0.47830945,0.0,0.520831448897741,0.0,0.6325428,0.0015431779847632976
2024-12-31,0.0027963771631698223,1,0.49081686,0.0,0.4826328432715367,0.0,0.5886126,0.00023994534781006754
