Date,Close,SMA_200,Trend_Up,AI_Prob,Actual_Return,Raw_Pos,Final_Pos,Block_Reason,Raw_AI_PnL,Hybrid_PnL
2023-01-22,22707.88,19588.67715,1,0.22161038,0.009142992475145141,-1,0,Blocked Short (Bull Market),-0.009142992475145141,0.0
2023-01-23,22916.45,19595.1345,1,0.21735676,-0.012450835212587299,-1,0,Blocked Short (Bull Market),0.012450835212587299,-0.0
2023-01-24,22632.89,19600.3252,1,0.21594779,0.018736119160646474,-1,0,Blocked Short (Bull Market),-0.018736119160646474,0.0
2023-01-25,23060.94,19607.67075,1,0.22572811,-0.0022265840828143047,-1,0,Blocked Short (Bull Market),0.0022265840828143047,-0.0
2023-01-26,23009.65,19618.40665,1,0.2201469,0.0027996835390564157,-1,0,Blocked Short (Bull Market),-0.0027996835390564157,0.0
2023-01-27,23074.16,19633.959400000003,1,0.23216453,-0.002237034511835935,-1,0,Blocked Short (Bull Market),0.002237034511835935,-0.0
2023-01-28,23022.6,19652.42865,1,0.2271611,0.03078192520585222,-1,0,Blocked Short (Bull Market),-0.03078192520585222,0.0
2023-01-29,23742.3,19669.9658,1,0.23126948,-0.0393514588233174,-1,0,Blocked Short (Bull Market),0.0393514588233174,-0.0
2023-01-30,22826.15,19681.15235,1,0.21372251,0.013013096440887308,-1,0,Blocked Short (Bull Market),-0.013013096440887308,0.0
2023-01-31,23125.13,19692.627800000002,1,0.25767598,0.025932253556535844,-1,0,Blocked Short (Bull Market),-0.025932253556535844,0.0
2023-02-01,23732.66,19705.3131,1,0.24447641,-0.010322486493569127,-1,0,Blocked Short (Bull Market),0.010322486493569127,-0.0
2023-02-02,23488.94,19718.767,1,0.24650624,-0.002431330219096245,-1,0,Blocked Short (Bull Market),0.002431330219096245,-0.0
2023-02-03,23431.9,19723.7636,1,0.26253814,-0.004493712909870792,-1,0,Blocked Short (Bull Market),0.004493712909870792,-0.0
2023-02-04,23326.84,19723.4147,1,0.2535419,-0.017031632139821246,-1,0,Blocked Short (Bull Market),0.017031632139821246,-0.0
2023-02-05,22932.91,19721.96275,1,0.26195914,-0.007457673107036351,-1,0,Blocked Short (Bull Market),0.007457673107036351,-0.0
2023-02-06,22762.52,19720.0144,1,0.27711254,0.020779401555923737,-1,0,Blocked Short (Bull Market),-0.020779401555923737,0.0
2023-02-07,23240.46,19722.79255,1,0.29046184,-0.01201050031064175,-1,0,Blocked Short (Bull Market),0.01201050031064175,-0.0
2023-02-08,22963.0,19725.3522,1,0.27913874,-0.052141700352517424,-1,0,Blocked Short (Bull Market),0.052141700352517424,-0.0
2023-02-09,21796.35,19721.43555,1,0.29498667,-0.007883685677702989,-1,0,Blocked Short (Bull Market),0.007883685677702989,-0.0
2023-02-10,21625.19,19723.006999999998,1,0.3336448,0.010916288456747329,-1,0,Blocked Short (Bull Market),-0.010916288456747329,0.0
2023-02-11,21862.55,19726.046400000003,1,0.36139667,-0.0036204886304742638,-1,0,Blocked Short (Bull Market),0.0036204886304742638,-0.0
2023-02-12,21783.54,19720.20185,1,0.36902356,-0.00043941906477148134,-1,0,Blocked Short (Bull Market),0.00043941906477148134,-0.0
2023-02-13,21773.97,19709.857050000002,1,0.3855193,0.01936986197704005,-1,0,Blocked Short (Bull Market),-0.01936986197704005,0.0
2023-02-14,22199.84,19701.9875,1,0.36563033,0.09138049119365944,-1,0,Blocked Short (Bull Market),-0.09138049119365944,0.0
2023-02-15,24324.05,19705.3902,1,0.33534256,-0.033711393282664585,-1,0,Blocked Short (Bull Market),0.033711393282664585,-0.0
2023-02-16,23517.72,19706.5122,1,0.37430993,0.043770785975072134,-1,0,Blocked Short (Bull Market),-0.043770785975072134,0.0
2023-02-17,24569.97,19713.022,1,0.3195803,0.002519415209186526,-1,0,Blocked Short (Bull Market),-0.002519415209186526,0.0
2023-02-18,24631.95,19721.2428,1,0.30199948,-0.014730846119734737,-1,0,Blocked Short (Bull Market),0.014730846119734737,-0.0
2023-02-19,24271.76,19728.50975,1,0.28986722,0.023230285350592204,-1,0,Blocked Short (Bull Market),-0.023230285350592204,0.0
2023-02-20,24842.2,19739.605850000004,1,0.28601894,-0.015825264394064464,-1,0,Blocked Short (Bull Market),0.015825264394064464,-0.0
2023-02-21,24452.16,19745.304549999997,1,0.26895443,-0.011101316717520895,-1,0,Blocked Short (Bull Market),0.011101316717520895,-0.0
2023-02-22,24182.21,19751.44455,1,0.31279147,-0.01005818454576867,-1,0,Blocked Short (Bull Market),0.01005818454576867,-0.0
2023-02-23,23940.2,19755.2736,1,0.31088936,-0.032041028461487375,-1,0,Blocked Short (Bull Market),0.032041028461487375,-0.0
2023-02-24,23185.29,19752.15005,1,0.34059373,-0.0012178923770018468,-1,0,Blocked Short (Bull Market),0.0012178923770018468,-0.0
2023-02-25,23157.07,19752.18565,1,0.3840394,0.01703161058168721,-1,0,Blocked Short (Bull Market),-0.01703161058168721,0.0
2023-02-26,23554.85,19750.18965,1,0.36165613,-0.0026679753126395687,-1,0,Blocked Short (Bull Market),0.0026679753126395687,-0.0
2023-02-27,23492.09,19747.97815,1,0.33982813,-0.015033201397948169,-1,0,Blocked Short (Bull Market),0.015033201397948169,-0.0
2023-02-28,23141.57,19741.6676,1,0.3347121,0.020842934243896633,-1,0,Blocked Short (Bull Market),-0.020842934243896633,0.0
2023-03-01,23628.97,19737.60555,1,0.35617092,-0.006949915104728103,-1,0,Blocked Short (Bull Market),0.006949915104728103,-0.0
2023-03-02,23465.32,19733.40595,1,0.3135261,-0.048503100831987105,-1,0,Blocked Short (Bull Market),0.048503100831987105,-0.0
2023-03-03,22354.34,19724.70355,1,0.328543,-0.00034764393289772876,-1,0,Blocked Short (Bull Market),0.00034764393289772876,-0.0
2023-03-04,22346.57,19717.1627,1,0.3583116,0.003737206709584325,-1,0,Blocked Short (Bull Market),-0.003737206709584325,0.0
2023-03-05,22430.24,19712.6006,1,0.35479525,-0.000902760617454153,-1,0,Blocked Short (Bull Market),0.000902760617454153,-0.0
2023-03-06,22410.0,19708.6946,1,0.35694095,-0.009506895048812334,-1,0,Blocked Short (Bull Market),0.009506895048812334,-0.0
2023-03-07,22197.96,19715.512450000002,1,0.34911042,-0.022437472391169118,-1,0,Blocked Short (Bull Market),0.022437472391169118,-0.0
2023-03-08,21705.44,19718.3393,1,0.3467331,-0.06388169730657518,-1,0,Blocked Short (Bull Market),0.06388169730657518,-0.0
2023-03-09,20362.22,19712.572350000002,1,0.41163096,-0.010442692083692516,-1,0,Blocked Short (Bull Market),0.010442692083692516,-0.0
2023-03-10,20150.69,19706.32665,1,0.47210306,0.015024507857790617,-1,0,Blocked Short (Bull Market),-0.015024507857790617,0.0
2023-03-11,20455.73,19700.9597,1,0.50617194,0.07264804225261712,0,0,No Signal,0.0,0.0
2023-03-12,21997.11,19704.10485,1,0.48677212,0.0918599391330703,-1,0,Blocked Short (Bull Market),-0.0918599391330703,0.0
2023-03-13,24113.48,19716.87705,1,0.4430047,0.022833529552860565,-1,0,Blocked Short (Bull Market),-0.022833529552860565,0.0
2023-03-14,24670.41,19739.02385,1,0.46459723,-0.015718497080592527,-1,0,Blocked Short (Bull Market),0.015718497080592527,-0.0
2023-03-15,24285.66,19760.26415,1,0.35559347,0.028940970979109415,-1,0,Blocked Short (Bull Market),-0.028940970979109415,0.0
2023-03-16,24998.78,19787.48,1,0.3080182,0.0915382366931726,-1,0,Blocked Short (Bull Market),-0.0915382366931726,0.0
2023-03-17,27395.13,19823.027,1,0.28875333,-0.017960573857961144,-1,0,Blocked Short (Bull Market),0.017960573857961144,-0.0
2023-03-18,26907.49,19858.50615,1,0.33817574,0.03883042537639571,-1,0,Blocked Short (Bull Market),-0.03883042537639571,0.0
2023-03-19,27972.87,19898.1204,1,0.31210366,-0.009188807742989342,-1,0,Blocked Short (Bull Market),0.009188807742989342,-0.0
2023-03-20,27717.01,19936.04815,1,0.26510543,0.013917915171174959,-1,0,Blocked Short (Bull Market),-0.013917915171174959,0.0
2023-03-21,28105.47,19976.816199999997,1,0.30635065,-0.030875102511240874,-1,0,Blocked Short (Bull Market),0.030875102511240874,-0.0
2023-03-22,27250.97,20013.91155,1,0.28756556,0.037610483876124916,-1,0,Blocked Short (Bull Market),-0.037610483876124916,0.0
2023-03-23,28295.41,20055.3871,1,0.34846252,-0.030170604453767236,-1,0,Blocked Short (Bull Market),0.030170604453767236,-0.0
2023-03-24,27454.47,20093.67525,1,0.31456652,0.00030882732901125104,-1,0,Blocked Short (Bull Market),-0.00030882732901125104,0.0
2023-03-25,27462.95,20137.03695,1,0.37207913,0.01822496367160109,-1,0,Blocked Short (Bull Market),-0.01822496367160109,0.0
2023-03-26,27968.05,20180.413,1,0.3498327,-0.030610293346195108,-1,0,Blocked Short (Bull Market),0.030610293346195108,-0.0
2023-03-27,27124.91,20219.438700000002,1,0.33080053,0.005007183266062188,-1,0,Blocked Short (Bull Market),-0.005007183266062188,0.0
2023-03-28,27261.07,20248.943499999998,1,0.34808615,0.039117969089514086,-1,0,Blocked Short (Bull Market),-0.039117969089514086,0.0
2023-03-29,28348.6,20282.4448,1,0.33001524,-0.011354726247076305,-1,0,Blocked Short (Bull Market),0.011354726247076305,-0.0
2023-03-30,28028.53,20313.4531,1,0.30970478,0.01546498944228887,-1,0,Blocked Short (Bull Market),-0.01546498944228887,0.0
2023-03-31,28465.36,20343.8012,1,0.32750657,-0.00044379564413691034,-1,0,Blocked Short (Bull Market),0.00044379564413691034,-0.0
2023-04-01,28452.73,20385.197,1,0.30396196,-0.009920151427765776,-1,0,Blocked Short (Bull Market),0.009920151427765776,-0.0
2023-04-02,28171.87,20424.9228,1,0.31794268,-0.01328794166506373,-1,0,Blocked Short (Bull Market),0.01328794166506373,-0.0
2023-04-03,27800.0,20465.4134,1,0.30711776,0.01306073888880465,-1,0,Blocked Short (Bull Market),-0.01306073888880465,0.0
2023-04-04,28165.47,20507.22425,1,0.32261863,0.00016117729039769833,-1,0,Blocked Short (Bull Market),-0.00016117729039769833,0.0
2023-04-05,28170.01,20547.5062,1,0.31872278,-0.0048462984303144436,-1,0,Blocked Short (Bull Market),0.0048462984303144436,-0.0
2023-04-06,28033.82,20590.594399999998,1,0.3304441,-0.004558093631494347,-1,0,Blocked Short (Bull Market),0.004558093631494347,-0.0
2023-04-07,27906.33,20632.44095,1,0.32844442,0.0011478259451552448,-1,0,Blocked Short (Bull Market),-0.0011478259451552448,0.0
2023-04-08,27938.38,20677.757849999998,1,0.34983918,0.013699657615021985,-1,0,Blocked Short (Bull Market),-0.013699657615021985,0.0
2023-04-09,28323.76,20727.06985,1,0.35263914,0.04533402443678367,-1,0,Blocked Short (Bull Market),-0.04533402443678367,0.0
2023-04-10,29637.34,20778.2484,1,0.34672186,0.018820778757940998,-1,0,Blocked Short (Bull Market),-0.018820778757940998,0.0
2023-04-11,30200.42,20832.80095,1,0.31616277,-0.010396427448109471,-1,0,Blocked Short (Bull Market),0.010396427448109471,-0.0
2023-04-12,29888.07,20887.6388,1,0.30317,0.01612230751029388,-1,0,Blocked Short (Bull Market),-0.01612230751029388,0.0
2023-04-13,30373.84,20945.471100000002,1,0.29098684,0.003060121449609667,-1,0,Blocked Short (Bull Market),-0.003060121449609667,0.0
2023-04-14,30466.93,21001.66665,1,0.27756652,-0.005656179900882534,-1,0,Blocked Short (Bull Market),0.005656179900882534,-0.0
2023-04-15,30295.09,21057.74645,1,0.29235467,0.00031551290745832457,-1,0,Blocked Short (Bull Market),-0.00031551290745832457,0.0
2023-04-16,30304.65,21112.2056,1,0.30597484,-0.029277429572032238,-1,0,Blocked Short (Bull Market),0.029277429572032238,-0.0
2023-04-17,29430.27,21161.3994,1,0.30908948,0.031761089816271876,-1,0,Blocked Short (Bull Market),-0.031761089816271876,0.0
2023-04-18,30380.01,21216.186400000002,1,0.36314443,-0.053510138704066394,-1,0,Blocked Short (Bull Market),0.053510138704066394,-0.0
2023-04-19,28797.1,21263.61715,1,0.31034145,-0.01940603406257386,-1,0,Blocked Short (Bull Market),0.01940603406257386,-0.0
2023-04-20,28243.65,21309.5514,1,0.4095153,-0.03534405077145466,-1,0,Blocked Short (Bull Market),0.03534405077145466,-0.0
2023-04-21,27262.84,21347.7202,1,0.4110642,0.02011734939753183,-1,0,Blocked Short (Bull Market),-0.02011734939753183,0.0
2023-04-22,27816.85,21385.115349999996,1,0.4958605,-0.008166817188415205,0,0,No Signal,-0.0,-0.0
2023-04-23,27590.6,21422.27705,1,0.44757217,-0.002891754748673293,-1,0,Blocked Short (Bull Market),0.002891754748673293,-0.0
2023-04-24,27510.93,21460.02835,1,0.46411714,0.028306339200071688,-1,0,Blocked Short (Bull Market),-0.028306339200071688,0.0
2023-04-25,28300.79,21503.88185,1,0.4416403,0.004037661120266265,-1,0,Blocked Short (Bull Market),-0.004037661120266265,0.0
2023-04-26,28415.29,21548.8685,1,0.38809592,0.0365394056503652,-1,0,Blocked Short (Bull Market),-0.0365394056503652,0.0
2023-04-27,29472.77,21599.037249999998,1,0.36198887,-0.005480032501360423,-1,0,Blocked Short (Bull Market),0.005480032501360423,-0.0
2023-04-28,29311.7,21649.936400000002,1,0.34025308,-0.0027757795765594477,-1,0,Blocked Short (Bull Market),0.0027757795765594477,-0.0
2023-04-29,29230.45,21700.788650000002,1,0.31682944,9.441762633578723e-05,-1,0,Blocked Short (Bull Market),-9.441762633578723e-05,0.0
2023-04-30,29233.21,21751.177050000002,1,0.2977335,-0.040665991207925405,-1,0,Blocked Short (Bull Market),0.040665991207925405,-0.0
2023-05-01,28068.26,21794.6427,1,0.2965561,0.021206996165195773,-1,0,Blocked Short (Bull Market),-0.021206996165195773,0.0
2023-05-02,28669.86,21842.10735,1,0.34383866,0.012351095602062214,-1,0,Blocked Short (Bull Market),-0.012351095602062214,0.0
2023-05-03,29026.16,21891.891200000002,1,0.3234713,-0.006497982228264741,-1,0,Blocked Short (Bull Market),0.006497982228264741,-0.0
2023-05-04,28838.16,21939.767100000005,1,0.3160672,0.02288090465334252,-1,0,Blocked Short (Bull Market),-0.02288090465334252,0.0
2023-05-05,29505.61,21989.54585,1,0.3252785,-0.02253281543081646,-1,0,Blocked Short (Bull Market),0.02253281543081646,-0.0
2023-05-06,28848.2,22037.14965,1,0.28268248,-0.01459915625864984,-1,0,Blocked Short (Bull Market),0.01459915625864984,-0.0
2023-05-07,28430.1,22083.680299999996,1,0.30647266,-0.027143379896367045,-1,0,Blocked Short (Bull Market),0.027143379896367045,-0.0
2023-05-08,27668.79,22126.81465,1,0.32006988,-0.0014655392981985705,-1,0,Blocked Short (Bull Market),0.0014655392981985705,-0.0
2023-05-09,27628.27,22169.13415,1,0.3505275,-0.0010690420309266652,-1,0,Blocked Short (Bull Market),0.0010690420309266652,-0.0
2023-05-10,27598.75,22211.106150000003,1,0.36521283,-0.0230965139643067,-1,0,Blocked Short (Bull Market),0.0230965139643067,-0.0
2023-05-11,26968.62,22248.097250000003,1,0.35205448,-0.00645829172740886,-1,0,Blocked Short (Bull Market),0.00645829172740886,-0.0
2023-05-12,26795.01,22285.4237,1,0.36852705,-0.0007366023552270455,-1,0,Blocked Short (Bull Market),0.0007366023552270455,-0.0
2023-05-13,26775.28,22318.89975,1,0.33428055,0.005302016968638717,-1,0,Blocked Short (Bull Market),-0.005302016968638717,0.0
2023-05-14,26917.62,22349.629900000004,1,0.34921658,0.0090430011641092,-1,0,Blocked Short (Bull Market),-0.0090430011641092,0.0
2023-05-15,27162.14,22383.96505,1,0.3361088,-0.004734677357132959,-1,0,Blocked Short (Bull Market),0.004734677357132959,-0.0
2023-05-16,27033.84,22416.175049999998,1,0.32547987,0.013658322391184448,-1,0,Blocked Short (Bull Market),-0.013658322391184448,0.0
2023-05-17,27405.61,22449.15475,1,0.3334216,-0.021552134669642054,-1,0,Blocked Short (Bull Market),0.021552134669642054,-0.0
2023-05-18,26821.28,22480.12375,1,0.31338885,0.002196585934586688,-1,0,Blocked Short (Bull Market),-0.002196585934586688,0.0
2023-05-19,26880.26,22512.071350000002,1,0.3418427,0.008231203535191795,-1,0,Blocked Short (Bull Market),-0.008231203535191795,0.0
2023-05-20,27102.43,22545.1654,1,0.34015602,-0.013171912518513606,-1,0,Blocked Short (Bull Market),0.013171912518513606,-0.0
2023-05-21,26747.78,22578.1451,1,0.33731303,0.0037871532594394926,-1,0,Blocked Short (Bull Market),-0.0037871532594394926,0.0
2023-05-22,26849.27,22611.352349999997,1,0.35787818,0.01369903691712277,-1,0,Blocked Short (Bull Market),-0.01369903691712277,0.0
2023-05-23,27219.61,22641.707800000004,1,0.33923987,-0.03326629631528951,-1,0,Blocked Short (Bull Market),0.03326629631528951,-0.0
2023-05-24,26329.01,22666.856,1,0.33442122,0.005483813844004058,-1,0,Blocked Short (Bull Market),-0.005483813844004058,0.0
2023-05-25,26473.79,22694.697050000002,1,0.3803175,0.008730076726596555,-1,0,Blocked Short (Bull Market),-0.008730076726596555,0.0
2023-05-26,26705.92,22725.271,1,0.35201526,0.005539576292267746,-1,0,Blocked Short (Bull Market),-0.005539576292267746,0.0
2023-05-27,26854.27,22766.806200000003,1,0.35723573,0.04409840842612671,-1,0,Blocked Short (Bull Market),-0.04409840842612671,0.0
2023-05-28,28065.0,22827.517150000003,1,0.3399519,-0.011777618425209708,-1,0,Blocked Short (Bull Market),0.011777618425209708,-0.0
2023-05-29,27736.4,22878.1934,1,0.2937109,-0.0015154032789555,-1,0,Blocked Short (Bull Market),0.0015154032789555,-0.0
2023-05-30,27694.4,22931.313850000002,1,0.2752735,-0.017632811059524262,-1,0,Blocked Short (Bull Market),0.017632811059524262,-0.0
2023-05-31,27210.35,22983.3052,1,0.253264,-0.014526721963616974,-1,0,Blocked Short (Bull Market),0.014526721963616974,-0.0
2023-06-01,26817.93,23035.745600000002,1,0.26947853,0.015710863858149307,-1,0,Blocked Short (Bull Market),-0.015710863858149307,0.0
2023-06-02,27242.59,23088.86125,1,0.28873447,-0.0063842684993772065,-1,0,Blocked Short (Bull Market),0.0063842684993772065,-0.0
2023-06-03,27069.22,23139.704500000003,1,0.27524003,0.0016975360281114345,-1,0,Blocked Short (Bull Market),-0.0016975360281114345,0.0
2023-06-04,27115.21,23191.96675,1,0.28630394,-0.05250715845555731,-1,0,Blocked Short (Bull Market),0.05250715845555731,-0.0
2023-06-05,25728.2,23237.14495,1,0.2761448,0.05673457801927024,-1,0,Blocked Short (Bull Market),-0.05673457801927024,0.0
2023-06-06,27230.08,23289.7931,1,0.33707112,-0.03325860556385626,-1,0,Blocked Short (Bull Market),0.03325860556385626,-0.0
2023-06-07,26339.34,23337.9864,1,0.31010395,0.00602863973269374,-1,0,Blocked Short (Bull Market),-0.00602863973269374,0.0
2023-06-08,26498.61,23389.0783,1,0.31847388,-0.0007852550651334101,-1,0,Blocked Short (Bull Market),0.0007852550651334101,-0.0
2023-06-09,26477.81,23442.560899999997,1,0.29651213,-0.024336519277700846,-1,0,Blocked Short (Bull Market),0.024336519277700846,-0.0
2023-06-10,25841.21,23490.632250000002,1,0.296246,0.003258464490493794,-1,0,Blocked Short (Bull Market),-0.003258464490493794,0.0
2023-06-11,25925.55,23537.24445,1,0.30602232,-0.0007856342026842933,-1,0,Blocked Short (Bull Market),0.0007856342026842933,-0.0
2023-06-12,25905.19,23583.77565,1,0.3005844,0.0011211542039807445,-1,0,Blocked Short (Bull Market),-0.0011211542039807445,0.0
2023-06-13,25934.25,23630.8362,1,0.30128765,-0.03155784923802867,-1,0,Blocked Short (Bull Market),0.03155784923802867,-0.0
2023-06-14,25128.6,23674.186349999996,1,0.30172175,0.018526725673652867,-1,0,Blocked Short (Bull Market),-0.018526725673652867,0.0
2023-06-15,25598.49,23720.034900000002,1,0.33003324,0.028745138290379006,-1,0,Blocked Short (Bull Market),-0.028745138290379006,0.0
2023-06-16,26345.0,23770.69535,1,0.30734995,0.006507155969033793,-1,0,Blocked Short (Bull Market),-0.006507155969033793,0.0
2023-06-17,26516.99,23821.06765,1,0.29939798,-0.006698102267960423,-1,0,Blocked Short (Bull Market),0.006698102267960423,-0.0
2023-06-18,26339.97,23866.9493,1,0.28405246,0.0189678131440085,-1,0,Blocked Short (Bull Market),-0.0189678131440085,0.0
2023-06-19,26844.35,23916.2842,1,0.27412814,0.05308872645011515,-1,0,Blocked Short (Bull Market),-0.05308872645011515,0.0
2023-06-20,28307.99,23972.36045,1,0.25276148,0.057849597296170514,-1,0,Blocked Short (Bull Market),-0.057849597296170514,0.0
2023-06-21,29993.89,24037.903899999998,1,0.25197655,-0.0036396889082070654,-1,0,Blocked Short (Bull Market),0.0036396889082070654,-0.0
2023-06-22,29884.92,24101.8,1,0.26915002,0.026533986237444202,-1,0,Blocked Short (Bull Market),-0.026533986237444202,0.0
2023-06-23,30688.5,24170.410750000003,1,0.2405931,-0.005262367873937984,-1,0,Blocked Short (Bull Market),0.005262367873937984,-0.0
2023-06-24,30527.43,24237.6031,1,0.22215426,-0.002123952410926466,-1,0,Blocked Short (Bull Market),0.002123952410926466,-0.0
2023-06-25,30462.66,24305.733200000002,1,0.23337407,-0.00641095284669021,-1,0,Blocked Short (Bull Market),0.00641095284669021,-0.0
2023-06-26,30267.99,24370.952649999996,1,0.23262684,0.013925651745678577,-1,0,Blocked Short (Bull Market),-0.013925651745678577,0.0
2023-06-27,30692.44,24438.77205,1,0.24604157,-0.020241978544881276,-1,0,Blocked Short (Bull Market),0.020241978544881276,-0.0
2023-06-28,30077.41,24503.52165,1,0.2426857,0.012223257058951633,-1,0,Blocked Short (Bull Market),-0.012223257058951633,0.0
2023-06-29,30447.31,24570.33295,1,0.26668257,0.0008105804662547625,-1,0,Blocked Short (Bull Market),-0.0008105804662547625,0.0
2023-06-30,30472.0,24636.643799999998,1,0.25755876,0.0037308892745919983,-1,0,Blocked Short (Bull Market),-0.0037308892745919983,0.0
2023-07-01,30585.9,24700.6998,1,0.2734364,0.001017271646457164,-1,0,Blocked Short (Bull Market),-0.001017271646457164,0.0
2023-07-02,30617.03,24764.769200000002,1,0.27099735,0.01745687224902878,-1,0,Blocked Short (Bull Market),-0.01745687224902878,0.0
2023-07-03,31156.2,24833.768499999995,1,0.26596397,-0.012586501609656327,-1,0,Blocked Short (Bull Market),0.012586501609656327,-0.0
2023-07-04,30766.51,24904.44045,1,0.25246242,-0.008542384639438915,-1,0,Blocked Short (Bull Market),0.008542384639438915,-0.0
2023-07-05,30504.81,24973.0819,1,0.26821867,-0.02017875019166179,-1,0,Blocked Short (Bull Market),0.02017875019166179,-0.0
2023-07-06,29895.43,25038.868,1,0.26572126,0.014916247025860701,-1,0,Blocked Short (Bull Market),-0.014916247025860701,0.0
2023-07-07,30344.7,25108.3971,1,0.30022603,-0.0019815498424806542,-1,0,Blocked Short (Bull Market),0.0019815498424806542,-0.0
2023-07-08,30284.63,25175.342449999996,1,0.29272538,-0.004100239112277894,-1,0,Blocked Short (Bull Market),0.004100239112277894,-0.0
2023-07-09,30160.71,25242.022649999995,1,0.30766815,0.008283044133908972,-1,0,Blocked Short (Bull Market),-0.008283044133908972,0.0
2023-07-10,30411.57,25309.97335,1,0.30855364,0.006898842392956891,-1,0,Blocked Short (Bull Market),-0.006898842392956891,0.0
2023-07-11,30622.1,25379.191349999997,1,0.30379197,-0.007937473335964864,-1,0,Blocked Short (Bull Market),0.007937473335964864,-0.0
2023-07-12,30380.0,25446.910749999995,1,0.31633466,0.034748976139702924,-1,0,Blocked Short (Bull Market),-0.034748976139702924,0.0
2023-07-13,31454.23,25520.02135,1,0.35524228,-0.03698946968873567,-1,0,Blocked Short (Bull Market),0.03698946968873567,-0.0
2023-07-14,30312.01,25586.98445,1,0.31994647,-0.0007422255191403193,-1,0,Blocked Short (Bull Market),0.0007422255191403193,-0.0
2023-07-15,30289.52,25654.90025,1,0.3665956,-0.0019011428276580337,-1,0,Blocked Short (Bull Market),0.0019011428276580337,-0.0
2023-07-16,30231.99,25723.32365,1,0.34676617,-0.0031138012758330853,-1,0,Blocked Short (Bull Market),0.0031138012758330853,-0.0
2023-07-17,30138.0,25790.846299999997,1,0.35342288,-0.00929617827722886,-1,0,Blocked Short (Bull Market),0.00929617827722886,-0.0
2023-07-18,29859.13,25857.10455,1,0.33879626,0.0016758040032582482,-1,0,Blocked Short (Bull Market),-0.0016758040032582482,0.0
2023-07-19,29909.21,25923.938600000005,1,0.34463358,-0.00365806621063334,-1,0,Blocked Short (Bull Market),0.00365806621063334,-0.0
2023-07-20,29800.0,25989.854850000003,1,0.3399306,0.0034076103143899864,-1,0,Blocked Short (Bull Market),-0.0034076103143899864,0.0
2023-07-21,29901.72,26055.9991,1,0.34817362,-0.0036089728683473903,-1,0,Blocked Short (Bull Market),0.0036089728683473903,-0.0
2023-07-22,29794.0,26121.5932,1,0.3515744,0.009678127907075769,-1,0,Blocked Short (Bull Market),-0.009678127907075769,0.0
2023-07-23,30083.75,26187.760150000002,1,0.36113143,-0.030621568131757492,-1,0,Blocked Short (Bull Market),0.030621568131757492,-0.0
2023-07-24,29176.5,26249.483399999997,1,0.35313386,0.0017946972401168204,-1,0,Blocked Short (Bull Market),-0.0017946972401168204,0.0
2023-07-25,29228.91,26310.8747,1,0.399202,0.004201036310069169,-1,0,Blocked Short (Bull Market),-0.004201036310069169,0.0
2023-07-26,29351.96,26372.91665,1,0.38868636,-0.004410782171051959,-1,0,Blocked Short (Bull Market),0.004410782171051959,-0.0
2023-07-27,29222.78,26433.3914,1,0.39380863,0.0031214513568593983,-1,0,Blocked Short (Bull Market),-0.0031214513568593983,0.0
2023-07-28,29314.14,26494.0708,1,0.37761182,0.0013213554199944793,-1,0,Blocked Short (Bull Market),-0.0013213554199944793,0.0
2023-07-29,29352.9,26553.631999999998,1,0.3671133,-0.002449433712539638,-1,0,Blocked Short (Bull Market),0.002449433712539638,-0.0
2023-07-30,29281.09,26610.321150000003,1,0.35485175,-0.0016693633056041337,-1,0,Blocked Short (Bull Market),0.0016693633056041337,-0.0
2023-07-31,29232.25,26662.249300000003,1,0.33980602,0.016076157104390566,-1,0,Blocked Short (Bull Market),-0.016076157104390566,0.0
2023-08-01,29705.99,26711.1292,1,0.33532983,-0.017659224099430867,-1,0,Blocked Short (Bull Market),0.017659224099430867,-0.0
2023-08-02,29186.01,26752.28465,1,0.31024772,0.0002613924558795061,-1,0,Blocked Short (Bull Market),-0.0002613924558795061,0.0
2023-08-03,29193.64,26793.895350000003,1,0.30871394,-0.002732062666357572,-1,0,Blocked Short (Bull Market),0.002732062666357572,-0.0
2023-08-04,29113.99,26833.53705,1,0.3065409,-0.0014388313646510047,-1,0,Blocked Short (Bull Market),0.0014388313646510047,-0.0
2023-08-05,29072.13,26873.223650000004,1,0.30127522,0.0005601735343276643,-1,0,Blocked Short (Bull Market),-0.0005601735343276643,0.0
2023-08-06,29088.42,26915.2784,1,0.2964173,0.004207247848642796,-1,0,Blocked Short (Bull Market),-0.004207247848642796,0.0
2023-08-07,29211.06,26955.975749999998,1,0.28806898,0.01896787840738051,-1,0,Blocked Short (Bull Market),-0.01896787840738051,0.0
2023-08-08,29770.42,26991.491799999996,1,0.27492887,-0.006349552885029144,-1,0,Blocked Short (Bull Market),0.006349552885029144,-0.0
2023-08-09,29581.99,27025.484,1,0.2577389,-0.004276592986209428,-1,0,Blocked Short (Bull Market),0.004276592986209428,-0.0
2023-08-10,29455.75,27059.22335,1,0.25721797,-0.0010094804377126705,-1,0,Blocked Short (Bull Market),0.0010094804377126705,-0.0
2023-08-11,29426.03,27091.77125,1,0.25005192,0.0001406818655240356,-1,0,Blocked Short (Bull Market),-0.0001406818655240356,0.0
2023-08-12,29430.17,27125.75765,1,0.25319612,-0.004301773191170979,-1,0,Blocked Short (Bull Market),0.004301773191170979,-0.0
2023-08-13,29303.84,27156.972149999998,1,0.2586376,0.0043275966976988696,-1,0,Blocked Short (Bull Market),-0.0043275966976988696,0.0
2023-08-14,29430.93,27189.078550000006,1,0.274365,-0.0078774528796102,-1,0,Blocked Short (Bull Market),0.0078774528796102,-0.0
2023-08-15,29200.0,27219.707750000005,1,0.27022058,-0.016209084961303622,-1,0,Blocked Short (Bull Market),0.016209084961303622,-0.0
2023-08-16,28730.51,27248.2473,1,0.28373465,-0.07616872037641167,-1,0,Blocked Short (Bull Market),0.07616872037641167,-0.0
2023-08-17,26623.41,27262.652850000002,0,0.3031097,-0.021619596661148415,-1,-1,Active Trade,0.021619596661148415,0.021619596661148415
2023-08-18,26054.0,27278.7921,0,0.36102337,0.0017643901949644589,-1,-1,Active Trade,-0.0017643901949644589,-0.0017643901949644589
2023-08-19,26100.01,27293.6665,0,0.3734854,0.003441579224086804,-1,-1,Active Trade,-0.003441579224086804,-0.003441579224086804
2023-08-20,26189.99,27305.953150000005,0,0.3643973,-0.0024110762869472635,-1,-1,Active Trade,0.0024110762869472635,0.0024110762869472635
2023-08-21,26126.92,27319.143050000002,0,0.35389072,-0.0027181324335439115,-1,-1,Active Trade,0.0027181324335439115,0.0027181324335439115
2023-08-22,26056.0,27332.26355,0,0.342879,0.01435456870308414,-1,-1,Active Trade,-0.01435456870308414,-0.01435456870308414
2023-08-23,26432.72,27347.79295,0,0.32473233,-0.009604966342235453,-1,-1,Active Trade,0.009604966342235453,0.009604966342235453
2023-08-24,26180.05,27364.028649999997,0,0.29936296,-0.004595714908301547,-1,-1,Active Trade,0.004595714908301547,0.004595714908301547
2023-08-25,26060.01,27380.516099999997,0,0.30265084,-0.0016375635459644805,-1,-1,Active Trade,0.0016375635459644805,0.0016375635459644805
2023-08-26,26017.37,27394.40065,0,0.2945324,0.00323873624067934,-1,-1,Active Trade,-0.00323873624067934,-0.00323873624067934
2023-08-27,26101.77,27410.094500000003,0,0.29786587,0.000698176287035663,-1,-1,Active Trade,-0.000698176287035663,-0.000698176287035663
2023-08-28,26120.0,27431.71275,0,0.2895497,0.059320826564098275,-1,-1,Active Trade,-0.059320826564098275,-0.059320826564098275
2023-08-29,27716.34,27462.1685,1,0.2870394,-0.0151357950818478,-1,0,Blocked Short (Bull Market),0.0151357950818478,-0.0
2023-08-30,27299.99,27489.355700000004,0,0.27825674,-0.05107008806335594,-1,-1,Active Trade,0.05107008806335594,0.05107008806335594
2023-08-31,25940.78,27510.1419,0,0.24719839,-0.005246038619321044,-1,-1,Active Trade,0.005246038619321044,0.005246038619321044
2023-09-01,25805.05,27530.2973,0,0.264911,0.0024948459526167835,-1,-1,Active Trade,-0.0024948459526167835,-0.0024948459526167835
2023-09-02,25869.51,27548.64565,0,0.2879095,0.003923561650647033,-1,-1,Active Trade,-0.003923561650647033,-0.003923561650647033
2023-09-03,25971.21,27556.88145,0,0.30160546,-0.005606105973525642,-1,-1,Active Trade,0.005606105973525642,0.005606105973525642
2023-09-04,25826.02,27568.42295,0,0.28610998,-0.0013142673496244822,-1,-1,Active Trade,0.0013142673496244822,0.0013142673496244822
2023-09-05,25792.1,27574.533600000002,0,0.2888349,-0.0012472832474370724,-1,-1,Active Trade,0.0012472832474370724,0.0012472832474370724
2023-09-06,25759.95,27580.173600000002,0,0.2843386,0.019035486849342184,-1,-1,Active Trade,-0.019035486849342184,-0.019035486849342184
2023-09-07,26255.0,27590.0898,0,0.28457183,-0.01320815513349337,-1,-1,Active Trade,0.01320815513349337,0.01320815513349337
2023-09-08,25910.5,27595.431300000004,0,0.2684158,-0.0003431630206622342,-1,-1,Active Trade,0.0003431630206622342,0.0003431630206622342
2023-09-09,25901.61,27602.67855,0,0.2806949,-0.0023191454606873935,-1,-1,Active Trade,0.0023191454606873935,0.0023191454606873935
2023-09-10,25841.61,27610.975550000003,0,0.26646298,-0.02663039767580389,-1,-1,Active Trade,0.02663039767580389,0.02663039767580389
2023-09-11,25162.52,27617.08715,0,0.26995766,0.02657196307677719,-1,-1,Active Trade,-0.02657196307677719,-0.02657196307677719
2023-09-12,25840.1,27630.3612,0,0.30231366,0.014671204201257093,-1,-1,Active Trade,-0.014671204201257093,-0.014671204201257093
2023-09-13,26222.0,27645.685849999998,0,0.29807505,0.011403348118842957,-1,-1,Active Trade,-0.011403348118842957,-0.011403348118842957
2023-09-14,26522.73,27660.52525,0,0.29517257,0.0029091145916004006,-1,-1,Active Trade,-0.0029091145916004006,-0.0029091145916004006
2023-09-15,26600.0,27676.0648,0,0.27819145,-0.0015173159554027868,-1,-1,Active Trade,0.0015173159554027868,0.0015173159554027868
2023-09-16,26559.67,27693.1553,0,0.26716143,-0.0012115920994153866,-1,-1,Active Trade,0.0012115920994153866,0.0012115920994153866
2023-09-17,26527.51,27707.648,0,0.2596981,0.008819719840065637,-1,-1,Active Trade,-0.008819719840065637,-0.008819719840065637
2023-09-18,26762.51,27724.13395,0,0.2606721,0.01659208048714994,-1,-1,Active Trade,-0.01659208048714994,-0.01659208048714994
2023-09-19,27210.26,27748.41355,0,0.26932773,-0.003138296199427117,-1,-1,Active Trade,0.003138296199427117,0.003138296199427117
2023-09-20,27125.0,27772.305699999997,0,0.2797759,-0.020745316649489014,-1,-1,Active Trade,0.020745316649489014,0.020745316649489014
2023-09-21,26568.08,27792.9949,0,0.29188314,0.0004538251782273123,-1,-1,Active Trade,-0.0004538251782273123,-0.0004538251782273123
2023-09-22,26580.14,27813.8456,0,0.31603885,-0.0001572726369548166,-1,-1,Active Trade,0.0001572726369548166,0.0001572726369548166
2023-09-23,26575.96,27835.7356,0,0.31542018,-0.01240277490489352,-1,-1,Active Trade,0.01240277490489352,0.01240277490489352
2023-09-24,26248.38,27858.450299999997,0,0.31587595,0.002147539347757194,-1,-1,Active Trade,-0.002147539347757194,-0.002147539347757194
2023-09-25,26304.81,27888.16325,0,0.33038586,-0.0031656440496646743,-1,-1,Active Trade,0.0031656440496646743,0.0031656440496646743
2023-09-26,26221.67,27918.51815,0,0.3171746,0.005754212215801185,-1,-1,Active Trade,-0.005754212215801185,-0.005754212215801185
2023-09-27,26372.99,27948.104450000003,0,0.32329065,0.024288394222757907,-1,-1,Active Trade,-0.024288394222757907,-0.024288394222757907
2023-09-28,27021.39,27973.22585,0,0.31429178,-0.0042437853832940535,-1,-1,Active Trade,0.0042437853832940535,0.0042437853832940535
2023-09-29,26906.96,27987.193249999997,0,0.2962405,0.002064247824862265,-1,-1,Active Trade,-0.002064247824862265,-0.002064247824862265
2023-09-30,26962.56,27998.654000000002,0,0.29271042,0.03748988079317705,-1,-1,Active Trade,-0.03748988079317705,-0.03748988079317705
2023-10-01,27992.57,28017.18855,0,0.2803786,-0.017952769440012815,-1,-1,Active Trade,0.017952769440012815,0.017952769440012815
2023-10-02,27494.51,28029.667199999996,0,0.2565932,-0.0024781075361443865,-1,-1,Active Trade,0.0024781075361443865,0.0024781075361443865
2023-10-03,27426.46,28029.82385,0,0.2722206,0.012756619276586195,-1,-1,Active Trade,-0.012756619276586195,-0.012756619276586195
2023-10-04,27778.57,28034.179249999997,0,0.2584028,-0.013342721522066095,-1,-1,Active Trade,0.013342721522066095,0.013342721522066095
2023-10-05,27410.39,28031.366850000002,0,0.24923208,0.018818266735082634,-1,-1,Active Trade,-0.018818266735082634,-0.018818266735082634
2023-10-06,27931.09,28032.437250000003,0,0.280088,0.0009154062279922295,-1,-1,Active Trade,-0.0009154062279922295,-0.0009154062279922295
2023-10-07,27956.67,28031.69325,0,0.25428864,-0.0014181982742726472,-1,-1,Active Trade,0.0014181982742726472,0.0014181982742726472
2023-10-08,27917.05,28035.02365,0,0.2573356,-0.011779875664382407,-1,-1,Active Trade,0.011779875664382407,0.011779875664382407
2023-10-09,27590.12,28031.4972,0,0.24507573,-0.007275373195296091,-1,-1,Active Trade,0.007275373195296091,0.007275373195296091
2023-10-10,27390.12,28031.17545,0,0.25583273,-0.01896652932854734,-1,-1,Active Trade,0.01896652932854734,0.01896652932854734
2023-10-11,26875.52,28028.2383,0,0.27355704,-0.004321426540286491,-1,-1,Active Trade,0.004321426540286491,0.004321426540286491
2023-10-12,26759.63,28022.196199999995,0,0.2990746,0.0038182399293200187,-1,-1,Active Trade,-0.0038182399293200187,-0.0038182399293200187
2023-10-13,26862.0,28020.88165,0,0.30522722,-0.0003544668067039467,-1,-1,Active Trade,0.0003544668067039467,0.0003544668067039467
2023-10-14,26852.48,28018.8387,0,0.30369574,0.011171707530674917,-1,-1,Active Trade,-0.011171707530674917,-0.011171707530674917
2023-10-15,27154.15,28012.866449999994,0,0.29831347,0.04840156611029453,-1,-1,Active Trade,-0.04840156611029453,-0.04840156611029453
2023-10-16,28500.78,28015.2277,1,0.27260846,-0.0036863346095197267,-1,0,Blocked Short (Bull Market),0.0036863346095197267,-0.0
2023-10-17,28395.91,28014.88045,1,0.25872737,-0.0026768518861103275,-1,0,Blocked Short (Bull Market),0.0026768518861103275,-0.0
2023-10-18,28320.0,28014.216800000002,1,0.23974499,0.01380644022600064,-1,0,Blocked Short (Bull Market),-0.01380644022600064,0.0
2023-10-19,28713.71,28016.926,1,0.22084022,0.03272936881268124,-1,0,Blocked Short (Bull Market),-0.03272936881268124,0.0
2023-10-20,29669.04,28026.271200000003,1,0.21073048,0.008082108028452294,-1,0,Blocked Short (Bull Market),-0.008082108028452294,0.0
2023-10-21,29909.8,28034.992849999995,1,0.21264906,0.002759830846653565,-1,0,Blocked Short (Bull Market),-0.002759830846653565,0.0
2023-10-22,29992.46,28044.105099999997,1,0.20533192,0.09768020786547688,-1,0,Blocked Short (Bull Market),-0.09768020786547688,0.0
2023-10-23,33069.99,28069.285949999998,1,0.1947008,0.02545906657086265,-1,0,Blocked Short (Bull Market),-0.02545906657086265,0.0
2023-10-24,33922.73,28099.367950000003,1,0.25424224,0.016759533553249224,-1,0,Blocked Short (Bull Market),-0.016759533553249224,0.0
2023-10-25,34496.05,28132.1563,1,0.25403064,-0.01003363081588025,-1,0,Blocked Short (Bull Market),0.01003363081588025,-0.0
2023-10-26,34151.66,28161.2958,1,0.23113747,-0.00763160546721126,-1,0,Blocked Short (Bull Market),0.00763160546721126,-0.0
2023-10-27,33892.02,28182.569199999998,1,0.23547073,0.005560455807826632,-1,0,Blocked Short (Bull Market),-0.005560455807826632,0.0
2023-10-28,34081.0,28201.9721,1,0.23961592,0.012969433130901344,-1,0,Blocked Short (Bull Market),-0.012969433130901344,0.0
2023-10-29,34525.89,28225.161199999995,1,0.23819382,-0.0014828854979810758,-1,0,Blocked Short (Bull Market),0.0014828854979810758,-0.0
2023-10-30,34474.73,28245.66565,1,0.22645123,0.004775852062776867,-1,0,Blocked Short (Bull Market),-0.004775852062776867,0.0
2023-10-31,34639.77,28266.52985,1,0.22859982,0.022314560261213128,-1,0,Blocked Short (Bull Market),-0.022314560261213128,0.0
2023-11-01,35421.43,28292.161550000004,1,0.22053966,-0.013639193957310053,-1,0,Blocked Short (Bull Market),0.013639193957310053,-0.0
2023-11-02,34941.59,28315.34625,1,0.21411225,-0.0064546666973641625,-1,0,Blocked Short (Bull Market),0.0064546666973641625,-0.0
2023-11-03,34716.78,28341.778800000004,1,0.23786624,0.00989677583723088,-1,0,Blocked Short (Bull Market),-0.00989677583723088,0.0
2023-11-04,35062.07,28365.189099999996,1,0.23936577,-0.0014324869251003767,-1,0,Blocked Short (Bull Market),0.0014324869251003767,-0.0
2023-11-05,35011.88,28396.263,1,0.23651394,0.0009766198683485855,-1,0,Blocked Short (Bull Market),-0.0009766198683485855,0.0
2023-11-06,35046.09,28430.2752,1,0.23732574,0.010022908737337355,-1,0,Blocked Short (Bull Market),-0.010022908737337355,0.0
2023-11-07,35399.12,28470.956599999998,1,0.23469964,0.0063528178351219345,-1,0,Blocked Short (Bull Market),-0.0063528178351219345,0.0
2023-11-08,35624.72,28509.99595,1,0.23386267,0.029766675983155067,-1,0,Blocked Short (Bull Market),-0.029766675983155067,0.0
2023-11-09,36701.09,28555.5484,1,0.23818162,0.01623057053490802,-1,0,Blocked Short (Bull Market),-0.01623057053490802,0.0
2023-11-10,37301.63,28604.5019,1,0.23113146,-0.004611757237879132,-1,0,Blocked Short (Bull Market),0.004611757237879132,-0.0
2023-11-11,37130.0,28648.64795,1,0.23321576,-0.0017756126342137468,-1,0,Blocked Short (Bull Market),0.0017756126342137468,-0.0
2023-11-12,37064.13,28691.89215,1,0.23505692,-0.016353527492521336,-1,0,Blocked Short (Bull Market),0.016353527492521336,-0.0
2023-11-13,36462.93,28726.84295,1,0.2303795,-0.0253224983929354,-1,0,Blocked Short (Bull Market),0.0253224983929354,-0.0
2023-11-14,35551.19,28758.0404,1,0.25957835,0.06287397140001015,-1,0,Blocked Short (Bull Market),-0.06287397140001015,0.0
2023-11-15,37858.2,28801.17915,1,0.2892453,-0.04579700167213188,-1,0,Blocked Short (Bull Market),0.04579700167213188,-0.0
2023-11-16,36163.51,28835.83065,1,0.27934,0.012377896572665345,-1,0,Blocked Short (Bull Market),-0.012377896572665345,0.0
2023-11-17,36613.92,28878.55895,1,0.32124895,-0.001252220312786142,-1,0,Blocked Short (Bull Market),0.001252220312786142,-0.0
2023-11-18,36568.1,28918.050150000003,1,0.29222536,0.021420590373204398,-1,0,Blocked Short (Bull Market),-0.021420590373204398,0.0
2023-11-19,37359.86,28959.71865,1,0.3001598,0.0023772666332884944,-1,0,Blocked Short (Bull Market),-0.0023772666332884944,0.0
2023-11-20,37448.78,29002.77175,1,0.26844135,-0.046657457238005864,-1,0,Blocked Short (Bull Market),0.046657457238005864,-0.0
2023-11-21,35741.65,29033.951950000002,1,0.26886076,0.045576998787717926,-1,0,Blocked Short (Bull Market),-0.045576998787717926,0.0
2023-11-22,37408.34,29076.752650000002,1,0.3213173,-0.003053710529443689,-1,0,Blocked Short (Bull Market),0.003053710529443689,-0.0
2023-11-23,37294.28,29121.07355,1,0.27168918,0.011180012954367782,-1,0,Blocked Short (Bull Market),-0.011180012954367782,0.0
2023-11-24,37713.57,29171.297450000002,1,0.29796788,0.0017776195288349984,-1,0,Blocked Short (Bull Market),-0.0017776195288349984,0.0
2023-11-25,37780.67,29222.059449999997,1,0.27263638,-0.008859513391713852,-1,0,Blocked Short (Bull Market),0.008859513391713852,-0.0
2023-11-26,37447.43,29271.302849999996,1,0.27411917,-0.005482130309367848,-1,0,Blocked Short (Bull Market),0.005482130309367848,-0.0
2023-11-27,37242.7,29322.673249999996,1,0.27705064,0.01535223194675372,-1,0,Blocked Short (Bull Market),-0.01535223194675372,0.0
2023-11-28,37818.87,29377.79255,1,0.28086096,0.0009453771250752638,-1,0,Blocked Short (Bull Market),-0.0009453771250752638,0.0
2023-11-29,37854.64,29433.18935,1,0.27878287,-0.0034581251896556686,-1,0,Blocked Short (Bull Market),0.0034581251896556686,-0.0
2023-11-30,37723.96,29487.22105,1,0.2890261,0.025092382063089787,-1,0,Blocked Short (Bull Market),-0.025092382063089787,0.0
2023-12-01,38682.52,29544.822949999998,1,0.28822353,0.019655100831166433,-1,0,Blocked Short (Bull Market),-0.019655100831166433,0.0
2023-12-02,39450.35,29606.905499999997,1,0.27034315,0.013142794289187723,-1,0,Blocked Short (Bull Market),-0.013142794289187723,0.0
2023-12-03,39972.26,29669.73875,1,0.2639919,0.049271977534901416,-1,0,Blocked Short (Bull Market),-0.049271977534901416,0.0
2023-12-04,41991.1,29745.58785,1,0.24956027,0.04839691964470645,-1,0,Blocked Short (Bull Market),-0.04839691964470645,0.0
2023-12-05,44073.32,29831.55315,1,0.24334748,-0.007072982823143485,-1,0,Blocked Short (Bull Market),0.007072982823143485,-0.0
2023-12-06,43762.69,29914.85445,1,0.26515454,-0.011249508685349425,-1,0,Blocked Short (Bull Market),0.011249508685349425,-0.0
2023-12-07,43273.14,29997.48125,1,0.22785394,0.020536119557329653,-1,0,Blocked Short (Bull Market),-0.020536119557329653,0.0
2023-12-08,44170.99,30084.08985,1,0.22643372,-0.010408972260493799,-1,0,Blocked Short (Bull Market),0.010408972260493799,-0.0
2023-12-09,43713.6,30166.5598,1,0.22582276,0.0017350244818206502,-1,0,Blocked Short (Bull Market),-0.0017350244818206502,0.0
2023-12-10,43789.51,30253.8623,1,0.2424881,-0.05966075735492428,-1,0,Blocked Short (Bull Market),0.05966075735492428,-0.0
2023-12-11,41253.4,30327.76035,1,0.23422448,0.005776503301278852,-1,0,Blocked Short (Bull Market),-0.005776503301278852,0.0
2023-12-12,41492.39,30401.6927,1,0.31066966,0.032639616880829996,-1,0,Blocked Short (Bull Market),-0.032639616880829996,0.0
2023-12-13,42869.03,30481.766499999998,1,0.31441817,0.0035680023564587876,-1,0,Blocked Short (Bull Market),-0.0035680023564587876,0.0
2023-12-14,43022.26,30556.552799999998,1,0.31029955,-0.025470477640977214,-1,0,Blocked Short (Bull Market),0.025470477640977214,-0.0
2023-12-15,41940.3,30627.5723,1,0.29714352,0.008020387258140575,-1,0,Blocked Short (Bull Market),-0.008020387258140575,0.0
2023-12-16,42278.03,30700.490449999998,1,0.3075761,-0.021599191335207872,-1,0,Blocked Short (Bull Market),0.021599191335207872,-0.0
2023-12-17,41374.65,30771.311950000003,1,0.28842393,0.030541766708551847,-1,0,Blocked Short (Bull Market),-0.030541766708551847,0.0
2023-12-18,42657.8,30850.5113,1,0.3270802,-0.008990828549252048,-1,0,Blocked Short (Bull Market),0.008990828549252048,-0.0
2023-12-19,42275.99,30925.678299999996,1,0.26263624,0.03241755264462973,-1,0,Blocked Short (Bull Market),-0.03241755264462973,0.0
2023-12-20,43668.93,31008.67685,1,0.30133992,0.004406916568444891,-1,0,Blocked Short (Bull Market),-0.004406916568444891,0.0
2023-12-21,43861.8,31092.4098,1,0.26470834,0.0024419680670525194,-1,0,Blocked Short (Bull Market),-0.0024419680670525194,0.0
2023-12-22,43969.04,31183.613999999998,1,0.2740592,-0.006088221088727501,-1,0,Blocked Short (Bull Market),0.006088221088727501,-0.0
2023-12-23,43702.16,31265.9744,1,0.2658599,-0.016395107062850675,-1,0,Blocked Short (Bull Market),0.016395107062850675,-0.0
2023-12-24,42991.5,31349.2352,1,0.2690285,0.013507101635684676,-1,0,Blocked Short (Bull Market),-0.013507101635684676,0.0
2023-12-25,43576.13,31434.622799999997,1,0.28559813,-0.02479535186467053,-1,0,Blocked Short (Bull Market),0.02479535186467053,-0.0
2023-12-26,42508.93,31514.7784,1,0.28234425,0.02140979529821103,-1,0,Blocked Short (Bull Market),-0.02140979529821103,0.0
2023-12-27,43428.85,31602.7166,1,0.3244524,-0.02012077980823538,-1,0,Blocked Short (Bull Market),0.02012077980823538,-0.0
2023-12-28,42563.76,31685.90765,1,0.30196363,-0.011740790238734814,-1,0,Blocked Short (Bull Market),0.011740790238734814,-0.0
2023-12-29,42066.95,31766.71645,1,0.33552274,0.0017416561151908701,-1,0,Blocked Short (Bull Market),-0.0017416561151908701,0.0
2023-12-30,42140.28,31847.7466,1,0.32871613,0.0033947781497301243,-1,0,Blocked Short (Bull Market),-0.0033947781497301243,0.0
2023-12-31,42283.58,31933.5215,1,0.32859272,0.04386318131378095,-1,0,Blocked Short (Bull Market),-0.04386318131378095,0.0
2024-01-01,44179.55,32026.4268,1,0.32909647,0.01722000317113513,-1,0,Blocked Short (Bull Market),-0.01722000317113513,0.0
2024-01-02,44946.91,32119.436349999996,1,0.28760505,-0.04788769521256018,-1,0,Blocked Short (Bull Market),0.04788769521256018,-0.0
2024-01-03,42845.23,32201.077549999998,1,0.27439556,0.03002352150755492,-1,0,Blocked Short (Bull Market),-0.03002352150755492,0.0
2024-01-04,44151.1,32290.133199999997,1,0.30594784,-0.0001356796630157846,-1,0,Blocked Short (Bull Market),0.0001356796630157846,-0.0
2024-01-05,44145.11,32376.637000000002,1,0.29883826,-0.004012787545087865,-1,0,Blocked Short (Bull Market),0.004012787545087865,-0.0
2024-01-06,43968.32,32454.938650000004,1,0.29233524,-0.000894225072540774,-1,0,Blocked Short (Bull Market),0.000894225072540774,-0.0
2024-01-07,43929.02,32524.6143,1,0.28032613,0.06653020711240704,-1,0,Blocked Short (Bull Market),-0.06653020711240704,0.0
2024-01-08,46951.04,32609.9449,1,0.28436127,-0.018075510415030107,-1,0,Blocked Short (Bull Market),0.018075510415030107,-0.0
2024-01-09,46110.0,32687.052399999997,1,0.25097355,0.01172860796383382,-1,0,Blocked Short (Bull Market),-0.01172860796383382,0.0
2024-01-10,46653.99,32767.6852,1,0.27550465,-0.006771062230729273,-1,0,Blocked Short (Bull Market),0.006771062230729273,-0.0
2024-01-11,46339.16,32847.0677,1,0.2682296,-0.0798528754667809,-1,0,Blocked Short (Bull Market),0.0798528754667809,-0.0
2024-01-12,42782.73,32909.6414,1,0.28412262,0.0015242196406752171,-1,0,Blocked Short (Bull Market),-0.0015242196406752171,0.0
2024-01-13,42847.99,32970.41915,1,0.3447567,-0.02638212870563945,-1,0,Blocked Short (Bull Market),0.02638212870563945,-0.0
2024-01-14,41732.35,33028.693849999996,1,0.35669342,0.01848861088034885,-1,0,Blocked Short (Bull Market),-0.01848861088034885,0.0
2024-01-15,42511.1,33089.012800000004,1,0.42912522,0.014637901828299413,-1,0,Blocked Short (Bull Market),-0.014637901828299413,0.0
2024-01-16,43137.95,33152.34255,1,0.36952767,-0.008423584725432613,-1,0,Blocked Short (Bull Market),0.008423584725432613,-0.0
2024-01-17,42776.1,33213.29355,1,0.33784285,-0.03445139745815894,-1,0,Blocked Short (Bull Market),0.03445139745815894,-0.0
2024-01-18,41327.5,33266.8459,1,0.34534305,0.007990013891329613,-1,0,Blocked Short (Bull Market),-0.007990013891329613,0.0
2024-01-19,41659.03,33319.36005,1,0.3629707,0.0008880084302503328,-1,0,Blocked Short (Bull Market),-0.0008880084302503328,0.0
2024-01-20,41696.04,33374.0077,1,0.32867643,-0.002778941360300473,-1,0,Blocked Short (Bull Market),0.002778941360300473,-0.0
2024-01-21,41580.33,33429.3853,1,0.34807837,-0.049606002668420156,-1,0,Blocked Short (Bull Market),0.049606002668420156,-0.0
2024-01-22,39568.02,33477.748250000004,1,0.33732373,0.008294955472882228,-1,0,Blocked Short (Bull Market),-0.008294955472882228,0.0
2024-01-23,39897.6,33525.51275,1,0.38450223,0.004683034141144241,-1,0,Blocked Short (Bull Market),-0.004683034141144241,0.0
2024-01-24,40084.88,33574.514,1,0.36294082,-0.003092975166303934,-1,0,Blocked Short (Bull Market),0.003092975166303934,-0.0
2024-01-25,39961.09,33623.515900000006,1,0.38231876,0.04555239092628425,-1,0,Blocked Short (Bull Market),-0.04555239092628425,0.0
2024-01-26,41823.51,33680.575600000004,1,0.37157017,0.00707902280697713,-1,0,Blocked Short (Bull Market),-0.00707902280697713,0.0
2024-01-27,42120.63,33738.068250000004,1,0.34433973,-0.002128775638974226,-1,0,Blocked Short (Bull Market),0.002128775638974226,-0.0
2024-01-28,42031.06,33796.32355,1,0.31843203,0.029806119942710457,-1,0,Blocked Short (Bull Market),-0.029806119942710457,0.0
2024-01-29,43302.7,33855.5659,1,0.29491377,-0.008385579459892248,-1,0,Blocked Short (Bull Market),0.008385579459892248,-0.0
2024-01-30,42941.1,33918.711350000005,1,0.28380567,-0.008444749797383772,-1,0,Blocked Short (Bull Market),0.008444749797383772,-0.0
2024-01-31,42580.0,33980.16375,1,0.30325633,0.011742435619609937,-1,0,Blocked Short (Bull Market),-0.011742435619609937,0.0
2024-02-01,43082.94,34044.4185,1,0.32462978,0.0027134001651212595,-1,0,Blocked Short (Bull Market),-0.0027134001651212595,0.0
2024-02-02,43200.0,34109.7285,1,0.3215978,-0.004382505832045197,-1,0,Blocked Short (Bull Market),0.004382505832045197,-0.0
2024-02-03,43011.09,34175.4883,1,0.32419273,-0.010005694851545816,-1,0,Blocked Short (Bull Market),0.010005694851545816,-0.0
2024-02-04,42582.88,34238.856649999994,1,0.32123974,0.002950351987088814,-1,0,Blocked Short (Bull Market),-0.002950351987088814,0.0
2024-02-05,42708.7,34303.400149999994,1,0.31584385,0.009095988310426472,-1,0,Blocked Short (Bull Market),-0.009095988310426472,0.0
2024-02-06,43098.95,34369.3863,1,0.32355028,0.028605054685199374,-1,0,Blocked Short (Bull Market),-0.028605054685199374,0.0
2024-02-07,44349.6,34442.1643,1,0.32159138,0.02095275967005496,-1,0,Blocked Short (Bull Market),-0.02095275967005496,0.0
2024-02-08,45288.65,34518.188799999996,1,0.29459792,0.03991206359421791,-1,0,Blocked Short (Bull Market),-0.03991206359421791,0.0
2024-02-09,47132.77,34607.97015,1,0.27618912,0.013033381077871586,-1,0,Blocked Short (Bull Market),-0.013033381077871586,0.0
2024-02-10,47751.09,34700.58105,1,0.26070017,0.01142945972783506,-1,0,Blocked Short (Bull Market),-0.01142945972783506,0.0
2024-02-11,48299.99,34795.3212,1,0.24421504,0.03293568144658824,-1,0,Blocked Short (Bull Market),-0.03293568144658824,0.0
2024-02-12,49917.27,34898.79365,1,0.21923244,-0.004370351494182536,-1,0,Blocked Short (Bull Market),0.004370351494182536,-0.0
2024-02-13,49699.59,35000.7209,1,0.20540988,0.041300218103198914,-1,0,Blocked Short (Bull Market),-0.041300218103198914,0.0
2024-02-14,51795.17,35112.93225,1,0.2210345,0.0016364577734705157,-1,0,Blocked Short (Bull Market),-0.0016364577734705157,0.0
2024-02-15,51880.0,35225.926799999994,1,0.21147628,0.004694246184426713,-1,0,Blocked Short (Bull Market),-0.004694246184426713,0.0
2024-02-16,52124.11,35340.386099999996,1,0.22028871,-0.009279917800631372,-1,0,Blocked Short (Bull Market),0.009279917800631372,-0.0
2024-02-17,51642.64,35450.06935,1,0.20674828,0.009540032294676114,-1,0,Blocked Short (Bull Market),-0.009540032294676114,0.0
2024-02-18,52137.67,35564.82765,1,0.21608078,-0.00698552773070659,-1,0,Blocked Short (Bull Market),0.00698552773070659,-0.0
2024-02-19,51774.73,35677.7331,1,0.21135437,0.009306488030900633,-1,0,Blocked Short (Bull Market),-0.009306488030900633,0.0
2024-02-20,52258.82,35793.45725,1,0.23448619,-0.007865510526459354,-1,0,Blocked Short (Bull Market),0.007865510526459354,-0.0
2024-02-21,51849.39,35907.34355,1,0.22021341,-0.01087817419895304,-1,0,Blocked Short (Bull Market),0.01087817419895304,-0.0
2024-02-22,51288.42,36018.34355,1,0.23366089,-0.010668655359765033,-1,0,Blocked Short (Bull Market),0.010668655359765033,-0.0
2024-02-23,50744.15,36126.009000000005,1,0.24988241,0.016109250933854777,-1,0,Blocked Short (Bull Market),-0.016109250933854777,0.0
2024-02-24,51568.22,36234.998,1,0.26119015,0.0031100616788884284,-1,0,Blocked Short (Bull Market),-0.0031100616788884284,0.0
2024-02-25,51728.85,36345.7323,1,0.24599583,0.051753212367562834,-1,0,Blocked Short (Bull Market),-0.051753212367562834,0.0
2024-02-26,54476.47,36470.8359,1,0.25485736,0.045937275755513214,-1,0,Blocked Short (Bull Market),-0.045937275755513214,0.0
2024-02-27,57037.34,36608.89245,1,0.23897639,0.09037342510456357,-1,0,Blocked Short (Bull Market),-0.09037342510456357,0.0
2024-02-28,62432.1,36773.9021,1,0.24854207,-0.021060790861507746,-1,0,Blocked Short (Bull Market),0.021060790861507746,-0.0
2024-02-29,61130.98,36933.037800000006,1,0.33339924,0.02035257099534111,-1,0,Blocked Short (Bull Market),-0.02035257099534111,0.0
2024-03-01,62387.9,37097.822649999995,1,0.25404555,-0.006442143609634661,-1,0,Blocked Short (Bull Market),0.006442143609634661,-0.0
2024-03-02,61987.28,37261.75905,1,0.22286072,0.018012936948412033,-1,0,Blocked Short (Bull Market),-0.018012936948412033,0.0
2024-03-03,63113.97,37433.676349999994,1,0.22769752,0.07817243529189463,-1,0,Blocked Short (Bull Market),-0.07817243529189463,0.0
2024-03-04,68245.71,37641.78784999999,1,0.208149,-0.06855316030923639,-1,0,Blocked Short (Bull Market),0.06855316030923639,-0.0
2024-03-05,63724.01,37830.137899999994,1,0.23445901,0.03621451680304252,-1,0,Blocked Short (Bull Market),-0.03621451680304252,0.0
2024-03-06,66074.04,38030.00805,1,0.3702274,0.011273945248864211,-1,0,Blocked Short (Bull Market),-0.011273945248864211,0.0
2024-03-07,66823.17,38233.17395,1,0.35385045,0.019282486315176334,-1,0,Blocked Short (Bull Market),-0.019282486315176334,0.0
2024-03-08,68124.19,38443.160299999996,1,0.33917934,0.0027716745979517753,-1,0,Blocked Short (Bull Market),-0.0027716745979517753,0.0
2024-03-09,68313.27,38654.44665,1,0.31979185,0.009362842188647231,-1,0,Blocked Short (Bull Market),-0.009362842188647231,0.0
2024-03-10,68955.88,38867.06245,1,0.318643,0.044283373561153284,-1,0,Blocked Short (Bull Market),-0.044283373561153284,0.0
2024-03-11,72078.1,39096.5527,1,0.2835263,-0.008724217811494954,-1,0,Blocked Short (Bull Market),0.008724217811494954,-0.0
2024-03-12,71452.01,39323.5127,1,0.2517925,0.022424831790492365,-1,0,Blocked Short (Bull Market),-0.022424831790492365,0.0
2024-03-13,73072.41,39558.7879,1,0.296952,-0.02330791194500903,-1,0,Blocked Short (Bull Market),0.02330791194500903,-0.0
2024-03-14,71388.94,39785.22375,1,0.27378306,-0.02681836109117046,-1,0,Blocked Short (Bull Market),0.02681836109117046,-0.0
2024-03-15,69499.85,40002.123,1,0.31097642,-0.062322910279710986,-1,0,Blocked Short (Bull Market),0.062322910279710986,-0.0
2024-03-16,65300.63,40190.04445,1,0.3504358,0.046275814432356635,-1,0,Blocked Short (Bull Market),-0.046275814432356635,0.0
2024-03-17,68393.48,40395.5119,1,0.39007124,-0.01152174525222046,-1,0,Blocked Short (Bull Market),0.01152174525222046,-0.0
2024-03-18,67609.99,40603.85795,1,0.3536161,-0.08763155563733493,-1,0,Blocked Short (Bull Market),0.08763155563733493,-0.0
2024-03-19,61937.4,40784.5197,1,0.36606818,0.09103531158594273,-1,0,Blocked Short (Bull Market),-0.09103531158594273,0.0
2024-03-20,67840.51,40994.3747,1,0.40759745,-0.03508997737785613,-1,0,Blocked Short (Bull Market),0.03508997737785613,-0.0
2024-03-21,65501.27,41192.025,1,0.38612974,-0.026369007379098856,-1,0,Blocked Short (Bull Market),0.026369007379098856,-0.0
2024-03-22,63796.64,41381.8781,1,0.42485958,0.003026453038660462,-1,0,Blocked Short (Bull Market),-0.003026453038660462,0.0
2024-03-23,63990.01,41572.86765,1,0.3998761,0.04909491976870599,-1,0,Blocked Short (Bull Market),-0.04909491976870599,0.0
2024-03-24,67209.99,41780.117849999995,1,0.41946825,0.038957731173826136,-1,0,Blocked Short (Bull Market),-0.038957731173826136,0.0
2024-03-25,69880.01,41998.2429,1,0.36642402,0.0015441704140665396,-1,0,Blocked Short (Bull Market),-0.0015441704140665396,0.0
2024-03-26,69988.0,42218.6304,1,0.346703,-0.007428938024621631,-1,0,Blocked Short (Bull Market),0.007428938024621631,-0.0
2024-03-27,69469.99,42436.4723,1,0.33442718,0.01869009109453202,-1,0,Blocked Short (Bull Market),-0.01869009109453202,0.0
2024-03-28,70780.6,42661.167250000006,1,0.326691,-0.01322713532737063,-1,0,Blocked Short (Bull Market),0.01322713532737063,-0.0
2024-03-29,69850.54,42884.60734999999,1,0.31374022,-0.0038493164497219014,-1,0,Blocked Short (Bull Market),0.0038493164497219014,-0.0
2024-03-30,69582.18,43103.317749999995,1,0.33410746,0.024107423379159526,-1,0,Blocked Short (Bull Market),-0.024107423379159526,0.0
2024-03-31,71280.01,43328.607800000005,1,0.32874733,-0.02313609473301786,-1,0,Blocked Short (Bull Market),0.02313609473301786,-0.0
2024-04-01,69649.8,43544.243149999995,1,0.29986328,-0.06197960825197718,-1,0,Blocked Short (Bull Market),0.06197960825197718,-0.0
2024-04-02,65463.99,43738.5631,1,0.34498358,0.007598003093028574,-1,0,Blocked Short (Bull Market),-0.007598003093028574,0.0
2024-04-03,65963.28,43935.58114999999,1,0.40587586,0.03755725764251874,-1,0,Blocked Short (Bull Market),-0.03755725764251874,0.0
2024-04-04,68487.79,44145.38255,1,0.4339444,-0.009789202703133824,-1,0,Blocked Short (Bull Market),0.009789202703133824,-0.0
2024-04-05,67820.62,44350.67309999999,1,0.42949185,0.015731842680183246,-1,0,Blocked Short (Bull Market),-0.015731842680183246,0.0
2024-04-06,68896.0,44559.1018,1,0.39519748,0.006717834111896003,-1,0,Blocked Short (Bull Market),-0.006717834111896003,0.0
2024-04-07,69360.39,44770.27875,1,0.34584224,0.03205840927643814,-1,0,Blocked Short (Bull Market),-0.03205840927643814,0.0
2024-04-08,71620.0,44995.53835,1,0.35870242,-0.03515415339654028,-1,0,Blocked Short (Bull Market),0.03515415339654028,-0.0
2024-04-09,69146.0,45208.36765,1,0.30468827,0.02125006308303191,-1,0,Blocked Short (Bull Market),-0.02125006308303191,0.0
2024-04-10,70631.08,45428.64325,1,0.34516865,-0.00888603616768445,-1,0,Blocked Short (Bull Market),0.00888603616768445,-0.0
2024-04-11,70006.23,45647.4325,1,0.3133916,-0.04215402471169341,-1,0,Blocked Short (Bull Market),0.04215402471169341,-0.0
2024-04-12,67116.52,45851.491050000004,1,0.35833102,-0.04872735746222276,-1,0,Blocked Short (Bull Market),0.04872735746222276,-0.0
2024-04-13,63924.51,46040.00525,1,0.36749294,0.026815078915186055,-1,0,Blocked Short (Bull Market),-0.026815078915186055,0.0
2024-04-14,65661.84,46236.4495,1,0.39936855,-0.03473882339914055,-1,0,Blocked Short (Bull Market),0.03473882339914055,-0.0
2024-04-15,63419.99,46418.4425,1,0.4203846,0.005870468536476564,-1,0,Blocked Short (Bull Market),-0.005870468536476564,0.0
2024-04-16,63793.39,46602.87465,1,0.44949722,-0.040238973210926274,-1,0,Blocked Short (Bull Market),0.040238973210926274,-0.0
2024-04-17,61277.37,46774.4487,1,0.42791215,0.035158006998813135,-1,0,Blocked Short (Bull Market),-0.035158006998813135,0.0
2024-04-18,63470.08,46951.83625,1,0.47167832,0.005466825160537417,-1,0,Blocked Short (Bull Market),-0.005466825160537417,0.0
2024-04-19,63818.01,47133.45375,1,0.4159049,0.01743741302682119,-1,0,Blocked Short (Bull Market),-0.01743741302682119,0.0
2024-04-20,64940.59,47321.024399999995,1,0.35939333,8.623229100669178e-06,-1,0,Blocked Short (Bull Market),-8.623229100669178e-06,0.0
2024-04-21,64941.15,47506.83729999999,1,0.3271109,0.028510785110948657,-1,0,Blocked Short (Bull Market),-0.028510785110948657,0.0
2024-04-22,66819.32,47703.88195,1,0.3555551,-0.006084382651452649,-1,0,Blocked Short (Bull Market),0.006084382651452649,-0.0
2024-04-23,66414.0,47896.296500000004,1,0.2949565,-0.03251015685090299,-1,0,Blocked Short (Bull Market),0.03251015685090299,-0.0
2024-04-24,64289.59,48077.9611,1,0.31897518,0.0032417662557915235,-1,0,Blocked Short (Bull Market),-0.0032417662557915235,0.0
2024-04-25,64498.34,48260.867549999995,1,0.3534071,-0.011356469895713836,-1,0,Blocked Short (Bull Market),0.011356469895713836,-0.0
2024-04-26,63770.01,48441.767,1,0.33483803,-0.004842030716018614,-1,0,Blocked Short (Bull Market),0.004842030716018614,-0.0
2024-04-27,63461.98,48622.126299999996,1,0.38351777,-0.005425173243951366,-1,0,Blocked Short (Bull Market),0.005425173243951366,-0.0
2024-04-28,63118.62,48803.341799999995,1,0.374438,0.01177132522006203,-1,0,Blocked Short (Bull Market),-0.01177132522006203,0.0
2024-04-29,63866.0,48988.873649999994,1,0.39386976,-0.051304831768252054,-1,0,Blocked Short (Bull Market),0.051304831768252054,-0.0
2024-04-30,60672.0,49157.92364999999,1,0.37025133,-0.03876642553474422,-1,0,Blocked Short (Bull Market),0.03876642553474422,-0.0
2024-05-01,58364.97,49315.4861,1,0.4072941,0.011848323644138173,-1,0,Blocked Short (Bull Market),-0.011848323644138173,0.0
2024-05-02,59060.61,49475.0184,1,0.42183638,0.06269590851696512,-1,0,Blocked Short (Bull Market),-0.06269590851696512,0.0
2024-05-03,62882.01,49646.92454999999,1,0.40356874,0.01593467072506892,-1,0,Blocked Short (Bull Market),-0.01593467072506892,0.0
2024-05-04,63892.04,49824.405199999994,1,0.3799772,0.0018757817997593531,-1,0,Blocked Short (Bull Market),-0.0018757817997593531,0.0
2024-05-05,64012.0,50002.86519999999,1,0.31542447,-0.013317207511333138,-1,0,Blocked Short (Bull Market),0.013317207511333138,-0.0
2024-05-06,63165.19,50175.122599999995,1,0.29804987,-0.013598050793730939,-1,0,Blocked Short (Bull Market),0.013598050793730939,-0.0
2024-05-07,62312.08,50338.337799999994,1,0.3125721,-0.018122013335120257,-1,0,Blocked Short (Bull Market),0.018122013335120257,-0.0
2024-05-08,61193.03,50494.753950000006,1,0.33508196,0.030275504659909153,-1,0,Blocked Short (Bull Market),-0.030275504659909153,0.0
2024-05-09,63074.01,50660.1617,1,0.35342202,-0.03671917430504504,-1,0,Blocked Short (Bull Market),0.03671917430504504,-0.0
2024-05-10,60799.99,50798.8117,1,0.2996442,0.0004275402409262431,-1,0,Blocked Short (Bull Market),-0.0004275402409262431,0.0
2024-05-11,60825.99,50933.328,1,0.37735957,0.01075965097938284,-1,0,Blocked Short (Bull Market),-0.01075965097938284,0.0
2024-05-12,61483.99,51068.2677,1,0.36815065,0.023406346968515828,-1,0,Blocked Short (Bull Market),-0.023406346968515828,0.0
2024-05-13,62940.08,51212.2098,1,0.35863557,-0.021886781008613777,-1,0,Blocked Short (Bull Market),0.021886781008613777,-0.0
2024-05-14,61577.49,51350.637149999995,1,0.3313965,0.07248226375544757,-1,0,Blocked Short (Bull Market),-0.07248226375544757,0.0
2024-05-15,66206.5,51511.26465,1,0.35769123,-0.014779291590717515,-1,0,Blocked Short (Bull Market),0.014779291590717515,-0.0
2024-05-16,65235.21,51664.81125,1,0.31926712,0.027051410361314365,-1,0,Blocked Short (Bull Market),-0.027051410361314365,0.0
2024-05-17,67024.0,51827.55760000001,1,0.30987734,-0.0016246180943355483,-1,0,Blocked Short (Bull Market),0.0016246180943355483,-0.0
2024-05-18,66915.2,51988.93474999999,1,0.26446393,-0.00962833180615985,-1,0,Blocked Short (Bull Market),0.00962833180615985,-0.0
2024-05-19,66274.01,52143.197649999995,1,0.26989812,0.07515278314448008,-1,0,Blocked Short (Bull Market),-0.07515278314448008,0.0
2024-05-20,71446.62,52325.7228,1,0.26780373,-0.018338454758227797,-1,0,Blocked Short (Bull Market),0.018338454758227797,-0.0
2024-05-21,70148.34,52502.880600000004,1,0.26242432,-0.014093766386815483,-1,0,Blocked Short (Bull Market),0.014093766386815483,-0.0
2024-05-22,69166.62,52673.40335,1,0.28352374,-0.017457094288918538,-1,0,Blocked Short (Bull Market),0.017457094288918538,-0.0
2024-05-23,67969.65,52838.1922,1,0.27498353,0.008501978114690344,-1,0,Blocked Short (Bull Market),-0.008501978114690344,0.0
2024-05-24,68549.99,53005.7117,1,0.3061087,0.01074556177134258,-1,0,Blocked Short (Bull Market),-0.01074556177134258,0.0
2024-05-25,69290.57,53175.16895000001,1,0.3096051,-0.011363112097898122,-1,0,Blocked Short (Bull Market),0.011363112097898122,-0.0
2024-05-26,68507.67,53339.5837,1,0.30434528,0.013465947937329524,-1,0,Blocked Short (Bull Market),-0.013465947937329524,0.0
2024-05-27,69436.43,53503.2604,1,0.31643647,-0.0150623714003808,-1,0,Blocked Short (Bull Market),0.0150623714003808,-0.0
2024-05-28,68398.39,53658.7442,1,0.29673615,-0.010966160005080427,-1,0,Blocked Short (Bull Market),0.010966160005080427,-0.0
2024-05-29,67652.42,53811.3563,1,0.31554535,0.010290184685345129,-1,0,Blocked Short (Bull Market),-0.010290184685345129,0.0
2024-05-30,68352.17,53967.796500000004,1,0.32316375,-0.011953148002230988,-1,0,Blocked Short (Bull Market),0.011953148002230988,-0.0
2024-05-31,67540.01,54123.1819,1,0.3185274,0.003352974306247208,-1,0,Blocked Short (Bull Market),-0.003352974306247208,0.0
2024-06-01,67766.85,54284.2602,1,0.33370334,-1.800306465331948e-05,-1,0,Blocked Short (Bull Market),1.800306465331948e-05,-0.0
2024-06-02,67765.63,54433.79735,1,0.31896442,0.015292495676779325,-1,0,Blocked Short (Bull Market),-0.015292495676779325,0.0
2024-06-03,68809.9,54597.029299999995,1,0.31558868,0.02480167347858517,-1,0,Blocked Short (Bull Market),-0.02480167347858517,0.0
2024-06-04,70537.84,54766.6489,1,0.30794185,0.008050544645661345,-1,0,Blocked Short (Bull Market),-0.008050544645661345,0.0
2024-06-05,71108.0,54939.348399999995,1,0.29502785,-0.004354124285061161,-1,0,Blocked Short (Bull Market),0.004354124285061161,-0.0
2024-06-06,70799.06,55106.54439999999,1,0.3015704,-0.020598830454873523,-1,0,Blocked Short (Bull Market),0.020598830454873523,-0.0
2024-06-07,69355.6,55266.078499999996,1,0.29484564,-0.00065106056369522,-1,0,Blocked Short (Bull Market),0.00065106056369522,-0.0
2024-06-08,69310.46,55433.922549999996,1,0.32323927,0.004860162159083764,-1,0,Blocked Short (Bull Market),-0.004860162159083764,0.0
2024-06-09,69648.14,55595.12155,1,0.32831228,-0.0015538683361776106,-1,0,Blocked Short (Bull Market),0.0015538683361776106,-0.0
2024-06-10,69540.0,55756.350150000006,1,0.3266477,-0.032530322415029955,-1,0,Blocked Short (Bull Market),0.032530322415029955,-0.0
2024-06-11,67314.24,55904.3535,1,0.3662679,0.014010590579490376,-1,0,Blocked Short (Bull Market),-0.014010590579490376,0.0
2024-06-12,68263.99,56056.770099999994,1,0.39924788,-0.02208343776467173,-1,0,Blocked Short (Bull Market),0.02208343776467173,-0.0
2024-06-13,66773.01,56203.398,1,0.3930629,-0.010977921824138023,-1,0,Blocked Short (Bull Market),0.010977921824138023,-0.0
2024-06-14,66043.99,56347.404449999995,1,0.42697817,0.0027860739213107213,-1,0,Blocked Short (Bull Market),-0.0027860739213107213,0.0
2024-06-15,66228.25,56489.451349999996,1,0.42645884,0.006751007092293841,-1,0,Blocked Short (Bull Market),-0.006751007092293841,0.0
2024-06-16,66676.87,56633.5625,1,0.43692055,-0.002591057844952401,-1,0,Blocked Short (Bull Market),0.002591057844952401,-0.0
2024-06-17,66504.33,56777.46435,1,0.42782798,-0.020186188658431685,-1,0,Blocked Short (Bull Market),0.020186188658431685,-0.0
2024-06-18,65175.32,56909.92835,1,0.41658792,-0.0030879852219766885,-1,0,Blocked Short (Bull Market),0.0030879852219766885,-0.0
2024-06-19,64974.37,57037.548449999995,1,0.42444664,-0.001607771373120505,-1,0,Blocked Short (Bull Market),0.001607771373120505,-0.0
2024-06-20,64869.99,57162.0371,1,0.43556142,-0.011261416759841722,-1,0,Blocked Short (Bull Market),0.011261416759841722,-0.0
2024-06-21,64143.56,57272.7994,1,0.46494,0.001844936066219504,-1,0,Blocked Short (Bull Market),-0.001844936066219504,0.0
2024-06-22,64262.01,57373.74285,1,0.4696509,-0.016505957689856198,-1,0,Blocked Short (Bull Market),0.016505957689856198,-0.0
2024-06-23,63210.01,57470.979450000006,1,0.46730566,-0.04724168823827901,-1,0,Blocked Short (Bull Market),0.04724168823827901,-0.0
2024-06-24,60293.3,57556.08024999999,1,0.49169177,0.024779622477455705,0,0,No Signal,0.0,0.0
2024-06-25,61806.01,57644.25535,1,0.51710635,-0.015342476362678105,1,1,Active Trade,-0.015342476362678105,-0.015342476362678105
2024-06-26,60864.99,57730.012299999995,1,0.49367923,0.013730655086801458,0,0,No Signal,0.0,0.0
2024-06-27,61706.47,57819.5971,1,0.50801617,-0.020938861751513153,0,0,No Signal,-0.0,-0.0
2024-06-28,60427.84,57915.4693,1,0.4761873,0.009205553774616642,-1,0,Blocked Short (Bull Market),-0.009205553774616642,0.0
2024-06-29,60986.68,58012.940749999994,1,0.475022,0.028853793809744524,-1,0,Blocked Short (Bull Market),-0.028853793809744524,0.0
2024-06-30,62772.01,58112.455649999996,1,0.43459004,0.0020367312407112426,-1,0,Blocked Short (Bull Market),-0.0020367312407112426,0.0
2024-07-01,62899.99,58211.8443,1,0.36686844,-0.012229003319739846,-1,0,Blocked Short (Bull Market),0.012229003319739846,-0.0
2024-07-02,62135.47,58312.82015,1,0.33879665,-0.0315021343281225,-1,0,Blocked Short (Bull Market),0.0315021343281225,-0.0
2024-07-03,60208.58,58402.4729,1,0.31902823,-0.05388661548310068,-1,0,Blocked Short (Bull Market),0.05388661548310068,-0.0
2024-07-04,57050.01,58480.8497,0,0.3387489,-0.007410738462197537,-1,-1,Active Trade,0.007410738462197537,0.007410738462197537
2024-07-05,56628.79,58550.70465,0,0.4160295,0.027885405242016163,-1,-1,Active Trade,-0.027885405242016163,-0.027885405242016163
2024-07-06,58230.13,58630.47535,0,0.3994804,-0.04159356377998373,-1,-1,Active Trade,0.04159356377998373,0.04159356377998373
2024-07-07,55857.81,58691.41975000001,0,0.34948525,0.015222671228313616,-1,-1,Active Trade,-0.015222671228313616,-0.015222671228313616
2024-07-08,56714.62,58755.68385,0,0.37847582,0.023272682322844962,-1,-1,Active Trade,-0.023272682322844962,-0.023272682322844962
2024-07-09,58050.0,58826.088650000005,0,0.33945128,-0.0055996280225802065,-1,-1,Active Trade,0.0055996280225802065,0.0055996280225802065
2024-07-10,57725.85,58896.2071,0,0.3091647,-0.006708538049520128,-1,-1,Active Trade,0.006708538049520128,0.006708538049520128
2024-07-11,57339.89,58967.94905,0,0.32378066,0.009532569171711086,-1,-1,Active Trade,-0.009532569171711086,-0.009532569171711086
2024-07-12,57889.1,59039.5139,0,0.3426178,0.022460333746386348,-1,-1,Active Trade,-0.022460333746386348,-0.022460333746386348
2024-07-13,59204.02,59122.98935,1,0.31415123,0.02656596839138983,-1,0,Blocked Short (Bull Market),-0.02656596839138983,0.0
2024-07-14,60797.91,59209.83465,1,0.29392272,0.06257882518464983,-1,0,Blocked Short (Bull Market),-0.06257882518464983,0.0
2024-07-15,64724.14,59320.63655,1,0.26664004,0.004929571655444641,-1,0,Blocked Short (Bull Market),-0.004929571655444641,0.0
2024-07-16,65043.99,59435.52175,1,0.26290762,-0.014806827344029673,-1,0,Blocked Short (Bull Market),0.014806827344029673,-0.0
2024-07-17,64087.99,59545.2603,1,0.25738174,-0.0015626673332034774,-1,0,Blocked Short (Bull Market),0.0015626673332034774,-0.0
2024-07-18,63987.92,59653.782,1,0.23911831,0.040910757335444886,-1,0,Blocked Short (Bull Market),-0.040910757335444886,0.0
2024-07-19,66660.0,59766.18425,1,0.23826441,0.00717432290208512,-1,0,Blocked Short (Bull Market),-0.00717432290208512,0.0
2024-07-20,67139.96,59877.14949999999,1,0.22964354,0.015156828740989328,-1,0,Blocked Short (Bull Market),-0.015156828740989328,0.0
2024-07-21,68165.34,60003.75005000001,1,0.23774943,-0.009334516829783621,-1,0,Blocked Short (Bull Market),0.009334516829783621,-0.0
2024-07-22,67532.01,60120.6546,1,0.22327812,-0.023916981434216472,-1,0,Blocked Short (Bull Market),0.023916981434216472,-0.0
2024-07-23,65936.01,60229.6091,1,0.24354215,-0.008529507623456261,-1,0,Blocked Short (Bull Market),0.008529507623456261,-0.0
2024-07-24,65376.0,60336.6475,1,0.26359963,0.006463859817351855,-1,0,Blocked Short (Bull Market),-0.006463859817351855,0.0
2024-07-25,65799.95,60446.00215,1,0.2731635,0.03153462223775808,-1,0,Blocked Short (Bull Market),-0.03153462223775808,0.0
2024-07-26,67907.99,60550.78689999999,1,0.26659632,-0.00016921384598440523,-1,0,Blocked Short (Bull Market),0.00016921384598440523,-0.0
2024-07-27,67896.5,60659.719399999994,1,0.2517693,0.005191188977428364,-1,0,Blocked Short (Bull Market),-0.005191188977428364,0.0
2024-07-28,68249.88,60767.69885000001,1,0.26110885,-0.02170181316434392,-1,0,Blocked Short (Bull Market),0.02170181316434392,-0.0
2024-07-29,66784.69,60869.9265,1,0.24744144,-0.008974685027823451,-1,0,Blocked Short (Bull Market),0.008974685027823451,-0.0
2024-07-30,66188.0,60986.95285,1,0.28173786,-0.02385142421501373,-1,0,Blocked Short (Bull Market),0.02385142421501373,-0.0
2024-07-31,64628.0,61095.8529,1,0.2809381,0.011171199683345215,-1,0,Blocked Short (Bull Market),-0.011171199683345215,0.0
2024-08-01,65354.02,61213.96125,1,0.31919295,-0.06080893312569105,-1,0,Blocked Short (Bull Market),0.06080893312569105,-0.0
2024-08-02,61498.33,61308.8974,1,0.292121,-0.013099436128860992,-1,0,Blocked Short (Bull Market),0.013099436128860992,-0.0
2024-08-03,60697.99,61396.6976,0,0.36282426,-0.04269555681819708,-1,-1,Active Trade,0.04269555681819708,0.04269555681819708
2024-08-04,58161.0,61473.6221,0,0.3530255,-0.07388270778154322,-1,-1,Active Trade,0.07388270778154322,0.07388270778154322
2024-08-05,54018.81,61537.07865,0,0.40713134,0.03641232998749407,-1,-1,Active Trade,-0.03641232998749407,-0.03641232998749407
2024-08-06,56022.01,61608.89355000001,0,0.42321867,-0.015975161468007117,-1,-1,Active Trade,0.015975161468007117,0.015975161468007117
2024-08-07,55134.16,61676.08415,0,0.40035543,0.11228735091416127,-1,-1,Active Trade,-0.11228735091416127,-0.11228735091416127
2024-08-08,61685.99,61776.61245,0,0.4427898,-0.013842409307287744,-1,-1,Active Trade,0.013842409307287744,0.013842409307287744
2024-08-09,60837.99,61882.96229999999,0,0.41630426,0.001404713543484379,-1,-1,Active Trade,-0.001404713543484379,-0.001404713543484379
2024-08-10,60923.51,61988.091850000004,0,0.361652,-0.036964958668207114,-1,-1,Active Trade,0.036964958668207114,0.036964958668207114
2024-08-11,58712.59,62081.2304,0,0.36043614,0.010741321896940523,-1,-1,Active Trade,-0.010741321896940523,-0.010741321896940523
2024-08-12,59346.64,62178.158149999996,0,0.41282853,0.020687318243458014,-1,-1,Active Trade,-0.020687318243458014,-0.020687318243458014
2024-08-13,60587.15,62271.97635,0,0.35556573,-0.031926101818424826,-1,-1,Active Trade,0.031926101818424826,0.031926101818424826
2024-08-14,58683.39,62354.79014999999,0,0.33121032,-0.019657942646201854,-1,-1,Active Trade,0.019657942646201854,0.019657942646201854
2024-08-15,57541.06,62432.34015,0,0.38889498,0.022910978337253942,-1,-1,Active Trade,-0.022910978337253942,-0.022910978337253942
2024-08-16,58874.6,62510.199649999995,0,0.38674212,0.010431923382209742,-1,-1,Active Trade,-0.010431923382209742,-0.010431923382209742
2024-08-17,59491.99,62592.9541,0,0.36945373,-0.018057579517003593,-1,-1,Active Trade,0.018057579517003593,0.018057579517003593
2024-08-18,58427.35,62672.19085,0,0.3629867,0.017158062435947308,-1,-1,Active Trade,-0.017158062435947308,-0.017158062435947308
2024-08-19,59438.5,62753.96865,0,0.4059101,-0.007170849698593443,-1,-1,Active Trade,0.007170849698593443,0.007170849698593443
2024-08-20,59013.8,62833.03765,0,0.33192593,0.03565715238614722,-1,-1,Active Trade,-0.03565715238614722,-0.03565715238614722
2024-08-21,61156.03,62923.762350000005,0,0.3844335,-0.012839442327577983,-1,-1,Active Trade,0.012839442327577983,0.012839442327577983
2024-08-22,60375.84,63012.72715,0,0.3145749,0.05887576421662603,-1,-1,Active Trade,-0.05887576421662603,-0.05887576421662603
2024-08-23,64037.24,63119.36985,1,0.35380697,0.0018685710918962383,-1,0,Blocked Short (Bull Market),-0.0018685710918962383,0.0
2024-08-24,64157.01,63224.660149999996,1,0.30590746,0.0009813284334161388,-1,0,Blocked Short (Bull Market),-0.0009813284334161388,0.0
2024-08-25,64220.0,63324.012149999995,1,0.309785,-0.021818360418123024,-1,0,Blocked Short (Bull Market),0.021818360418123024,-0.0
2024-08-26,62834.0,63411.7389,0,0.27844852,-0.05594960850125526,-1,-1,Active Trade,0.05594960850125526,0.05594960850125526
2024-08-27,59415.0,63473.15005,0,0.31583437,-0.006417925294743356,-1,-1,Active Trade,0.006417925294743356,0.006417925294743356
2024-08-28,59034.9,63529.5691,0,0.36862877,0.005475126375226921,-1,-1,Active Trade,-0.005475126375226921,-0.005475126375226921
2024-08-29,59359.01,63584.864199999996,0,0.39252383,-0.003967156608714223,-1,-1,Active Trade,0.003967156608714223,0.003967156608714223
2024-08-30,59123.99,63630.897800000006,0,0.44422898,-0.00254026496747557,-1,-1,Active Trade,0.00254026496747557,0.00254026496747557
2024-08-31,58973.99,63677.2698,0,0.43057603,-0.028763415319443375,-1,-1,Active Trade,0.028763415319443375,0.028763415319443375
2024-09-01,57301.86,63704.803250000004,0,0.45257244,0.03144134758080365,-1,-1,Active Trade,-0.03144134758080365,-0.03144134758080365
2024-09-02,59132.13,63741.063899999994,0,0.47914416,-0.028202897779850595,-1,-1,Active Trade,0.028202897779850595,0.028202897779850595
2024-09-03,57487.73,63767.882000000005,0,0.41428453,0.008369626775024829,-1,-1,Active Trade,-0.008369626775024829,-0.008369626775024829
2024-09-04,57970.9,63799.5233,0,0.47460422,-0.03138033882672037,-1,-1,Active Trade,0.03138033882672037,0.03138033882672037
2024-09-05,56180.0,63819.73495,0,0.401694,-0.040262751080288636,-1,-1,Active Trade,0.040262751080288636,0.040262751080288636
2024-09-06,53962.97,63830.67615,0,0.45519456,0.0036604367595428834,-1,-1,Active Trade,-0.0036604367595428834,-0.0036604367595428834
2024-09-07,54160.86,63840.186349999996,0,0.46654734,0.01300733247035669,-1,-1,Active Trade,-0.01300733247035669,-0.01300733247035669
2024-09-08,54869.95,63855.28915,0,0.4922033,0.03882199877924005,0,0,No Signal,0.0,0.0
2024-09-09,57042.0,63884.05705,0,0.46315584,0.010359360363052208,-1,-1,Active Trade,-0.010359360363052208,-0.010359360363052208
2024-09-10,57635.99,63918.51625,0,0.4121179,-0.005183618786241656,-1,-1,Active Trade,0.005183618786241656,0.005183618786241656
2024-09-11,57338.0,63947.36515,0,0.38336474,0.013758211280425158,-1,-1,Active Trade,-0.013758211280425158,-0.013758211280425158
2024-09-12,58132.32,63979.3825,0,0.3724739,0.039888515176949337,-1,-1,Active Trade,-0.039888515176949337,-0.039888515176949337
2024-09-13,60498.0,64009.49015,0,0.35667697,-0.008381917831569096,-1,-1,Active Trade,0.008381917831569096,0.008381917831569096
2024-09-14,59993.03,64024.268599999996,0,0.34268138,-0.014456155768720775,-1,-1,Active Trade,0.014456155768720775,0.014456155768720775
2024-09-15,59132.0,64007.768099999994,0,0.3273246,-0.01564652918074257,-1,-1,Active Trade,0.01564652918074257,0.01564652918074257
2024-09-16,58213.99,63993.18315,0,0.33657715,0.035438379599161005,-1,-1,Active Trade,-0.035438379599161005,-0.035438379599161005
2024-09-17,60313.99,63982.813599999994,0,0.3571319,0.023691660342147144,-1,-1,Active Trade,-0.023691660342147144,-0.023691660342147144
2024-09-18,61759.99,63981.677149999996,0,0.31952393,0.01905308607791393,-1,-1,Active Trade,-0.01905308607791393,-0.01905308607791393
2024-09-19,62947.99,63980.84725,0,0.30406868,0.004012085061529829,-1,-1,Active Trade,-0.004012085061529829,-0.004012085061529829
2024-09-20,63201.05,63955.62395000001,0,0.26888305,0.0023375749611005414,-1,-1,Active Trade,-0.0023375749611005414,-0.0023375749611005414
2024-09-21,63348.96,63953.748700000004,0,0.25516146,0.0036209624041565595,-1,-1,Active Trade,-0.0036209624041565595,-0.0036209624041565595
2024-09-22,63578.76,63941.2723,0,0.24508545,-0.0037625690717466927,-1,-1,Active Trade,0.0037625690717466927,0.0037625690717466927
2024-09-23,63339.99,63923.8564,0,0.23624614,0.01446248637939056,-1,-1,Active Trade,-0.01446248637939056,-0.01446248637939056
2024-09-24,64262.7,63904.54895,1,0.25690272,-0.017434692343162504,-1,0,Blocked Short (Bull Market),0.017434692343162504,-0.0
2024-09-25,63152.01,63878.74265000001,0,0.24039356,0.03151578569135097,-1,-1,Active Trade,-0.03151578569135097,-0.03151578569135097
2024-09-26,65173.99,63859.833199999994,1,0.2813376,0.009102584128001627,-1,0,Blocked Short (Bull Market),-0.009102584128001627,0.0
2024-09-27,65769.95,63828.29245,1,0.23709574,0.0013378619530761801,-1,0,Blocked Short (Bull Market),-0.0013378619530761801,0.0
2024-09-28,65858.0,63800.322400000005,1,0.25045672,-0.003894573316477157,-1,0,Blocked Short (Bull Market),0.003894573316477157,-0.0
2024-09-29,65602.01,63762.9704,1,0.23984905,-0.03528524055475455,-1,0,Blocked Short (Bull Market),0.03528524055475455,-0.0
2024-09-30,63327.59,63722.66365,0,0.24117759,-0.04063624492665931,-1,-1,Active Trade,0.04063624492665931,0.04063624492665931
2024-10-01,60805.78,63679.19329999999,0,0.28093833,-0.002577086316775542,-1,-1,Active Trade,0.002577086316775542,0.002577086316775542
2024-10-02,60649.28,63655.936550000006,0,0.32901382,0.001703926352847916,-1,-1,Active Trade,-0.001703926352847916,-0.001703926352847916
2024-10-03,60752.71,63617.73269999999,0,0.35716242,0.02170883041003728,-1,-1,Active Trade,-0.02170883041003728,-0.02170883041003728
2024-10-04,62086.0,63590.11274999999,0,0.35704806,-0.00045108906551724495,-1,-1,Active Trade,0.00045108906551724495,0.00045108906551724495
2024-10-05,62058.0,63590.715749999996,0,0.34144816,0.012202629820996201,-1,-1,Active Trade,-0.012202629820996201,-0.012202629820996201
2024-10-06,62819.91,63565.61274999999,0,0.34092313,-0.009531284031326389,-1,-1,Active Trade,0.009531284031326389,0.009531284031326389
2024-10-07,62224.0,63549.2264,0,0.30944744,-0.0010211885021863328,-1,-1,Active Trade,0.0010211885021863328,0.0010211885021863328
2024-10-08,62160.49,63541.04564999999,0,0.33131224,-0.024830482976427176,-1,-1,Active Trade,0.024830482976427176,0.024830482976427176
2024-10-09,60636.02,63524.27569999999,0,0.33331805,-0.005119452832531935,-1,-1,Active Trade,0.005119452832531935,0.005119452832531935
2024-10-10,60326.39,63489.85769999999,0,0.38101956,0.03603669892744918,-1,-1,Active Trade,-0.03603669892744918,-0.03603669892744918
2024-10-11,62540.0,63453.157649999994,0,0.38509336,0.010596362001929363,-1,-1,Active Trade,-0.010596362001929363,-0.010596362001929363
2024-10-12,63206.22,63419.24875,0,0.3600621,-0.0053332935199566596,-1,-1,Active Trade,0.0053332935199566596,0.0053332935199566596
2024-10-13,62870.02,63386.2489,0,0.3340702,0.04985708823410627,-1,-1,Active Trade,-0.04985708823410627,-0.04985708823410627
2024-10-14,66083.99,63362.765849999996,1,0.30599993,0.014872066015212413,-1,0,Blocked Short (Bull Market),-0.014872066015212413,0.0
2024-10-15,67074.14,63348.88385,1,0.28396827,0.008105370403983361,-1,0,Blocked Short (Bull Market),-0.008105370403983361,0.0
2024-10-16,67620.01,63339.073000000004,1,0.26429987,-0.0029358340463448997,-1,0,Blocked Short (Bull Market),0.0029358340463448997,-0.0
2024-10-17,67421.78,63319.78185,1,0.23545079,0.014813986471420449,-1,0,Blocked Short (Bull Market),-0.014813986471420449,0.0
2024-10-18,68428.0,63313.67285,1,0.22640291,-0.0007309621248523259,-1,0,Blocked Short (Bull Market),0.0007309621248523259,-0.0
2024-10-19,68378.0,63328.2429,1,0.2159096,0.00951888488044817,-1,0,Blocked Short (Bull Market),-0.00951888488044817,0.0
2024-10-20,69031.99,63343.58645,1,0.22778611,-0.02425888605349007,-1,0,Blocked Short (Bull Market),0.02425888605349007,-0.0
2024-10-21,67377.5,63338.035,1,0.21937105,0.0007195659176902162,-1,0,Blocked Short (Bull Market),-0.0007195659176902162,0.0
2024-10-22,67426.0,63336.0619,1,0.25035113,-0.01129587277243706,-1,0,Blocked Short (Bull Market),0.01129587277243706,-0.0
2024-10-23,66668.65,63324.92515,1,0.2465177,0.02268451715263484,-1,0,Blocked Short (Bull Market),-0.02268451715263484,0.0
2024-10-24,68198.28,63319.1146,1,0.26211134,-0.022239429463163648,-1,0,Blocked Short (Bull Market),0.022239429463163648,-0.0
2024-10-25,66698.33,63294.50625,1,0.24940345,0.005896224370562871,-1,0,Blocked Short (Bull Market),-0.005896224370562871,0.0
2024-10-26,67092.76,63284.24005,1,0.27466577,0.013750632418520554,-1,0,Blocked Short (Bull Market),-0.013750632418520554,0.0
2024-10-27,68021.7,63271.19314999999,1,0.25973594,0.02812846721520796,-1,0,Blocked Short (Bull Market),-0.02812846721520796,0.0
2024-10-28,69962.21,63270.97305,1,0.2534932,0.03888698282937757,-1,0,Blocked Short (Bull Market),-0.03888698282937757,0.0
2024-10-29,72736.42,63299.07255,1,0.23525989,-0.005399473668343945,-1,0,Blocked Short (Bull Market),0.005399473668343945,-0.0
2024-10-30,72344.74,63341.1737,1,0.22891183,-0.02878461169591104,-1,0,Blocked Short (Bull Market),0.02878461169591104,-0.0
2024-10-31,70292.01,63364.32455,1,0.22343972,-0.011388795745506882,-1,0,Blocked Short (Bull Market),0.011388795745506882,-0.0
2024-11-01,69496.01,63394.70465,1,0.2353361,-0.0017465165389545408,-1,0,Blocked Short (Bull Market),0.0017465165389545408,-0.0
2024-11-02,69374.74,63422.611399999994,1,0.25200942,-0.008668122839253566,-1,0,Blocked Short (Bull Market),0.008668122839253566,-0.0
2024-11-03,68775.99,63460.1045,1,0.26044914,-0.013555167807772158,-1,0,Blocked Short (Bull Market),0.013555167807772158,-0.0
2024-11-04,67850.01,63482.00415,1,0.26678652,0.02218393837390412,-1,0,Blocked Short (Bull Market),-0.02218393837390412,0.0
2024-11-05,69372.01,63509.77415,1,0.28955954,0.08560223984821512,-1,0,Blocked Short (Bull Market),-0.08560223984821512,0.0
2024-11-06,75571.99,63562.931150000004,1,0.27870482,0.0037760095920657505,-1,0,Blocked Short (Bull Market),-0.0037760095920657505,0.0
2024-11-07,75857.89,63617.51485000001,1,0.29258105,0.00855685431952021,-1,0,Blocked Short (Bull Market),-0.00855685431952021,0.0
2024-11-08,76509.78,63665.96715,1,0.2711499,0.0021892171563324633,-1,0,Blocked Short (Bull Market),-0.0021892171563324633,0.0
2024-11-09,76677.46,63717.28445000001,1,0.23649296,0.04703330369431591,-1,0,Blocked Short (Bull Market),-0.04703330369431591,0.0
2024-11-10,80370.01,63797.686550000006,1,0.22110543,0.09803226217915882,-1,0,Blocked Short (Bull Market),-0.09803226217915882,0.0
2024-11-11,88647.99,63918.4348,1,0.20496173,-0.007882034011635572,-1,0,Blocked Short (Bull Market),0.007882034011635572,-0.0
2024-11-12,87952.01,64039.344800000006,1,0.28296366,0.027178568661184198,-1,0,Blocked Short (Bull Market),-0.027178568661184198,0.0
2024-11-13,90375.2,64173.910899999995,1,0.27522612,-0.03432634643790914,-1,0,Blocked Short (Bull Market),0.03432634643790914,-0.0
2024-11-14,87325.59,64294.94575,1,0.26475534,0.041568314974823425,-1,0,Blocked Short (Bull Market),-0.041568314974823425,0.0
2024-11-15,91032.07,64430.7761,1,0.30886936,-0.004902030249246929,-1,0,Blocked Short (Bull Market),0.004902030249246929,-0.0
2024-11-16,90586.92,64580.3507,1,0.27139062,-0.008101554091419313,-1,0,Blocked Short (Bull Market),0.008101554091419313,-0.0
2024-11-17,89855.99,64737.8058,1,0.29900917,0.006744588166355547,-1,0,Blocked Short (Bull Market),-0.006744588166355547,0.0
2024-11-18,90464.08,64894.823150000004,1,0.29004472,0.02020817024435305,-1,0,Blocked Short (Bull Market),-0.02020817024435305,0.0
2024-11-19,92310.79,65041.96705,1,0.28879112,0.021177619537080205,-1,0,Blocked Short (Bull Market),-0.021177619537080205,0.0
2024-11-20,94286.56,65193.93965,1,0.2715438,0.04185951709945262,-1,0,Blocked Short (Bull Market),-0.04185951709945262,0.0
2024-11-21,98317.12,65365.46525,1,0.25261468,0.005830172847894076,-1,0,Blocked Short (Bull Market),-0.005830172847894076,0.0
2024-11-22,98892.0,65544.0993,1,0.23429947,-0.012409323871574746,-1,0,Blocked Short (Bull Market),0.012409323871574746,-0.0
2024-11-23,97672.4,65720.9009,1,0.2431468,0.002327936418892903,-1,0,Blocked Short (Bull Market),-0.002327936418892903,0.0
2024-11-24,97900.04,65904.43595,1,0.243686,-0.051239836346874276,-1,0,Blocked Short (Bull Market),0.051239836346874276,-0.0
2024-11-25,93010.01,66054.11594999999,1,0.24174166,-0.011297312096130885,-1,0,Blocked Short (Bull Market),0.011297312096130885,-0.0
2024-11-26,91965.16,66209.9418,1,0.30496544,0.04151142667791282,-1,0,Blocked Short (Bull Market),-0.04151142667791282,0.0
2024-11-27,95863.11,66385.1274,1,0.3165488,-0.002288480239917697,-1,0,Blocked Short (Bull Market),0.002288480239917697,-0.0
2024-11-28,95643.98,66555.92735,1,0.31386536,0.01880928130380514,-1,0,Blocked Short (Bull Market),-0.01880928130380514,0.0
2024-11-29,97460.0,66728.52695,1,0.32209742,-0.010852955416106586,-1,0,Blocked Short (Bull Market),0.010852955416106586,-0.0
2024-11-30,96407.99,66902.67945,1,0.2967903,0.008029148706736931,-1,0,Blocked Short (Bull Market),-0.008029148706736931,0.0
2024-12-01,97185.18,67057.57285,1,0.30652314,-0.013931627244584067,-1,0,Blocked Short (Bull Market),0.013931627244584067,-0.0
2024-12-02,95840.62,67210.59989999999,1,0.2866992,9.463180488125695e-05,-1,0,Blocked Short (Bull Market),-9.463180488125695e-05,0.0
2024-12-03,95849.69,67354.72835,1,0.3178283,0.028161417666881416,-1,0,Blocked Short (Bull Market),-0.028161417666881416,0.0
2024-12-04,98587.32,67513.08895,1,0.31834835,-0.01679234704122157,-1,0,Blocked Short (Bull Market),0.01679234704122157,-0.0
2024-12-05,96945.63,67666.44705,1,0.30740952,0.028424916087496886,-1,0,Blocked Short (Bull Market),-0.028424916087496886,0.0
2024-12-06,99740.84,67807.91815,1,0.33883438,0.0009134510578209996,-1,0,Blocked Short (Bull Market),-0.0009134510578209996,0.0
2024-12-07,99831.99,67956.3364,1,0.31485206,0.012716305068205409,-1,0,Blocked Short (Bull Market),-0.012716305068205409,0.0
2024-12-08,101109.59,68116.05125,1,0.31018907,-0.03864784755258232,-1,0,Blocked Short (Bull Market),0.03864784755258232,-0.0
2024-12-09,97276.47,68262.58535000001,1,0.28085852,-0.007050855728157901,-1,0,Blocked Short (Bull Market),0.007050855728157901,-0.0
2024-12-10,96593.0,68402.80040000001,1,0.32067645,0.04585110055392514,-1,0,Blocked Short (Bull Market),-0.04585110055392514,0.0
2024-12-11,101125.0,68561.97255,1,0.31871992,-0.011144290310743151,-1,0,Blocked Short (Bull Market),0.011144290310743151,-0.0
2024-12-12,100004.29,68719.45564999999,1,0.26936588,0.014099129370686553,-1,0,Blocked Short (Bull Market),-0.014099129370686553,0.0
2024-12-13,101424.25,68879.39474999999,1,0.3115141,-4.190407172619906e-05,-1,0,Blocked Short (Bull Market),4.190407172619906e-05,-0.0
2024-12-14,101420.0,69044.50279999999,1,0.2717145,0.02957210835064263,-1,0,Blocked Short (Bull Market),-0.02957210835064263,0.0
2024-12-15,104463.99,69228.56065,1,0.29871896,0.015149918553743596,-1,0,Blocked Short (Bull Market),-0.015149918553743596,0.0
2024-12-16,106058.66,69417.0931,1,0.24970753,0.0007076596818099129,-1,0,Blocked Short (Bull Market),-0.0007076596818099129,0.0
2024-12-17,106133.74,69610.06175,1,0.24927528,-0.057491789143001994,-1,0,Blocked Short (Bull Market),0.057491789143001994,-0.0
2024-12-18,100204.01,69772.24755,1,0.2613305,-0.02774708582409932,-1,0,Blocked Short (Bull Market),0.02774708582409932,-0.0
2024-12-19,97461.86,69920.72869999999,1,0.33152583,0.003519077229743537,-1,0,Blocked Short (Bull Market),-0.003519077229743537,0.0
2024-12-20,97805.44,70065.70640000001,1,0.3527007,-0.005263536125710258,-1,0,Blocked Short (Bull Market),0.005263536125710258,-0.0
2024-12-21,97291.99,70199.47715,1,0.34542778,-0.02188095438284901,-1,0,Blocked Short (Bull Market),0.02188095438284901,-0.0
2024-12-22,95186.27,70319.86850000001,1,0.34651932,-0.0032072803231183965,-1,0,Blocked Short (Bull Market),0.0032072803231183965,-0.0
2024-12-23,94881.47,70440.28055,1,0.35216734,0.039087452998785556,-1,0,Blocked Short (Bull Market),-0.039087452998785556,0.0
2024-12-24,98663.58,70586.82045,1,0.33389205,0.007733974670366026,-1,0,Blocked Short (Bull Market),-0.007733974670366026,0.0
2024-12-25,99429.6,70737.41615,1,0.30159822,-0.03727485759295436,-1,0,Blocked Short (Bull Market),0.03727485759295436,-0.0
2024-12-26,95791.6,70868.13345,1,0.29845968,-0.01570409519397809,-1,0,Blocked Short (Bull Market),0.01570409519397809,-0.0
2024-12-27,94299.03,70991.9286,1,0.3402794,0.010558907393903796,-1,0,Blocked Short (Bull Market),-0.010558907393903796,0.0
2024-12-28,95300.0,71131.85740000001,1,0.35619777,-0.016524020398176582,-1,0,Blocked Short (Bull Market),0.016524020398176582,-0.0
2024-12-29,93738.2,71259.22845000001,1,0.3505691,-0.010144822242994745,-1,0,Blocked Short (Bull Market),0.010144822242994745,-0.0
2024-12-30,92792.05,71389.32365,1,0.3806082,0.008412972329420844,-1,0,Blocked Short (Bull Market),-0.008412972329420844,0.0
2024-12-31,93576.0,71526.9837,1,0.3789329,0.0,-1,0,Blocked Short (Bull Market),-0.0,0.0
