Date,Actual_Return,GRU_Prob,GRU_Result,RF_Prob,XGB_Prob
2023-01-15,0.0150516254222266,0.5459172,0.0150516254222266,0.545730213431832,0.72492546
2023-01-16,-0.0023997375582056613,0.55778575,-0.0023997375582056613,0.544328263689417,0.6928094
2023-01-17,-0.02163918199406567,0.55639094,-0.02163918199406567,0.5160784132376025,0.65449226
2023-01-18,0.019060358931726196,0.5500426,0.019060358931726196,0.5381637447319902,0.7802084
2023-01-19,0.07572375886205074,0.54319763,0.07572375886205074,0.4878914315669827,0.74802846
2023-01-20,0.0051325240292035,0.5397279,0.0051325240292035,0.5990380548051797,0.7927005
2023-01-21,-0.003321255906125198,0.52688885,-0.003321255906125198,0.5313746552252703,0.68974614
2023-01-22,0.009184917306239049,0.5237728,0.009184917306239049,0.5602161476177927,0.5055834
2023-01-23,-0.012373644259909389,0.52848893,-0.012373644259909389,0.5661521139327617,0.7369587
2023-01-24,0.01891274158978362,0.522053,0.01891274158978362,0.5528942316848529,0.7005395
2023-01-25,-0.002224107083232396,0.5198051,-0.002224107083232396,0.570590498647544,0.6215626
2023-01-26,0.0028036063130034705,0.5163721,0.0028036063130034705,0.6075429535602715,0.84161913
2023-01-27,-0.0022345342148967218,0.5175957,-0.0022345342148967218,0.6368192801248697,0.8643504
2023-01-28,0.03126058742279336,0.52320266,0.03126058742279336,0.6632307967454824,0.7985829
2023-01-29,-0.03858724723383988,0.5323059,-0.03858724723383988,0.5251504811378178,0.60059243
2023-01-30,0.01309813525276926,0.53097737,0.01309813525276926,0.5539843944408261,0.5968032
2023-01-31,0.026271419879585478,0.53145915,0.026271419879585478,0.5992545261374385,0.81432176
2023-02-01,-0.010269392474337113,0.53562546,-0.010269392474337113,0.5762016524506519,0.80085033
2023-02-02,-0.002428376929737852,0.53100574,-0.002428376929737852,0.6353778983502135,0.8256314
2023-02-03,-0.004483631288969336,0.5353638,-0.004483631288969336,0.5718036779465445,0.7344001
2023-02-04,-0.016887413811729313,0.537141,-0.016887413811729313,0.5492503894453372,0.7967727
2023-02-05,-0.007429933663019583,0.5371002,-0.007429933663019583,0.5929718756627167,0.86488026
2023-02-06,0.020996796488262248,0.53485304,0.020996796488262248,0.5929168922878888,0.7256513
2023-02-07,-0.011938662143520351,0.5293213,-0.011938662143520351,0.5353529431238386,0.7445151
2023-02-08,-0.05080564386186481,0.521365,-0.05080564386186481,0.5849716046764442,0.73920053
2023-02-09,-0.007852690932197315,0.51688427,-0.007852690932197315,0.6400695010150101,0.69745094
2023-02-10,0.01097608853378862,0.5147512,0.01097608853378862,0.5631341905180411,0.67913866
2023-02-11,-0.0036139425638820333,0.5107484,-0.0036139425638820333,0.5242725739098916,0.70497984
2023-02-12,-0.0004393225343538587,0.5097586,-0.0004393225343538587,0.5491438950533416,0.60057867
2023-02-13,0.01955867487646934,0.5131179,0.01955867487646934,0.50035274709823,0.6473707
2023-02-14,0.09568582476270104,0.51062095,0.09568582476270104,0.5254213817317849,0.5066524
2023-02-15,-0.033149496074872276,0.5053473,-0.033149496074872276,0.536252808271515,0.6463135
2023-02-16,0.04474285772600406,0.5084542,0.04474285772600406,0.5554832512084562,0.7496582
2023-02-17,0.002522591602675872,0.50873137,0.002522591602675872,0.5740945660070191,0.6558384
2023-02-18,-0.014622878010064233,0.51412684,-0.014622878010064233,0.5812728481275713,0.6292389
2023-02-19,0.02350220997570851,0.51583207,0.02350220997570851,0.5217747806791377,0.62239534
2023-02-20,-0.01570070283630276,0.5251851,-0.01570070283630276,0.5034382977169184,0.5544138
2023-02-21,-0.011039924489288477,0.5292926,-0.011039924489288477,0.5850262879670061,0.6954103
2023-02-22,-0.01000777017485166,0.5226332,-0.01000777017485166,0.47143839702878054,0.49394846
2023-02-23,-0.031533153440656325,0.5254134,-0.031533153440656325,0.6280180883169387,0.8362526
2023-02-24,-0.0012171510470647684,0.5186114,-0.0012171510470647684,0.5071102274185875,0.68925774
2023-02-25,0.017177475388725716,0.5138509,0.017177475388725716,0.5421115858720562,0.6934987
2023-02-26,-0.002664419429544207,0.5157417,-0.002664419429544207,0.550211116811495,0.5680223
2023-02-27,-0.014920766947512987,0.51277924,-0.014920766947512987,0.44359728677654287,0.56123006
2023-02-28,0.021061665219775483,0.5122283,0.021061665219775483,0.5644048911524452,0.6847625
2023-03-01,-0.00692582029601807,0.51148725,-0.00692582029601807,0.4845498441667081,0.56214166
2023-03-02,-0.04734561471993559,0.5079899,-0.04734561471993559,0.46113697399824877,0.5061348
2023-03-03,-0.0003475835117475734,0.50736904,-0.0003475835117475734,0.5159308043985368,0.59003437
2023-03-04,0.00374419877412957,0.5070178,0.00374419877412957,0.5008060648962567,0.65451884
2023-03-05,-0.0009023532516817534,0.5057912,-0.0009023532516817534,0.46786920676696914,0.59296525
2023-03-06,-0.009461847389558242,0.50098467,-0.009461847389558242,0.4548436184797345,0.5938887
2023-03-07,-0.022187624448372745,0.50383264,-0.022187624448372745,0.5270174911415999,0.59451073
2023-03-08,-0.06188402538718396,0.5006227,-0.06188402538718396,0.46379940756985333,0.5249482
2023-03-09,-0.010388356475865668,0.4956586,0.010388356475865668,0.4794579289170349,0.6099448
2023-03-10,0.015137943167206735,0.49258167,-0.015137943167206735,0.5158059823815434,0.84702253
2023-03-11,0.07535199183798391,0.48722568,-0.07535199183798391,0.5539240582270692,0.67318463
2023-03-12,0.09621127502658289,0.48414302,-0.09621127502658289,0.535890624978971,0.5700497
2023-03-13,0.023096210086640312,0.49079093,-0.023096210086640312,0.5477828106139058,0.5943818
2023-03-14,-0.01559560623435119,0.49124864,0.01559560623435119,0.4645827416762569,0.6928121
2023-03-15,0.02936383034267953,0.49419856,-0.02936383034267953,0.4773714810174428,0.646175
2023-03-16,0.09585867790348179,0.5034994,0.09585867790348179,0.5015346734669316,0.56415683
2023-03-17,-0.017800244057976755,0.51202357,-0.017800244057976755,0.5227261650185163,0.6527399
2023-03-18,0.039594179910500626,0.52177525,0.039594179910500626,0.47734416658551415,0.6831106
2023-03-19,-0.009146719660871439,0.5303167,-0.009146719660871439,0.46683125328330505,0.6515256
2023-03-20,0.014015220256441863,0.5348187,0.014015220256441863,0.4340201227897856,0.537736
2023-03-21,-0.030403334297558482,0.5275112,-0.030403334297558482,0.40882817310184355,0.4138093
2023-03-22,0.038326709104299805,0.5297769,0.038326709104299805,0.4805924046345818,0.67217964
2023-03-23,-0.029720014659621374,0.5294043,-0.029720014659621374,0.5395587640941675,0.6224839
2023-03-24,0.0003088750210802349,0.5310745,0.0003088750210802349,0.5196041203262493,0.49522334
2023-03-25,0.018392051837111456,0.52994853,0.018392051837111456,0.49316169567595236,0.5786207
2023-03-26,-0.030146542215134797,0.5353619,-0.030146542215134797,0.5077605364567737,0.6274976
2023-03-27,0.005019740157663266,0.52777195,0.005019740157663266,0.5089966759474085,0.62595284
2023-03-28,0.03989315166279228,0.53097737,0.03989315166279228,0.5528409686690394,0.6671869
2023-03-29,-0.011290504645732002,0.53172994,-0.011290504645732002,0.5140160108162088,0.57070297
2023-03-30,0.015585191231934026,0.52797246,0.015585191231934026,0.5124826314474794,0.70192647
2023-03-31,-0.00044369718141634706,0.5316552,-0.00044369718141634706,0.5457695992068778,0.73359007
2023-04-01,-0.0098711090289052,0.532466,-0.0098711090289052,0.5534206473101037,0.60116464
2023-04-02,-0.013200046713263913,0.53166044,-0.013200046713263913,0.48376598643866353,0.64142674
2023-04-03,0.013146402877697971,0.53462803,0.013146402877697971,0.5632097592208667,0.70395905
2023-04-04,0.00016119028015504355,0.5303793,0.00016119028015504355,0.47821431531482184,0.64474946
2023-04-05,-0.004834574073633635,0.5232556,-0.004834574073633635,0.5091623312420086,0.6302624
2023-04-06,-0.004547721288072681,0.5183424,-0.004547721288072681,0.4825548748778513,0.5329607
2023-04-07,0.0011484849494720617,0.5179597,0.0011484849494720617,0.5111755091076057,0.54676217
2023-04-08,0.013793927922807203,0.5160401,0.013793927922807203,0.4745140928570034,0.65571654
2023-04-09,0.046377317135860574,0.5157857,0.046377317135860574,0.5095611640810666,0.5844823
2023-04-10,0.01899900598366777,0.51761156,0.01899900598366777,0.47757743948203246,0.46962962
2023-04-11,-0.010342571394702404,0.52032256,-0.010342571394702404,0.4915994512375839,0.62248665
2023-04-12,0.01625297317625396,0.5270814,0.01625297317625396,0.49323305839556947,0.5545433
2023-04-13,0.003064808400913499,0.53371084,0.003064808400913499,0.4746969784802053,0.5512112
2023-04-14,-0.005640213831849872,0.53778124,-0.005640213831849872,0.5137124816116658,0.5712201
2023-04-15,0.0003155626868909245,0.541482,0.0003155626868909245,0.5527599824524846,0.6608409
2023-04-16,-0.028852997807267244,0.548598,-0.028852997807267244,0.5286890987681129,0.61632645
2023-04-17,0.03227085582293321,0.54895675,0.03227085582293321,0.5401115670848826,0.7118058
2023-04-18,-0.05210366948529643,0.53995585,-0.05210366948529643,0.5277547914899273,0.8090497
2023-04-19,-0.019218949130294316,0.5392355,-0.019218949130294316,0.5549422816188363,0.5653823
2023-04-20,-0.03472674388756414,0.5286795,-0.03472674388756414,0.6053610273821304,0.75375843
2023-04-21,0.020321067064179577,0.525414,0.020321067064179577,0.5862325192341347,0.63520795
2023-04-22,-0.0081335593354388,0.51578814,-0.0081335593354388,0.5375036082383103,0.57147056
2023-04-23,-0.002887577653258644,0.51451033,-0.002887577653258644,0.5131137688104723,0.53308904
2023-04-24,0.02871077059190652,0.51355195,0.02871077059190652,0.5299717422530008,0.53592056
2023-04-25,0.004045823455811615,0.51141965,0.004045823455811615,0.4974510651855495,0.61269337
2023-04-26,0.03721517535101704,0.51013947,0.03721517535101704,0.5132810164774357,0.68304926
2023-04-27,-0.005465044513970008,0.50738984,-0.005465044513970008,0.5112729813000628,0.58616674
2023-04-28,-0.002771930662499922,0.5136297,-0.002771930662499922,0.5599730738941229,0.5459819
2023-04-29,9.442208382015593e-05,0.5139618,9.442208382015593e-05,0.505226813425,0.63558275
2023-04-30,-0.039850225137779915,0.51908267,-0.039850225137779915,0.48224785191419284,0.5075024
2023-05-01,0.02143346256590184,0.51967824,0.02143346256590184,0.5280119770797365,0.55010915
2023-05-02,0.012427685381093623,0.5151067,0.012427685381093623,0.4645899755885922,0.4458417
2023-05-03,-0.006476915995777599,0.5166085,-0.006476915995777599,0.5082457431992957,0.51125395
2023-05-04,0.023144680520532646,0.51068985,0.023144680520532646,0.47149206628889945,0.6270323
2023-05-05,-0.02228084760830229,0.5124704,-0.02228084760830229,0.5275623226833885,0.53115314
2023-05-06,-0.01449310528906489,0.5113607,-0.01449310528906489,0.5049667855125488,0.57189745
2023-05-07,-0.02677830890499855,0.5057174,-0.02677830890499855,0.4869097589744987,0.66400665
2023-05-08,-0.0014644659199046783,0.5092274,-0.0014644659199046783,0.45718404561514164,0.66687334
2023-05-09,-0.0010684708090662465,0.50389063,-0.0010684708090662465,0.5069828359167065,0.7899353
2023-05-10,-0.02283183115177323,0.5023862,-0.02283183115177323,0.4466347731937478,0.5881594
2023-05-11,-0.0064374817843849685,0.5002465,-0.0064374817843849685,0.5104652922970487,0.5586371
2023-05-12,-0.0007363311303112408,0.4986368,0.0007363311303112408,0.5034880154812257,0.6871973
2023-05-13,0.005316097534741049,0.49632856,-0.005316097534741049,0.5242099170235808,0.54890627
2023-05-14,0.009084012628159499,0.49384692,-0.009084012628159499,0.45167151289444846,0.44011632
2023-05-15,-0.0047234864410535815,0.49592116,0.0047234864410535815,0.4788824595061722,0.42886811
2023-05-16,0.013752023389943968,0.49671197,-0.013752023389943968,0.4772956042871917,0.43458962
2023-05-17,-0.021321546938747327,0.49588987,0.021321546938747327,0.48527891943950185,0.5158155
2023-05-18,0.0021990001968585915,0.4974236,-0.0021990001968585915,0.4658710368066608,0.45232004
2023-05-19,0.008265173030320483,0.49494395,-0.008265173030320483,0.5117474042074323,0.65200716
2023-05-20,-0.013085542514084558,0.49702516,0.013085542514084558,0.5591308824261512,0.59053683
2023-05-21,0.0037943335858154903,0.49666792,-0.0037943335858154903,0.5160732423421018,0.7407398
2023-05-22,0.013793298663241194,0.4968757,-0.013793298663241194,0.4978641599706807,0.72975075
2023-05-23,-0.03271905806144915,0.49780124,0.03271905806144915,0.49557193687203466,0.52246565
2023-05-24,0.005498877473934849,0.4946331,-0.005498877473934849,0.4300966313401719,0.47032556
2023-05-25,0.008768294981564617,0.49224153,-0.008768294981564617,0.4912464700871919,0.42737296
2023-05-26,0.005554948116372804,0.49255228,-0.005554948116372804,0.5284639542628873,0.6854835
2023-05-27,0.04508519501740316,0.48751512,-0.04508519501740316,0.537975142297758,0.70363283
2023-05-28,-0.011708533760912077,0.4910053,0.011708533760912077,0.5295416416669532,0.7033461
2023-05-29,-0.0015142556351941394,0.49075878,0.0015142556351941394,0.5500186370248855,0.5688995
2023-05-30,-0.017478262753480966,0.4886451,0.017478262753480966,0.4463748555576395,0.5973613
2023-05-31,-0.014421718206491185,0.49484456,0.014421718206491185,0.5144020111240318,0.46146604
2023-06-01,0.01583492834831035,0.49281132,-0.01583492834831035,0.55559835738772,0.6905495
2023-06-02,-0.006363932357385971,0.49521777,0.006363932357385971,0.600062128973817,0.85534364
2023-06-03,0.001698977658018963,0.49736875,-0.001698977658018963,0.5849974343024565,0.71877146
2023-06-04,-0.05115247125137512,0.49752095,0.05115247125137512,0.49110780307725094,0.71109027
2023-06-05,0.05837485716062529,0.5000098,0.05837485716062529,0.5555843892819851,0.70244944
2023-06-06,-0.0327116189155523,0.4944141,0.0327116189155523,0.49818161816728285,0.6553477
2023-06-07,0.006046848554291717,0.49302405,-0.006046848554291717,0.5356968165596583,0.5848436
2023-06-08,-0.000784946833060296,0.49048343,0.000784946833060296,0.5631922871023384,0.7159567
2023-06-09,-0.024042773930321393,0.49996635,0.024042773930321393,0.5401021097228925,0.5564477
2023-06-10,0.003263779056785765,0.49566492,-0.003263779056785765,0.5359544046876411,0.80043924
2023-06-11,-0.0007853256729365432,0.4925399,0.0007853256729365432,0.48128950898942563,0.44079572
2023-06-12,0.0011217829323004747,0.49861324,-0.0011217829323004747,0.5240403184313467,0.6816722
2023-06-13,-0.03106509731339835,0.49432132,0.03106509731339835,0.514534731702698,0.78705305
2023-06-14,0.018699410233757652,0.49553534,-0.018699410233757652,0.5132171673506083,0.56975263
2023-06-15,0.029162266993092212,0.4937199,-0.029162266993092212,0.4822586808934266,0.54308945
2023-06-16,0.006528373505409135,0.49297583,-0.006528373505409135,0.5151293741853302,0.5781372
2023-06-17,-0.006675719981792838,0.4925021,0.006675719981792838,0.5240289619519052,0.59888524
2023-06-18,0.019148844892382,0.4977284,-0.019148844892382,0.5139969870924699,0.6147074
2023-06-19,0.05452320506922326,0.49988416,-0.05452320506922326,0.5202063213128522,0.6328349
2023-06-20,0.0595556236949355,0.4965332,-0.0595556236949355,0.48928570218399037,0.5417537
2023-06-21,-0.003633073269255882,0.4967301,0.003633073269255882,0.5011985779063857,0.6573853
2023-06-22,0.026889146766998273,0.5033171,0.026889146766998273,0.5260509633983154,0.61468136
2023-06-23,-0.005248545872232224,0.51965535,-0.005248545872232224,0.5366231019199931,0.7472263
2023-06-24,-0.002121698420076701,0.530768,-0.002121698420076701,0.5769406181918473,0.43366206
2023-06-25,-0.0063904465335593574,0.5395343,-0.0063904465335593574,0.524415364117862,0.52306545
2023-06-26,0.014023065291087988,0.5456879,0.014023065291087988,0.5393163680255026,0.66356874
2023-06-27,-0.020038485047132126,0.54303586,-0.020038485047132126,0.5567138086163752,0.7093969
2023-06-28,0.012298266373334643,0.5429274,0.012298266373334643,0.5075031560114143,0.71801776
2023-06-29,0.0008109090753829484,0.54168785,0.0008109090753829484,0.5868001364720429,0.69134444
2023-06-30,0.003737857705434555,0.5421418,0.003737857705434555,0.6140928762598789,0.79951555
2023-07-01,0.00101778924275564,0.5327095,0.00101778924275564,0.5995418359192756,0.75542766
2023-07-02,0.017610133967925767,0.54195297,0.017610133967925767,0.5212305766735053,0.42080146
2023-07-03,-0.012507622880839175,0.5440577,-0.012507622880839175,0.5418094799108072,0.51823664
2023-07-04,-0.008506002143239377,0.5429821,-0.008506002143239377,0.5483537399588119,0.61949456
2023-07-05,-0.019976521735424746,0.5429959,-0.019976521735424746,0.5740135862490559,0.66542125
2023-07-06,0.015028049437656454,0.54290193,0.015028049437656454,0.6023131178191896,0.7696552
2023-07-07,-0.001979587868721766,0.5274713,-0.001979587868721766,0.6358868293903537,0.8353629
2023-07-08,-0.004091844608965056,0.5249535,-0.004091844608965056,0.6054353059782228,0.6500625
2023-07-09,0.008317443455409412,0.5235176,0.008317443455409412,0.5589257559168848,0.6346913
2023-07-10,0.006922694224599457,0.5191382,0.006922694224599457,0.5173130746259545,0.65666926
2023-07-11,-0.007906054777431892,0.51206875,-0.007906054777431892,0.5505435366143125,0.66190344
2023-07-12,0.03535977616853181,0.5103567,0.03535977616853181,0.527446342944462,0.60847026
2023-07-13,-0.036313716787853334,0.51254344,-0.036313716787853334,0.595210018951141,0.800298
2023-07-14,-0.0007419501379155591,0.5063808,-0.0007419501379155591,0.6090124927408833,0.80441463
2023-07-15,-0.0018993368003190625,0.50503135,-0.0018993368003190625,0.595515288208698,0.8085387
2023-07-16,-0.0031089584245033164,0.5141041,-0.0031089584245033164,0.5860878243271564,0.6759461
2023-07-17,-0.009253102395646695,0.51213694,-0.009253102395646695,0.6049377852128424,0.65787476
2023-07-18,0.0016772089474810237,0.5124706,0.0016772089474810237,0.5427532373757085,0.65869266
2023-07-19,-0.003651383637347849,0.5138906,-0.003651383637347849,0.5388130730720306,0.679942
2023-07-20,0.003413422818792089,0.5105224,0.003413422818792089,0.5293326503499367,0.7085593
2023-07-21,-0.0036024683529910506,0.5085064,-0.0036024683529910506,0.6120355818138908,0.8726282
2023-07-22,0.009725112438746075,0.50963384,0.009725112438746075,0.6333462158328153,0.8025389
2023-07-23,-0.03015747704325422,0.5099304,-0.03015747704325422,0.5985348577933108,0.8278425
2023-07-24,0.001796308673075897,0.50984085,0.001796308673075897,0.5057826520277345,0.56612414
2023-07-25,0.0042098730332400525,0.5059231,0.0042098730332400525,0.5501197841796153,0.7412807
2023-07-26,-0.004401068957575638,0.50650465,-0.004401068957575638,0.5307147438618957,0.4547503
2023-07-27,0.003126328159059444,0.5022689,0.003126328159059444,0.5601100842703575,0.4539018
2023-07-28,0.0013222287947045608,0.50337815,0.0013222287947045608,0.5818735400408935,0.4392579
2023-07-29,-0.0024464362976061027,0.50391114,-0.0024464362976061027,0.6383415978459014,0.84804034
2023-07-30,-0.0016679706937139382,0.5028196,-0.0016679706937139382,0.49344327443693187,0.64973354
2023-07-31,0.01620607377126304,0.50379306,0.01620607377126304,0.5820063788982075,0.6352376
2023-08-01,-0.01750421379661149,0.50263935,-0.01750421379661149,0.49695460178793865,0.68306893
2023-08-02,0.00026142662186434684,0.5017612,0.00026142662186434684,0.5582645179277969,0.61315745
2023-08-03,-0.002728333979592712,0.4977337,0.002728333979592712,0.5213424020639544,0.5946785
2023-08-04,-0.0014377967430778682,0.49962276,0.0014377967430778682,0.6053738313180247,0.6721791
2023-08-05,0.0005603304608226001,0.4972767,-0.0005603304608226001,0.6114903746290028,0.8747788
2023-08-06,0.004216110740975276,0.49924204,-0.004216110740975276,0.5624544070760424,0.589187
2023-08-07,0.019148911405474367,0.49994132,-0.019148911405474367,0.5351071545080343,0.60500175
2023-08-08,-0.006329437072100319,0.49681982,0.006329437072100319,0.4798040887116485,0.66874623
2023-08-09,-0.0042674613844437825,0.4966671,0.0042674613844437825,0.4884328065316162,0.6674979
2023-08-10,-0.0010089710837443144,0.49688885,0.0010089710837443144,0.48183841713185077,0.6431817
2023-08-11,0.0001406917616817438,0.49957246,-0.0001406917616817438,0.5242702293333841,0.77179307
2023-08-12,-0.004292533818187172,0.49913839,0.004292533818187172,0.541604697684779,0.8214718
2023-08-13,0.004336974266853755,0.5001985,0.004336974266853755,0.5487610878815602,0.6950068
2023-08-14,-0.007846507059070196,0.5019022,-0.007846507059070196,0.5205981806517503,0.60085857
2023-08-15,-0.016078424657534285,0.49886712,0.016078424657534285,0.504536566380593,0.63022214
2023-08-16,-0.07334015302895769,0.4978526,0.07334015302895769,0.48344354220295904,0.6868998
2023-08-17,-0.0213875683092436,0.49781084,0.0213875683092436,0.5138780181707192,0.71874326
2023-08-18,0.001765947647194288,0.48479658,-0.001765947647194288,0.5467929649590659,0.8169303
2023-08-19,0.003447508257659715,0.47964457,-0.003447508257659715,0.49069950722481925,0.8066094
2023-08-20,-0.0024081719771562593,0.4764258,0.0024081719771562593,0.49802754069600363,0.61193764
2023-08-21,-0.0027144416563451568,0.478997,0.0027144416563451568,0.4992018662601278,0.5455742
2023-08-22,0.014458090267116974,0.47626376,-0.014458090267116974,0.5029538084885493,0.6791624
2023-08-23,-0.009558985984038038,0.46927398,0.009558985984038038,0.5270444050905416,0.45085567
2023-08-24,-0.0045851707693453925,0.47137672,0.0045851707693453925,0.5282088477483864,0.7369497
2023-08-25,-0.0016362234703670708,0.47466472,0.0016362234703670708,0.5450761425046928,0.6170532
2023-08-26,0.003243986613558514,0.47779983,-0.003243986613558514,0.5602456664202979,0.5613307
2023-08-27,0.0006984200688304742,0.47905537,-0.0006984200688304742,0.5411900609674885,0.6017064
2023-08-28,0.061115620214395205,0.48143485,-0.061115620214395205,0.5509785101780024,0.48283082
2023-08-29,-0.015021824670934159,0.4814783,0.015021824670934159,0.5258898813690438,0.69322836
2023-08-30,-0.04978793032524931,0.48800775,0.04978793032524931,0.5249934429550882,0.6258966
2023-08-31,-0.005232302189833948,0.49341294,0.005232302189833948,0.5211224631186725,0.52430326
2023-09-01,0.002497960670488908,0.49416217,-0.002497960670488908,0.5377018218974036,0.6779341
2023-09-02,0.003931268895313478,0.48829082,-0.003931268895313478,0.5506066954275725,0.72246146
2023-09-03,-0.005590421085501895,0.48707682,0.005590421085501895,0.5204198308621464,0.40233725
2023-09-04,-0.0013134040785224288,0.49210718,0.0013134040785224288,0.5428246618701901,0.6441516
2023-09-05,-0.0012465057129895651,0.4859452,0.0012465057129895651,0.4538988337910322,0.4531503
2023-09-06,0.01921781680476853,0.47889605,-0.01921781680476853,0.47239135210734473,0.6358533
2023-09-07,-0.01312131022662355,0.47726804,0.01312131022662355,0.5035940064798882,0.628969
2023-09-08,-0.0003431041469674767,0.4806776,0.0003431041469674767,0.6356717600289866,0.8920015
2023-09-09,-0.002316458320544501,0.48209918,0.002316458320544501,0.5666656948548447,0.6199327
2023-09-10,-0.026278935406888304,0.4870457,0.026278935406888304,0.5078026444697621,0.58313596
2023-09-11,0.026928145511657675,0.48602584,-0.026928145511657675,0.528034842318116,0.59518737
2023-09-12,0.01477935456906132,0.4832141,-0.01477935456906132,0.5239248013086019,0.6250122
2023-09-13,0.011468614140797806,0.48334667,-0.011468614140797806,0.5350999099143527,0.66376555
2023-09-14,0.0029133501717206745,0.48456186,-0.0029133501717206745,0.5123772646807949,0.70964
2023-09-15,-0.001516165413533943,0.49092546,0.001516165413533943,0.5843498879434234,0.78229374
2023-09-16,-0.0012108584180451354,0.49458405,0.0012108584180451354,0.5413656924317686,0.597789
2023-09-17,0.00885872816559119,0.49798787,-0.00885872816559119,0.4899242133528368,0.3444793
2023-09-18,0.016730493514995448,0.50305015,0.016730493514995448,0.5260634914313796,0.7078574
2023-09-19,-0.0031333768953327734,0.49907964,0.0031333768953327734,0.549888624775732,0.75883806
2023-09-20,-0.020531612903225693,0.49909717,0.020531612903225693,0.5216475551265632,0.6455514
2023-09-21,0.00045392817245337724,0.5014849,0.00045392817245337724,0.5660810161000799,0.6060366
2023-09-22,-0.00015726027026197187,0.50084305,-0.00015726027026197187,0.6278244474200081,0.82623875
2023-09-23,-0.012326177492741452,0.50192237,-0.012326177492741452,0.6446368731226825,0.9249271
2023-09-24,0.0021498469619840588,0.50383663,0.0021498469619840588,0.5631531528027763,0.5708869
2023-09-25,-0.0031606386816709353,0.50445485,-0.0031606386816709353,0.570840053577168,0.6469715
2023-09-26,0.005770799495226742,0.50137657,0.005770799495226742,0.5511785130971191,0.6213989
2023-09-27,0.024585759900564774,0.4985725,-0.024585759900564774,0.5037028719334208,0.6538863
2023-09-28,-0.004234793250828317,0.49824458,0.004234793250828317,0.6323271657860113,0.8346152
2023-09-29,0.002066379851161315,0.4993183,-0.002066379851161315,0.6231952187625424,0.76645327
2023-09-30,0.03820149125305594,0.50220567,0.03820149125305594,0.5772507294751261,0.6833535
2023-10-01,-0.017792578530660186,0.50886434,-0.017792578530660186,0.5256443562110575,0.48867536
2023-10-02,-0.0024750395624435484,0.5099834,-0.0024750395624435484,0.5573278523198051,0.5933471
2023-10-03,0.012838332034101452,0.50564426,0.012838332034101452,0.5619949809289917,0.73965526
2023-10-04,-0.013254101993011136,0.51189196,-0.013254101993011136,0.595717069075217,0.5927585
2023-10-05,0.01899644623808716,0.51047677,0.01899644623808716,0.5828435396785676,0.8317813
2023-10-06,0.0009158253401495564,0.5113648,0.0009158253401495564,0.645658115406253,0.8381177
2023-10-07,-0.0014171931063320375,0.5149968,-0.0014171931063320375,0.6604324816250449,0.7777929
2023-10-08,-0.01171076456860598,0.516152,-0.01171076456860598,0.5164232912080132,0.5927655
2023-10-09,-0.007248971733359588,0.5202409,-0.007248971733359588,0.636865396729809,0.78320557
2023-10-10,-0.018787796475517426,0.5172466,-0.018787796475517426,0.6186878579349606,0.7450093
2023-10-11,-0.004312102612340163,0.5147586,-0.004312102612340163,0.5864309123134712,0.57149327
2023-10-12,0.0038255386939205493,0.5094482,0.0038255386939205493,0.586822355341802,0.69283307
2023-10-13,-0.00035440399076769324,0.50745034,-0.00035440399076769324,0.6045622583516509,0.8103865
2023-10-14,0.011234344090378379,0.50517905,0.011234344090378379,0.6399137391834381,0.8317393
2023-10-15,0.04959205130707445,0.5062304,0.04959205130707445,0.5521501022540096,0.5762373
2023-10-16,-0.003679548419376566,0.5079078,-0.003679548419376566,0.5546261772939539,0.6669261
2023-10-17,-0.00267327231280845,0.50106394,-0.00267327231280845,0.5401212646321921,0.6613403
2023-10-18,0.013902189265536657,0.50580084,0.013902189265536657,0.5699207610143945,0.6576194
2023-10-19,0.0332708660775638,0.51333964,0.0332708660775638,0.5185593293877195,0.58584934
2023-10-20,0.00811485642946308,0.51400375,0.00811485642946308,0.6378672443721198,0.7958656
2023-10-21,0.002763642685674972,0.5173044,0.002763642685674972,0.6073210716220591,0.7561478
2023-10-22,0.10261012267749958,0.53276813,0.10261012267749958,0.5962813746492954,0.66313833
2023-10-23,0.02578591647593509,0.5418682,0.02578591647593509,0.5559806425111499,0.5900204
2023-10-24,0.0169007624091575,0.5329853,0.0169007624091575,0.6024394960879619,0.72496027
2023-10-25,-0.009983461874620403,0.5221342,-0.009983461874620403,0.5852534742675313,0.6797766
2023-10-26,-0.007602558704320916,0.5374822,-0.007602558704320916,0.6015161233327414,0.79825044
2023-10-27,0.005575943835746777,0.54092586,0.005575943835746777,0.5761880142470406,0.74701
2023-10-28,0.013053901000557477,0.5449692,0.013053901000557477,0.48160679426770675,0.6481203
2023-10-29,-0.0014817865665446295,0.54584134,-0.0014817865665446295,0.5369303267737017,0.5622653
2023-10-30,0.004787274621149917,0.5432314,0.004787274621149917,0.5653120279929049,0.6376925
2023-10-31,0.022565392322177802,0.53793216,0.022565392322177802,0.5524360432362605,0.5657396
2023-11-01,-0.013546601591183705,0.5355449,-0.013546601591183705,0.566604032192611,0.608095
2023-11-02,-0.006433880083877019,0.52553606,-0.006433880083877019,0.5584904007433634,0.6007781
2023-11-03,0.009945910882288134,0.5249399,0.009945910882288134,0.6332041710704747,0.9149792
2023-11-04,-0.0014314614054447006,0.529988,-0.0014314614054447006,0.5680319876173218,0.7758804
2023-11-05,0.00097709691681791,0.5371909,0.00097709691681791,0.6374348912003633,0.86845416
2023-11-06,0.010073306323187703,0.5410924,0.010073306323187703,0.5901076461077006,0.7917424
2023-11-07,0.006373039781779832,0.5454941,0.006373039781779832,0.5889228943121981,0.69374454
2023-11-08,0.030214132209319677,0.5430559,0.030214132209319677,0.5954921929788637,0.8159491
2023-11-09,0.016363001752808914,0.545768,0.016363001752808914,0.6547613174829712,0.83875704
2023-11-10,-0.004601139414014854,0.5331498,-0.004601139414014854,0.6032380717233956,0.82696164
2023-11-11,-0.0017740371667116506,0.5388052,-0.0017740371667116506,0.6228708658304086,0.6342487
2023-11-12,-0.016220534516795504,0.5478039,-0.016220534516795504,0.6174528838735281,0.66427517
2023-11-13,-0.025004573137704433,0.55143744,-0.025004573137704433,0.5452137382158869,0.6498578
2023-11-14,0.06489262384747163,0.5496253,0.06489262384747163,0.5312046177807264,0.68461496
2023-11-15,-0.044764146208747246,0.5411802,-0.044764146208747246,0.562764049273996,0.53985983
2023-11-16,0.012454819789339933,0.5352345,0.012454819789339933,0.5440222835019204,0.6735045
2023-11-17,-0.0012514366120863762,0.5253007,-0.0012514366120863762,0.5758978486409434,0.70379335
2023-11-18,0.021651658139197894,0.5267843,0.021651658139197894,0.6406517492023661,0.7911152
2023-11-19,0.0023800945720888755,0.5207808,0.0023800945720888755,0.4970630528924589,0.5774175
2023-11-20,-0.04558573069670091,0.5246136,-0.04558573069670091,0.5500418165773453,0.6940217
2023-11-21,0.046631590875071405,0.5267137,0.046631590875071405,0.598908249576259,0.8673069
2023-11-22,-0.003049052697874255,0.51698357,-0.003049052697874255,0.49871578320258025,0.6444386
2023-11-23,0.011242742854936427,0.5146209,0.011242742854936427,0.6244724235063626,0.83200055
2023-11-24,0.001779200431038408,0.51228034,0.001779200431038408,0.5403318620593032,0.6341028
2023-11-25,-0.008820383545342092,0.5169674,-0.008820383545342092,0.5210930650172344,0.74008703
2023-11-26,-0.005467130855174918,0.5182394,-0.005467130855174918,0.5717245237897204,0.6391753
2023-11-27,0.0154706828452289,0.5160747,0.0154706828452289,0.4470115490984384,0.2884468
2023-11-28,0.0009458241348827556,0.51699746,0.0009458241348827556,0.5718111090346267,0.60609895
2023-11-29,-0.0034521527611939273,0.51316386,-0.0034521527611939273,0.5443267680856604,0.59129226
2023-11-30,0.025409845625962824,0.51397187,0.025409845625962824,0.5573886813655187,0.6935093
2023-12-01,0.019849534104810163,0.51671076,0.019849534104810163,0.5994319737170112,0.7986532
2023-12-02,0.013229540422328379,0.51451665,0.013229540422328379,0.5535772593462499,0.7759666
2023-12-03,0.05050602592898157,0.5204644,0.05050602592898157,0.5779996420806336,0.7508593
2023-12-04,0.04958717442505667,0.530052,0.04958717442505667,0.5447634269993827,0.64997494
2023-12-05,-0.007048028149456376,0.5295461,-0.007048028149456376,0.6129278186741185,0.7868634
2023-12-06,-0.011186469570312108,0.5321535,-0.011186469570312108,0.5863958732330481,0.7426676
2023-12-07,0.02074843655902936,0.540414,0.02074843655902936,0.5784121169499811,0.7028684
2023-12-08,-0.010354986383596998,0.5437143,-0.010354986383596998,0.5984291881586347,0.7515999
2023-12-09,0.0017365305076681992,0.54284436,0.0017365305076681992,0.5616421822354837,0.6987799
2023-12-10,-0.05791592552645597,0.546582,-0.05791592552645597,0.5642131742062605,0.6944901
2023-12-11,0.005793219467971067,0.5500659,0.005793219467971067,0.6024005395776073,0.79960704
2023-12-12,0.033178132182793085,0.5357568,0.033178132182793085,0.5985015889788634,0.67537796
2023-12-13,0.0035743752541170792,0.5345558,0.0035743752541170792,0.5616115773087929,0.69917756
2023-12-14,-0.02514884155318664,0.52948666,-0.02514884155318664,0.5943313039188438,0.78060395
2023-12-15,0.008052636724105389,0.53381956,0.008052636724105389,0.552755040989757,0.72392064
2023-12-16,-0.02136759919986808,0.53601384,-0.02136759919986808,0.5401597214316789,0.8639051
2023-12-17,0.03101295116695857,0.5320041,0.03101295116695857,0.49790731036476144,0.6899785
2023-12-18,-0.00895053190741213,0.52691424,-0.00895053190741213,0.5414083488894499,0.66374683
2023-12-19,0.03294872574243679,0.526171,0.03294872574243679,0.6102949114544137,0.8036316
2023-12-20,0.004416641305385882,0.5194683,0.004416641305385882,0.4927630758508823,0.6674994
2023-12-21,0.0024449520995490914,0.5178858,0.0024449520995490914,0.5274801434946815,0.6174424
2023-12-22,-0.006069725424980743,0.51709425,-0.006069725424980743,0.5442155238163614,0.6272014
2023-12-23,-0.016261438793872096,0.51910365,-0.016261438793872096,0.5097734640468509,0.5953319
2023-12-24,0.013598734633590404,0.5212846,0.013598734633590404,0.5091889922136099,0.56149507
2023-12-25,-0.024490472192000512,0.51808393,-0.024490472192000512,0.5083508956993849,0.5284851
2023-12-26,0.021640629392459365,0.5180912,0.021640629392459365,0.5106736341150075,0.5525868
2023-12-27,-0.01991970775187457,0.5132862,-0.01991970775187457,0.5569536541573124,0.7429034
2023-12-28,-0.011672136108276221,0.5135598,-0.011672136108276221,0.5426052309061091,0.7041044
2023-12-29,0.0017431736790995966,0.508575,0.0017431736790995966,0.5989721188618936,0.79290956
2023-12-30,0.0034005469351414686,0.50847375,0.0034005469351414686,0.5312558622741823,0.6728182
2023-12-31,0.04483939155577654,0.50766015,0.04483939155577654,0.5332082104971494,0.63937634
2024-01-01,0.017369122139089255,0.50615525,0.017369122139089255,0.5321904414337351,0.6018421
2024-01-02,-0.04675916542427505,0.5073916,-0.04675916542427505,0.5514137803236594,0.60403913
2024-01-03,0.030478772082679795,0.5019307,0.030478772082679795,0.5151751730265521,0.579429
2024-01-04,-0.00013567045894657959,0.5003108,-0.00013567045894657959,0.5213804523723979,0.6517421
2024-01-05,-0.00400474707164622,0.5010059,-0.00400474707164622,0.5932105407076053,0.6705329
2024-01-06,-0.0008938253724500855,0.49783888,0.0008938253724500855,0.5400595481933045,0.6838185
2024-01-07,0.06879324874536241,0.5090339,0.06879324874536241,0.5230699559748792,0.5970095
2024-01-08,-0.01791312822889546,0.50854176,-0.01791312822889546,0.5074333246424484,0.57057565
2024-01-09,0.011797657774886172,0.5007007,0.011797657774886172,0.5011437594957378,0.62370324
2024-01-10,-0.006748190240534524,0.5042296,-0.006748190240534524,0.5567088023997123,0.81832296
2024-01-11,-0.07674783056058854,0.5074698,-0.07674783056058854,0.5555982680414896,0.6328249
2024-01-12,0.0015253818538460973,0.5028231,0.0015253818538460973,0.5665040200399526,0.79832625
2024-01-13,-0.0260371606696137,0.5014504,-0.0260371606696137,0.5231236890556719,0.515348
2024-01-14,0.018660583456239666,0.5072462,0.018660583456239666,0.49503592628226506,0.59735817
2024-01-15,0.014745560571238991,0.49962467,-0.014745560571238991,0.5106440585638042,0.61348736
2024-01-16,-0.008388205744593757,0.5032077,-0.008388205744593757,0.5233103830304958,0.66150767
2024-01-17,-0.0338647048234878,0.49810693,0.0338647048234878,0.4803991554718896,0.4505403
2024-01-18,0.008022019236585853,0.49626175,-0.008022019236585853,0.5241334780569408,0.717258
2024-01-19,0.0008884028264701804,0.49693266,-0.0008884028264701804,0.5409602410410569,0.668924
2024-01-20,-0.00277508367701107,0.4941097,0.00277508367701107,0.5329450963601398,0.47617677
2024-01-21,-0.048395719803089654,0.49700597,0.048395719803089654,0.4567919701520956,0.48234197
2024-01-22,0.008329453937801379,0.50231624,0.008329453937801379,0.48559747491060307,0.49910936
2024-01-23,0.004694016682707636,0.49610305,-0.004694016682707636,0.4518541612860043,0.5984121
2024-01-24,-0.003088196846292135,0.4920772,0.003088196846292135,0.437044245249745,0.44392887
2024-01-25,0.04660583582680067,0.4905226,-0.04660583582680067,0.490143718862026,0.600963
2024-01-26,0.007104138318376307,0.49522397,-0.007104138318376307,0.5366317398868874,0.7900823
2024-01-27,-0.0021265114030820653,0.49770966,0.0021265114030820653,0.5114220775707037,0.5999964
2024-01-28,0.03025476873531141,0.4994171,-0.03025476873531141,0.41970202442621773,0.4267767
2024-01-29,-0.008350518558888909,0.5049885,-0.008350518558888909,0.44582214844660434,0.4737208
2024-01-30,-0.008409193057467013,0.5046239,-0.008409193057467013,0.4926898997093236,0.64589787
2024-01-31,0.011811648661343321,0.50146794,0.011811648661343321,0.43936869795877975,0.33796382
2024-02-01,0.0027170847671955656,0.5015837,0.0027170847671955656,0.48430341990584824,0.46153054
2024-02-02,-0.004372916666666726,0.49853003,0.004372916666666726,0.48279296756371354,0.70961964
2024-02-03,-0.00995580442160382,0.49939507,0.00995580442160382,0.47906050035009473,0.6257472
2024-02-04,0.0029547085589325395,0.5060903,0.0029547085589325395,0.42002877758819507,0.35728455
2024-02-05,0.009137482526979213,0.50510764,0.009137482526979213,0.46329806854911176,0.5248553
2024-02-06,0.029018108329785353,0.5032685,0.029018108329785353,0.45500549825713305,0.5017525
2024-02-07,0.021173809910348673,0.50484246,0.021173809910348673,0.49750001467374794,0.5239053
2024-02-08,0.04071925305788526,0.50829625,0.04071925305788526,0.5000924489538623,0.4901955
2024-02-09,0.013118685789101692,0.51311934,0.013118685789101692,0.5642963492279492,0.6417639
2024-02-10,0.011495025558578842,0.5191555,0.011495025558578842,0.5805685609071495,0.7558235
2024-02-11,0.03348406490353306,0.5350989,0.03348406490353306,0.5441814396920232,0.66973436
2024-02-12,-0.004360815405169416,0.5441872,-0.004360815405169416,0.5776771945119278,0.673314
2024-02-13,0.04216493536465804,0.5403794,0.04216493536465804,0.5696319654756004,0.61893946
2024-02-14,0.001637797501195637,0.54139066,0.001637797501195637,0.5262030415577715,0.6711274
2024-02-15,0.004705281418658558,0.54097784,0.004705281418658558,0.6054647694886068,0.7660572
2024-02-16,-0.00923699224792518,0.5380396,-0.00923699224792518,0.5934273687295077,0.7390852
2024-02-17,0.009585683458475325,0.54391,0.009585683458475325,0.5923291207944634,0.6333388
2024-02-18,-0.0069611856456185395,0.5444409,-0.0069611856456185395,0.6025796459424,0.64124733
2024-02-19,0.009349928044047662,0.54650354,0.009349928044047662,0.5614994461344593,0.5954956
2024-02-20,-0.007834658340927003,0.54341614,-0.007834658340927003,0.5761537238841609,0.51240253
2024-02-21,-0.010819220824005882,0.5385392,-0.010819220824005882,0.567487389946866,0.67439216
2024-02-22,-0.010611947102289299,0.5364089,-0.010611947102289299,0.6224981728615451,0.6553617
2024-02-23,0.016239704478250294,0.53910565,0.016239704478250294,0.5964663657492992,0.7277407
2024-02-24,0.0031149029382824267,0.539932,0.0031149029382824267,0.5747635353822703,0.80722153
2024-02-25,0.05311581448263403,0.54250205,0.05311581448263403,0.6176302291385172,0.8634419
2024-02-26,0.04700873606531397,0.5435815,0.04700873606531397,0.5584544410297521,0.83426225
2024-02-27,0.09458295215029322,0.538911,0.09458295215029322,0.5891142567877883,0.76828146
2024-02-28,-0.020840561185672013,0.53193074,-0.020840561185672013,0.5730219584027981,0.76506084
2024-02-29,0.02056109684484042,0.5150434,0.02056109684484042,0.5746042918121875,0.6695375
2024-03-01,-0.006421437490282567,0.51763034,-0.006421437490282567,0.5963523829141884,0.7701343
2024-03-02,0.018176148396896963,0.5271958,0.018176148396896963,0.5627781732565186,0.46044865
2024-03-03,0.08130909844524137,0.527056,0.08130909844524137,0.49575052267951925,0.55807126
2024-03-04,-0.0662561793261438,0.5275724,-0.0662561793261438,0.45554823575217007,0.43870354
2024-03-05,0.03687825044280779,0.5033461,0.03687825044280779,0.5322262942511755,0.7718384
2024-03-06,0.011337735667442228,0.48506525,-0.011337735667442228,0.5511293784363448,0.6602883
2024-03-07,0.01946959415424332,0.4883503,-0.01946959415424332,0.5610133594424803,0.4598492
2024-03-08,0.002775519239201163,0.48158747,-0.002775519239201163,0.5314614922177854,0.72803473
2024-03-09,0.009406810711886537,0.48358223,-0.009406810711886537,0.476704907628455,0.38753682
2024-03-10,0.04527851721999632,0.4871069,-0.04527851721999632,0.5424412852569617,0.6877543
2024-03-11,-0.008686272251904659,0.4876066,0.008686272251904659,0.4807201348269636,0.4884715
2024-03-12,0.02267815838910625,0.47440487,-0.02267815838910625,0.5362834193124467,0.5866704
2024-03-13,-0.02303838069662678,0.47118798,0.02303838069662678,0.48994711789127776,0.57605803
2024-03-14,-0.026461942143979122,0.47454494,0.026461942143979122,0.5372758968493452,0.66537386
2024-03-15,-0.06042056205876711,0.47013235,0.06042056205876711,0.6140715487620081,0.83273506
2024-03-16,0.04736324902225286,0.47299674,-0.04736324902225286,0.47735959085887797,0.58610165
2024-03-17,-0.011455624132592601,0.48211703,0.011455624132592601,0.5105881258932223,0.62734973
2024-03-18,-0.08390165417862072,0.48950073,0.08390165417862072,0.450497504296075,0.42481545
2024-03-19,0.09530768162693293,0.49314997,-0.09530768162693293,0.4792124728107683,0.4353651
2024-03-20,-0.034481462477213065,0.50912166,-0.034481462477213065,0.4379374538605472,0.4851253
2024-03-21,-0.026024380901316868,0.50124395,-0.026024380901316868,0.4982955346050676,0.64775836
2024-03-22,0.003031037371247214,0.49673197,-0.003031037371247214,0.472345250419342,0.5746371
2024-03-23,0.05032004214407837,0.5131711,0.05032004214407837,0.4381876987223832,0.49176326
2024-03-24,0.039726534701165495,0.5056811,0.039726534701165495,0.5123436607714777,0.5544058
2024-03-25,0.0015453632591067024,0.5027987,0.0015453632591067024,0.45836769856757953,0.40616766
2024-03-26,-0.007401411670572067,0.51012737,-0.007401411670572067,0.4753454776631314,0.38702953
2024-03-27,0.018865844086057848,0.5117694,0.018865844086057848,0.49756197772034083,0.6354922
2024-03-28,-0.01314004119772949,0.5113908,-0.01314004119772949,0.5213606935273039,0.5368073
2024-03-29,-0.0038419173280550556,0.51409274,-0.0038419173280550556,0.4883189547855808,0.5070803
2024-03-30,0.024400356528065048,0.52003455,0.024400356528065048,0.5174402665658371,0.62621135
2024-03-31,-0.022870507453632394,0.5255698,-0.022870507453632394,0.551650989709836,0.5894205
2024-04-01,-0.0600979471584987,0.52297604,-0.0600979471584987,0.5235243089433824,0.6814135
2024-04-02,0.007626941162614864,0.5189235,0.007626941162614864,0.5290652917885393,0.56321967
2024-04-03,0.03827144435510177,0.5123496,0.03827144435510177,0.5138176612153608,0.6662933
2024-04-04,-0.009741444423889245,0.50648105,-0.009741444423889245,0.5620970473550323,0.7074681
2024-04-05,0.01585623959202964,0.50131303,0.01585623959202964,0.5743723970935879,0.8326417
2024-04-06,0.006740449372967916,0.50630355,0.006740449372967916,0.5686089110564639,0.84702766
2024-04-07,0.03257781566683815,0.5083622,0.03257781566683815,0.4550050206768222,0.47831777
2024-04-08,-0.034543423624685876,0.5046595,-0.034543423624685876,0.47240095830177226,0.66814685
2024-04-09,0.02147745350417951,0.507143,0.02147745350417951,0.4709232655091583,0.61713314
2024-04-10,-0.008846672031632585,0.5087371,-0.008846672031632585,0.5553293831718116,0.7671579
2024-04-11,-0.04127789769567636,0.50845206,-0.04127789769567636,0.4540986925330293,0.484057
2024-04-12,-0.047559229828960214,0.5048592,-0.047559229828960214,0.5463382414446628,0.82785743
2024-04-13,0.027177838359652595,0.50440305,0.027177838359652595,0.5460722584637474,0.81856984
2024-04-14,-0.034142357265650736,0.50306916,-0.034142357265650736,0.5230175698074273,0.61206675
2024-04-15,0.005887733504845949,0.49644628,-0.005887733504845949,0.44838251391663597,0.5081524
2024-04-16,-0.03944013635268473,0.49628532,0.03944013635268473,0.5090920091876563,0.6058438
2024-04-17,0.03578335689015377,0.49935785,-0.03578335689015377,0.50352869466534,0.4119333
2024-04-18,0.005481795516879773,0.4919831,-0.005481795516879773,0.4816230586873337,0.5768961
2024-04-19,0.017590332258871744,0.49333,-0.017590332258871744,0.4903616796748671,0.48419228
2024-04-20,8.623266280816111e-06,0.48935688,-8.623266280816111e-06,0.49709207820314605,0.48791027
2024-04-21,0.028921107802987844,0.49403217,-0.028921107802987844,0.5209060324585352,0.5556896
2024-04-22,-0.0060659102786441155,0.4946214,0.0060659102786441155,0.45944877577740395,0.5763843
2024-04-23,-0.031987382178456425,0.49457592,0.031987382178456425,0.46455332321865084,0.60994697
2024-04-24,0.003247026462604552,0.49945757,-0.003247026462604552,0.46112869357561287,0.49428812
2024-04-25,-0.0112922286061935,0.5004447,-0.0112922286061935,0.4973165524145034,0.5953976
2024-04-26,-0.004830326982856015,0.4997409,0.004830326982856015,0.4908330647904278,0.4739913
2024-04-27,-0.0054104835682718955,0.49699473,0.0054104835682718955,0.5091925644835458,0.7664769
2024-04-28,0.01184087991784355,0.5004077,0.01184087991784355,0.49508072014099985,0.62744415
2024-04-29,-0.05001096044843889,0.49646214,0.05001096044843889,0.5027255114185047,0.46259058
2024-04-30,-0.03802462420886077,0.492746,0.03802462420886077,0.3969051993498156,0.38535947
2024-05-01,0.011918793070569533,0.48828682,-0.011918793070569533,0.4936129818352694,0.7023656
2024-05-02,0.06470302287768459,0.4845533,-0.06470302287768459,0.48696286083540025,0.58378875
2024-05-03,0.016062304624168355,0.48064166,-0.016062304624168355,0.5558038346146045,0.57120556
2024-05-04,0.0018775421789631874,0.4820704,-0.0018775421789631874,0.5231165815749835,0.724349
2024-05-05,-0.013228925826407556,0.4874234,0.013228925826407556,0.46923495942980353,0.49499622
2024-05-06,-0.013506014942723965,0.49052033,0.013506014942723965,0.4514167901416192,0.5458892
2024-05-07,-0.01795879707433945,0.4878248,0.01795879707433945,0.39939293376311064,0.5194318
2024-05-08,0.030738468090238502,0.49132016,-0.030738468090238502,0.46093498668831834,0.5078947
2024-05-09,-0.03605320162773862,0.4955382,0.03605320162773862,0.47861345814226325,0.58118814
2024-05-10,0.0004276316492815013,0.49577385,-0.0004276316492815013,0.5022589499757134,0.67638546
2024-05-11,0.010817744191257805,0.49317575,-0.010817744191257805,0.542038959674075,0.81617576
2024-05-12,0.02368242529478004,0.4972135,-0.02368242529478004,0.44528450585251167,0.50828177
2024-05-13,-0.021649003306001613,0.49225897,0.021649003306001613,0.48357751739974475,0.563296
2024-05-14,0.0751737363767182,0.49091077,-0.0751737363767182,0.43143953334794993,0.47932875
2024-05-15,-0.014670613912531216,0.49291807,0.014670613912531216,0.4515838047464702,0.46252322
2024-05-16,0.027420621471134998,0.4903951,-0.027420621471134998,0.44677546912334604,0.46485975
2024-05-17,-0.0016232991167343114,0.4909891,0.0016232991167343114,0.49148353335077405,0.6194701
2024-05-18,-0.009582127827459264,0.5038343,-0.009582127827459264,0.5265090833593937,0.7282429
2024-05-19,0.07804884599558704,0.50734955,0.07804884599558704,0.47088576846254554,0.66604346
2024-05-20,-0.018171328468722492,0.51226836,-0.018171328468722492,0.45193837613875654,0.5313529
2024-05-21,-0.013994914206095221,0.517789,-0.013994914206095221,0.46727582695971415,0.5192044
2024-05-22,-0.017305602037514634,0.5167879,-0.017305602037514634,0.4655891024080469,0.59936744
2024-05-23,0.008538222574340226,0.52720165,0.008538222574340226,0.4928289572150523,0.5147681
2024-05-24,0.010803502670095222,0.519199,0.010803502670095222,0.5730160966345182,0.7756621
2024-05-25,-0.011298795781301996,0.520946,-0.011298795781301996,0.5282958429656803,0.7965326
2024-05-26,0.01355702215532939,0.52984893,0.01355702215532939,0.5281869236608646,0.45169196
2024-05-27,-0.014949501292044975,0.5295577,-0.014949501292044975,0.43193728456387,0.41449395
2024-05-28,-0.010906250863507161,0.5279542,-0.010906250863507161,0.5152720167588747,0.6409502
2024-05-29,0.01034331070492378,0.521739,0.01034331070492378,0.4688946511969892,0.57304263
2024-05-30,-0.011881992919902995,0.5223554,-0.011881992919902995,0.5018149631622973,0.6123421
2024-05-31,0.0033586018124664996,0.51832867,0.0033586018124664996,0.5934567915348888,0.80413866
2024-06-01,-1.8002902599123516e-05,0.51363075,-1.8002902599123516e-05,0.5642784421467566,0.80644757
2024-06-02,0.015410024226145236,0.515617,0.015410024226145236,0.4901629927494329,0.5647065
2024-06-03,0.025111793506457758,0.5113654,0.025111793506457758,0.46169910544113074,0.5857056
2024-06-04,0.00808303741651284,0.5076487,0.00808303741651284,0.5092582898021676,0.67339
2024-06-05,-0.004344658828823844,0.507501,-0.004344658828823844,0.5166131065012352,0.48228708
2024-06-06,-0.020388123797123736,0.50940216,-0.020388123797123736,0.5018666738079723,0.43665123
2024-06-07,-0.0006508486697541782,0.51387477,-0.0006508486697541782,0.5609141068656404,0.83173746
2024-06-08,0.004871991904252138,0.510653,0.004871991904252138,0.5727969736655045,0.73860717
2024-06-09,-0.0015526617078359672,0.5137814,-0.0015526617078359672,0.4892371103477082,0.6133159
2024-06-10,-0.032006902502156986,0.5140408,-0.032006902502156986,0.5696612136543929,0.6377931
2024-06-11,0.014109198885703833,0.5137391,0.014109198885703833,0.5491921753257145,0.79726493
2024-06-12,-0.021841383722223218,0.50877357,-0.021841383722223218,0.5505544602870451,0.77025455
2024-06-13,-0.010917884336799966,0.5050107,-0.010917884336799966,0.5694880365326799,0.7503627
2024-06-14,0.0027899586321176173,0.50278234,0.0027899586321176173,0.6255427281133802,0.8370569
2024-06-15,0.006773846508098869,0.5053878,0.006773846508098869,0.6498910879947136,0.87090725
2024-06-16,-0.002587703951910103,0.5043007,-0.002587703951910103,0.5562146634779841,0.7326569
2024-06-17,-0.019983811580388866,0.50363207,-0.019983811580388866,0.46310133785543356,0.42022702
2024-06-18,-0.0030832222994838787,0.502892,-0.0030832222994838787,0.5221471770290255,0.52443975
2024-06-19,-0.0016064796011104887,0.49661636,0.0016064796011104887,0.5273215431395131,0.6880968
2024-06-20,-0.011198244365383747,0.49666932,0.011198244365383747,0.541472312103657,0.5550197
2024-06-21,0.0018466390078755168,0.49512804,-0.0018466390078755168,0.5649712624890365,0.8467789
2024-06-22,-0.016370480786393027,0.49462506,0.016370480786393027,0.5968616031681311,0.8293116
2024-06-23,-0.04614316624851034,0.49650905,0.04614316624851034,0.5259387836058076,0.5507235
2024-06-24,0.025089189014368074,0.49395093,-0.025089189014368074,0.4931108179633387,0.48784104
2024-06-25,-0.015225380185519222,0.48551652,0.015225380185519222,0.5249261454173972,0.666317
2024-06-26,0.013825353458531753,0.48618436,-0.013825353458531753,0.5830295812586598,0.7185095
2024-06-27,-0.020721165868020086,0.48298922,0.020721165868020086,0.5138354027684537,0.5525773
2024-06-28,0.009248055201046546,0.49033502,-0.009248055201046546,0.5681936892323527,0.7217603
2024-06-29,0.029274097229099905,0.485196,-0.029274097229099905,0.5488266752431028,0.7624471
2024-06-30,0.002038806786655245,0.48717603,-0.002038806786655245,0.5231065096976047,0.54937303
2024-07-01,-0.01215453293394797,0.4902017,0.01215453293394797,0.5661048454316538,0.5868287
2024-07-02,-0.031011111688702075,0.49086398,0.031011111688702075,0.5019810479200687,0.6524461
2024-07-03,-0.05246046327616427,0.49338907,0.05246046327616427,0.5309409156201788,0.6726792
2024-07-04,-0.007383346646214428,0.48727903,0.007383346646214428,0.5003407808386039,0.6228763
2024-07-05,0.02827784241902398,0.48221508,-0.02827784241902398,0.5451529895153056,0.7304125
2024-07-06,-0.040740420809639244,0.4742921,0.040740420809639244,0.5151996405006282,0.60968775
2024-07-07,0.015339126256471713,0.47836086,-0.015339126256471713,0.5022474213447758,0.59416586
2024-07-08,0.023545604290392763,0.48240307,-0.023545604290392763,0.5117079900181729,0.55311054
2024-07-09,-0.005583979328165345,0.48064747,0.005583979328165345,0.5195946202025735,0.68444544
2024-07-10,-0.0066860860429079905,0.47600284,0.0066860860429079905,0.5161476469044298,0.5494296
2024-07-11,0.009578148824491928,0.48181808,-0.009578148824491928,0.538187593937667,0.3970962
2024-07-12,0.02271446610847283,0.48439717,-0.02271446610847283,0.5364489160051258,0.6960389
2024-07-13,0.026921989418961845,0.4807926,-0.026921989418961845,0.4228298058542977,0.5576289
2024-07-14,0.06457837119729937,0.48567188,-0.06457837119729937,0.5099389596394515,0.5579723
2024-07-15,0.0049417419837483045,0.491009,-0.0049417419837483045,0.4918139899140168,0.66038036
2024-07-16,-0.014697745325894074,0.49386805,0.014697745325894074,0.47036790052815214,0.65630347
2024-07-17,-0.001561447004345129,0.49905598,0.001561447004345129,0.474818491424406,0.6010584
2024-07-18,0.041759132036171875,0.5092735,0.041759132036171875,0.4660862552479859,0.48349193
2024-07-19,0.007200120012001321,0.5138236,0.007200120012001321,0.49251405193215897,0.5506899
2024-07-20,0.015272276003738927,0.519186,0.015272276003738927,0.4529102962715105,0.57570547
2024-07-21,-0.009291085469536275,0.533115,-0.009291085469536275,0.4601212389816518,0.5452216
2024-07-22,-0.023633237038257815,0.5380527,-0.023633237038257815,0.4585170176157591,0.61611617
2024-07-23,-0.00849323457697837,0.5368229,-0.00849323457697837,0.5072230216023592,0.76823527
2024-07-24,0.006484795643661334,0.5342397,0.006484795643661334,0.4911073743884317,0.61799234
2024-07-25,0.0320371064111753,0.532234,0.0320371064111753,0.5397020057904072,0.6981235
2024-07-26,-0.00016919953012906053,0.5277672,-0.00016919953012906053,0.5101828514697323,0.7007175
2024-07-27,0.005204686544961978,0.52950835,0.005204686544961978,0.4567427370217843,0.56802166
2024-07-28,-0.02146802309396001,0.52959543,-0.02146802309396001,0.457263853989064,0.5358405
2024-07-29,-0.008934532749946156,0.53600794,-0.008934532749946156,0.5126575872033442,0.65229744
2024-07-30,-0.023569227050220576,0.5294279,-0.023569227050220576,0.5219565308837767,0.6574093
2024-07-31,0.011233830537847433,0.52636904,0.011233830537847433,0.4968994323854474,0.65139174
2024-08-01,-0.05899698289408972,0.5182349,-0.05899698289408972,0.5114492765341828,0.58237505
2024-08-02,-0.013014011925201907,0.5099088,-0.013014011925201907,0.5069678929019388,0.68887305
2024-08-03,-0.04179693594466638,0.5011162,-0.04179693594466638,0.5143644655231341,0.7908825
2024-08-04,-0.07121937380719046,0.50038373,-0.07121937380719046,0.5049346305020114,0.62466985
2024-08-05,0.03708337891930613,0.4933966,-0.03708337891930613,0.512352477632807,0.5903957
2024-08-06,-0.01584823536320812,0.4734829,0.01584823536320812,0.49606145549708985,0.6597554
2024-08-07,0.11883431252058596,0.47945005,-0.11883431252058596,0.5032776808815564,0.56456095
2024-08-08,-0.013747043696631933,0.47702548,0.013747043696631933,0.5193152199925677,0.6840088
2024-08-09,0.0014057006156844576,0.4917244,-0.0014057006156844576,0.5231314980215322,0.58725435
2024-08-10,-0.03629009556409346,0.48983204,0.03629009556409346,0.49305337110054487,0.5845706
2024-08-11,0.0107992169992841,0.5027324,0.0107992169992841,0.4562269659997837,0.5405669
2024-08-12,0.02090278404977952,0.5016054,0.02090278404977952,0.5203569960770905,0.5880408
2024-08-13,-0.031421844400999266,0.50051963,-0.031421844400999266,0.43505050240450865,0.51042926
2024-08-14,-0.019465985179111134,0.5058427,-0.019465985179111134,0.48509520998722905,0.6169612
2024-08-15,0.023175450712934476,0.5037293,0.023175450712934476,0.4908269384452526,0.52995783
2024-08-16,0.010486525598475405,0.5002118,0.010486525598475405,0.5412029964233471,0.6426911
2024-08-17,-0.017895518371464747,0.49330357,0.017895518371464747,0.46020225336116893,0.46147892
2024-08-18,0.017306107499313272,0.4970152,-0.017306107499313272,0.49453933130014044,0.5315205
2024-08-19,-0.007145200501358473,0.49885762,0.007145200501358473,0.4880599658532758,0.50999093
2024-08-20,0.03630049242719502,0.49250475,-0.03630049242719502,0.4542408983786757,0.51659596
2024-08-21,-0.012757368324922358,0.48627427,0.012757368324922358,0.4710619514050173,0.38663495
2024-08-22,0.06064346268308651,0.4890091,-0.06064346268308651,0.47678730311907086,0.49027804
2024-08-23,0.0018703179587378216,0.48877305,-0.0018703179587378216,0.5637424743605699,0.80782557
2024-08-24,0.0009818100937060148,0.49232212,-0.0009818100937060148,0.5100732204188835,0.7025022
2024-08-25,-0.021582061663033336,0.50010026,-0.021582061663033336,0.4795380259312539,0.5148993
2024-08-26,-0.05441321577489899,0.5102581,-0.05441321577489899,0.42535371219079104,0.51308924
2024-08-27,-0.006397374400403888,0.5095491,-0.006397374400403888,0.5319175038135354,0.5965294
2024-08-28,0.0054901422717748005,0.5012735,0.0054901422717748005,0.4505372437617574,0.49275512
2024-08-29,-0.003959297838693754,0.5002589,-0.003959297838693754,0.49981462438699176,0.5856511
2024-08-30,-0.0025370412247210927,0.4952647,0.0025370412247210927,0.5498019094833932,0.84312904
2024-08-31,-0.028353686091105557,0.49599126,0.028353686091105557,0.5565760894578715,0.84583676
2024-09-01,0.03194084799341579,0.49708888,-0.03194084799341579,0.4723992942643237,0.50377584
2024-09-02,-0.0278089086254798,0.4928783,0.0278089086254798,0.4248745977447065,0.49529105
2024-09-03,0.008404750022309004,0.49480858,-0.008404750022309004,0.5001081575557192,0.49494618
2024-09-04,-0.030893086013844884,0.4934513,0.030893086013844884,0.5088881799051169,0.5603242
2024-09-05,-0.03946297614809535,0.49564806,0.03946297614809535,0.4834931249112303,0.5097913
2024-09-06,0.0036671443399056702,0.49167287,-0.0036671443399056702,0.5402174580383996,0.7755451
2024-09-07,0.013092295801802267,0.48900396,-0.013092295801802267,0.49939817039348405,0.6703932
2024-09-08,0.03958541970605056,0.49256137,-0.03958541970605056,0.5019871102641885,0.6059158
2024-09-09,0.010413204305599333,0.49137858,-0.010413204305599333,0.471173053080325,0.61179316
2024-09-10,-0.005170207018218909,0.49529666,0.005170207018218909,0.5148658108801742,0.547745
2024-09-11,0.013853291011196811,0.49551055,-0.013853291011196811,0.4549815249338154,0.4715648
2024-09-12,0.04069474605520651,0.49584308,-0.04069474605520651,0.4616590837738429,0.5631847
2024-09-13,-0.008346887500413236,0.49639282,0.008346887500413236,0.4689195189610085,0.47484156
2024-09-14,-0.014352167243428138,0.4978933,0.014352167243428138,0.4649391447685335,0.6032609
2024-09-15,-0.01552475816816612,0.5038154,-0.01552475816816612,0.45568678486646447,0.46019846
2024-09-16,0.03607380287796791,0.50405836,0.03607380287796791,0.4537337786542936,0.54001373
2024-09-17,0.023974537250810224,0.49738768,-0.023974537250810224,0.45895499783263793,0.50085807
2024-09-18,0.019235754409934414,0.49717256,-0.019235754409934414,0.43158861811379545,0.50974005
2024-09-19,0.004020144249244684,0.5004737,0.004020144249244684,0.49914808999206284,0.5825469
2024-09-20,0.0023403092195461994,0.5071857,0.0023403092195461994,0.4780175716096223,0.6261183
2024-09-21,0.003627526008319615,0.5135045,0.003627526008319615,0.5120085580398235,0.80199945
2024-09-22,-0.0037554994781276996,0.5233213,-0.0037554994781276996,0.4132193244633976,0.47849485
2024-09-23,0.014567574134444872,0.53154254,0.014567574134444872,0.4845561920545797,0.49622145
2024-09-24,-0.017283587524333677,0.5335948,-0.017283587524333677,0.48138702342159045,0.57581544
2024-09-25,0.03201766657941674,0.5369892,0.03201766657941674,0.49324273856363327,0.5957143
2024-09-26,0.009144138635673427,0.53540695,0.009144138635673427,0.5020220357483534,0.6410361
2024-09-27,0.0013387572896133015,0.53533506,0.0013387572896133015,0.5489157316169735,0.838407
2024-09-28,-0.0038869993015275828,0.534306,-0.0038869993015275828,0.5970311770162802,0.62533456
2024-09-29,-0.03466997428889751,0.5402839,-0.03466997428889751,0.5294285270719246,0.544212
2024-09-30,-0.03982166382772501,0.541251,-0.03982166382772501,0.5421874413799376,0.5909592
2024-10-01,-0.002573768480562233,0.5290941,-0.002573768480562233,0.49575271506121366,0.6504454
2024-10-02,0.001705378860227258,0.5165715,0.001705378860227258,0.5609944881518232,0.6194587
2024-10-03,0.021946181495442696,0.5091435,0.021946181495442696,0.5206820839111022,0.6919238
2024-10-04,-0.00045098734014104025,0.5053544,-0.00045098734014104025,0.6108061217918692,0.8504235
2024-10-05,0.012277385671468632,0.5074396,0.012277385671468632,0.6107533542287281,0.8578814
2024-10-06,-0.009486005312646983,0.50761867,-0.009486005312646983,0.4792046678330211,0.4892387
2024-10-07,-0.001020667266649511,0.5087141,-0.001020667266649511,0.5050078287868233,0.50660664
2024-10-08,-0.02452474232426416,0.50565416,-0.02452474232426416,0.5215813595560029,0.6224912
2024-10-09,-0.005106370767738344,0.50764894,-0.005106370767738344,0.5122749831528338,0.505467
2024-10-10,0.036693891346722296,0.50668633,0.036693891346722296,0.5591438410909167,0.541749
2024-10-11,0.010652702270546932,0.5050354,0.010652702270546932,0.5449658710339058,0.79079175
2024-10-12,-0.005319096759781039,0.5051557,-0.005319096759781039,0.5843651974278218,0.814239
2024-10-13,0.051120868102157546,0.50840306,0.051120868102157546,0.5284622441172697,0.5873636
2024-10-14,0.014983205463229288,0.5126339,0.014983205463229288,0.5439063679087949,0.47381058
2024-10-15,0.008138307848598592,0.5082817,0.008138307848598592,0.5155371312624013,0.6358151
2024-10-16,-0.0029315286998625734,0.5081668,-0.0029315286998625734,0.5387000939396542,0.6059411
2024-10-17,0.014924257413553965,0.5219417,0.014924257413553965,0.5895442575108546,0.6660234
2024-10-18,-0.000730695037119311,0.5260196,-0.000730695037119311,0.5666067811084667,0.64099777
2024-10-19,0.00956433355757702,0.53018695,0.00956433355757702,0.5989719570742784,0.76328146
2024-10-20,-0.023967004283086846,0.5418861,-0.023967004283086846,0.61319856246743,0.7439804
2024-10-21,0.0007198248673518926,0.5451923,0.0007198248673518926,0.5431422472614015,0.7432417
2024-10-22,-0.011232313944175898,0.5390446,-0.011232313944175898,0.6304319352891695,0.8382818
2024-10-23,0.022943767422919148,0.5361593,0.022943767422919148,0.6014266197462215,0.5700516
2024-10-24,-0.02199395644582236,0.52960294,-0.02199395644582236,0.6200242120796514,0.82179654
2024-10-25,0.005913641316056761,0.5312057,0.005913641316056761,0.6221860021468036,0.88435185
2024-10-26,0.013845607186230069,0.52317834,0.013845607186230069,0.5716550040466342,0.7264756
2024-10-27,0.028527808037729363,0.5257009,0.028527808037729363,0.5063168028629722,0.65890616
2024-10-28,0.03965297837218107,0.5269,0.03965297837218107,0.6131855644735726,0.59115905
2024-10-29,-0.00538492271134583,0.52756536,-0.00538492271134583,0.569419604787828,0.71665716
2024-10-30,-0.028374281253896405,0.5272429,-0.028374281253896405,0.5460706867945487,0.5930214
2024-10-31,-0.011324188908526045,0.53112406,-0.011324188908526045,0.5447599705046201,0.6819656
2024-11-01,-0.0017449922664622974,0.52906954,-0.0017449922664622974,0.6041275852012769,0.8160677
2024-11-02,-0.008630662976178316,0.52002513,-0.008630662976178316,0.5826487519023976,0.7380007
2024-11-03,-0.01346371022794457,0.520857,-0.01346371022794457,0.5291323570850327,0.59241617
2024-11-04,0.022431831623900944,0.519109,0.022431831623900944,0.5676794434605973,0.6765889
2024-11-05,0.0893729329739763,0.51403487,0.0893729329739763,0.5390605961301635,0.6750132
2024-11-06,0.0037831476979763856,0.50907046,0.0037831476979763856,0.516122546502586,0.739769
2024-11-07,0.008593568843003663,0.49708903,-0.008593568843003663,0.5978472932287183,0.70827025
2024-11-08,0.0021916152418686163,0.5103502,0.0021916152418686163,0.6219837349595437,0.67485964
2024-11-09,0.04815691599591321,0.52811134,0.04815691599591321,0.5409025935234368,0.62190926
2024-11-10,0.10299836966550102,0.5351194,0.10299836966550102,0.4935785650338535,0.49360907
2024-11-11,-0.00785105223479976,0.52831614,-0.00785105223479976,0.5207127573552676,0.60306805
2024-11-12,0.027551274837266382,0.5055047,0.027551274837266382,0.5417736799685455,0.64028203
2024-11-13,-0.03374388106471693,0.49433395,0.03374388106471693,0.5307066155161356,0.5729043
2024-11-14,0.04244437398018164,0.48729423,-0.04244437398018164,0.5658218061093959,0.65148664
2024-11-15,-0.004890034907478302,0.4837421,0.004890034907478302,0.4876483134315517,0.7172446
2024-11-16,-0.008068824947354392,0.482828,0.008068824947354392,0.5221191698690045,0.65039855
2024-11-17,0.006767384122082332,0.4842661,-0.006767384122082332,0.5231151288208223,0.47704256
2024-11-18,0.020413737695668788,0.48824698,-0.020413737695668788,0.4449892331836805,0.27146325
2024-11-19,0.02140345673566446,0.47548386,-0.02140345673566446,0.5125871207057411,0.4567872
2024-11-20,0.04274798019993509,0.469166,-0.04274798019993509,0.4744529558688613,0.589748
2024-11-21,0.0058472013826280644,0.4660872,-0.0058472013826280644,0.5207015274021634,0.6995271
2024-11-22,-0.012332645714516866,0.45981243,0.012332645714516866,0.5606906919549283,0.85428065
2024-11-23,0.002330648166728677,0.45930815,-0.002330648166728677,0.46191907753613776,0.66520286
2024-11-24,-0.04994921350389636,0.4658258,0.04994921350389636,0.55462329784621,0.77418566
2024-11-25,-0.011233737099909935,0.46814904,0.011233737099909935,0.48641092080348075,0.4122472
2024-11-26,0.04238507278190995,0.46932584,-0.04238507278190995,0.5010847190319546,0.63953763
2024-11-27,-0.002285863665387078,0.4763446,0.002285863665387078,0.5034314284939163,0.58001804
2024-11-28,0.018987290156683212,0.47610772,-0.018987290156683212,0.4995236415064058,0.6501957
2024-11-29,-0.010794274574184248,0.489886,0.010794274574184248,0.46004397664187985,0.5047288
2024-11-30,0.008061468764155144,0.5019778,0.008061468764155144,0.4930851190950725,0.5665067
2024-12-01,-0.01383503122595442,0.51251876,-0.01383503122595442,0.4711651161158501,0.68799204
2024-12-02,9.463628261174861e-05,0.5232573,9.463628261174861e-05,0.5017178337827671,0.5081178
2024-12-03,0.028561699051921963,0.5213285,0.028561699051921963,0.5084393736141692,0.6961334
2024-12-04,-0.016652141472148774,0.52506673,-0.016652141472148774,0.49804116673202176,0.5970753
2024-12-05,0.028832759145512643,0.521641,0.028832759145512643,0.5077435059624936,0.59697586
2024-12-06,0.0009138683812970338,0.50879145,0.0009138683812970338,0.5174536937136878,0.5564445
2024-12-07,0.012797501081567075,0.5186403,0.012797501081567075,0.4901648889959664,0.65027225
2024-12-08,-0.0379105483466009,0.5249176,-0.0379105483466009,0.4911299889800209,0.6239694
2024-12-09,-0.007026056763778543,0.53035796,-0.007026056763778543,0.4555543269563941,0.3134745
2024-12-10,0.04691851376393741,0.5246184,0.04691851376393741,0.5033564722588393,0.48316333
2024-12-11,-0.011082422744128628,0.5174074,-0.011082422744128628,0.46316495388740625,0.4261393
2024-12-12,0.014198990863292016,0.5158187,0.014198990863292016,0.4917645676124283,0.7752438
2024-12-13,-4.19031937628489e-05,0.51848435,-4.19031937628489e-05,0.5729680093153068,0.75903034
2024-12-14,0.030013705383553635,0.5248544,0.030013705383553635,0.5063447227901852,0.8298861
2024-12-15,0.01526526030644626,0.5228362,0.01526526030644626,0.4868180163130484,0.52187604
2024-12-16,0.0007079101319968917,0.52777374,0.0007079101319968917,0.4837894909004286,0.5380492
2024-12-17,-0.0558703575319216,0.52424866,-0.0558703575319216,0.49547824867340223,0.5756822
2024-12-18,-0.027365671293993032,0.5281542,-0.027365671293993032,0.456433356634529,0.40233526
2024-12-19,0.0035252764517319513,0.5265509,0.0035252764517319513,0.47994451446141717,0.54432744
2024-12-20,-0.005249707991702657,0.5170037,-0.005249707991702657,0.46586664943175893,0.64111686
2024-12-21,-0.02164330280426996,0.50894177,-0.02164330280426996,0.4990736486243679,0.52842987
2024-12-22,-0.003202142493870186,0.51115113,-0.003202142493870186,0.5045739913482922,0.5286986
2024-12-23,0.03986141867321402,0.5117238,0.03986141867321402,0.4427564536339789,0.34749332
2024-12-24,0.0077639591022340415,0.5046439,0.0077639591022340415,0.4588662923347541,0.6483776
2024-12-25,-0.03658870195595676,0.50380844,-0.03658870195595676,0.484567112474942,0.5497255
2024-12-26,-0.01558142885179914,0.5075886,-0.01558142885179914,0.5040795599922536,0.60277694
2024-12-27,0.01061484937862045,0.50978535,0.01061484937862045,0.4663577683877537,0.51394504
2024-12-28,-0.01638824763903468,0.506089,-0.01638824763903468,0.46644877086110426,0.6471409
2024-12-29,-0.010093537106537043,0.5050223,-0.010093537106537043,0.447158399679074,0.51681614
2024-12-30,0.008448460832582105,0.5077604,0.008448460832582105,0.5372883749835443,0.63024616
2024-12-31,0.002800290672821948,0.5063927,0.002800290672821948,0.4856369491222746,0.69768
