Date,Actual,LSTM_Prob,LSTM_Pos,LSTM_Ret
2023-01-15,0.0150516254222266,0.49275976,-1,-0.0150516254222266
2023-01-16,-0.0023997375582056613,0.49746233,-1,0.0023997375582056613
2023-01-17,-0.02163918199406567,0.50016713,1,-0.02163918199406567
2023-01-18,0.019060358931726196,0.5041336,1,0.019060358931726196
2023-01-19,0.07572375886205074,0.50386953,1,0.07572375886205074
2023-01-20,0.0051325240292035,0.5048865,1,0.0051325240292035
2023-01-21,-0.003321255906125198,0.49702135,-1,0.003321255906125198
2023-01-22,0.009184917306239049,0.49858165,-1,-0.009184917306239049
2023-01-23,-0.012373644259909389,0.5018743,1,-0.012373644259909389
2023-01-24,0.01891274158978362,0.5055201,1,0.01891274158978362
2023-01-25,-0.002224107083232396,0.51246274,1,-0.002224107083232396
2023-01-26,0.0028036063130034705,0.5234221,1,0.0028036063130034705
2023-01-27,-0.0022345342148967218,0.5230845,1,-0.0022345342148967218
2023-01-28,0.03126058742279336,0.52183175,1,0.03126058742279336
2023-01-29,-0.03858724723383988,0.51647913,1,-0.03858724723383988
2023-01-30,0.01309813525276926,0.5181296,1,0.01309813525276926
2023-01-31,0.026271419879585478,0.5133268,1,0.026271419879585478
2023-02-01,-0.010269392474337113,0.51009965,1,-0.010269392474337113
2023-02-02,-0.002428376929737852,0.51203185,1,-0.002428376929737852
2023-02-03,-0.004483631288969336,0.5119626,1,-0.004483631288969336
2023-02-04,-0.016887413811729313,0.5125487,1,-0.016887413811729313
2023-02-05,-0.007429933663019583,0.51021665,1,-0.007429933663019583
2023-02-06,0.020996796488262248,0.51023954,1,0.020996796488262248
2023-02-07,-0.011938662143520351,0.50816274,1,-0.011938662143520351
2023-02-08,-0.05080564386186481,0.5090841,1,-0.05080564386186481
2023-02-09,-0.007852690932197315,0.5021109,1,-0.007852690932197315
2023-02-10,0.01097608853378862,0.4990922,-1,-0.01097608853378862
2023-02-11,-0.0036139425638820333,0.49663725,-1,0.0036139425638820333
2023-02-12,-0.0004393225343538587,0.49399477,-1,0.0004393225343538587
2023-02-13,0.01955867487646934,0.48549357,-1,-0.01955867487646934
2023-02-14,0.09568582476270104,0.4887923,-1,-0.09568582476270104
2023-02-15,-0.033149496074872276,0.48659277,-1,0.033149496074872276
2023-02-16,0.04474285772600406,0.48265186,-1,-0.04474285772600406
2023-02-17,0.002522591602675872,0.48082745,-1,-0.002522591602675872
2023-02-18,-0.014622878010064233,0.4807235,-1,0.014622878010064233
2023-02-19,0.02350220997570851,0.48152235,-1,-0.02350220997570851
2023-02-20,-0.01570070283630276,0.4824829,-1,0.01570070283630276
2023-02-21,-0.011039924489288477,0.49148664,-1,0.011039924489288477
2023-02-22,-0.01000777017485166,0.48383164,-1,0.01000777017485166
2023-02-23,-0.031533153440656325,0.48321015,-1,0.031533153440656325
2023-02-24,-0.0012171510470647684,0.48400417,-1,0.0012171510470647684
2023-02-25,0.017177475388725716,0.479883,-1,-0.017177475388725716
2023-02-26,-0.002664419429544207,0.47864515,-1,0.002664419429544207
2023-02-27,-0.014920766947512987,0.47916123,-1,0.014920766947512987
2023-02-28,0.021061665219775483,0.4848418,-1,-0.021061665219775483
2023-03-01,-0.00692582029601807,0.49320263,-1,0.00692582029601807
2023-03-02,-0.04734561471993559,0.48616698,-1,0.04734561471993559
2023-03-03,-0.0003475835117475734,0.49193642,-1,0.0003475835117475734
2023-03-04,0.00374419877412957,0.48691392,-1,-0.00374419877412957
2023-03-05,-0.0009023532516817534,0.48550165,-1,0.0009023532516817534
2023-03-06,-0.009461847389558242,0.4866246,-1,0.009461847389558242
2023-03-07,-0.022187624448372745,0.47930896,-1,0.022187624448372745
2023-03-08,-0.06188402538718396,0.48053056,-1,0.06188402538718396
2023-03-09,-0.010388356475865668,0.47699946,-1,0.010388356475865668
2023-03-10,0.015137943167206735,0.47852707,-1,-0.015137943167206735
2023-03-11,0.07535199183798391,0.48562708,-1,-0.07535199183798391
2023-03-12,0.09621127502658289,0.4842925,-1,-0.09621127502658289
2023-03-13,0.023096210086640312,0.47965342,-1,-0.023096210086640312
2023-03-14,-0.01559560623435119,0.47644678,-1,0.01559560623435119
2023-03-15,0.02936383034267953,0.47285178,-1,-0.02936383034267953
2023-03-16,0.09585867790348179,0.47634763,-1,-0.09585867790348179
2023-03-17,-0.017800244057976755,0.47991523,-1,0.017800244057976755
2023-03-18,0.039594179910500626,0.48083353,-1,-0.039594179910500626
2023-03-19,-0.009146719660871439,0.48395795,-1,0.009146719660871439
2023-03-20,0.014015220256441863,0.48218644,-1,-0.014015220256441863
2023-03-21,-0.030403334297558482,0.47702858,-1,0.030403334297558482
2023-03-22,0.038326709104299805,0.4763322,-1,-0.038326709104299805
2023-03-23,-0.029720014659621374,0.4765457,-1,0.029720014659621374
2023-03-24,0.0003088750210802349,0.4721972,-1,-0.0003088750210802349
2023-03-25,0.018392051837111456,0.4729772,-1,-0.018392051837111456
2023-03-26,-0.030146542215134797,0.47903475,-1,0.030146542215134797
2023-03-27,0.005019740157663266,0.48694468,-1,-0.005019740157663266
2023-03-28,0.03989315166279228,0.48349136,-1,-0.03989315166279228
2023-03-29,-0.011290504645732002,0.48820826,-1,0.011290504645732002
2023-03-30,0.015585191231934026,0.48959833,-1,-0.015585191231934026
2023-03-31,-0.00044369718141634706,0.49030077,-1,0.00044369718141634706
2023-04-01,-0.0098711090289052,0.48246476,-1,0.0098711090289052
2023-04-02,-0.013200046713263913,0.48355448,-1,0.013200046713263913
2023-04-03,0.013146402877697971,0.47944957,-1,-0.013146402877697971
2023-04-04,0.00016119028015504355,0.4815096,-1,-0.00016119028015504355
2023-04-05,-0.004834574073633635,0.4758603,-1,0.004834574073633635
2023-04-06,-0.004547721288072681,0.47673473,-1,0.004547721288072681
2023-04-07,0.0011484849494720617,0.47252578,-1,-0.0011484849494720617
2023-04-08,0.013793927922807203,0.4724391,-1,-0.013793927922807203
2023-04-09,0.046377317135860574,0.4714967,-1,-0.046377317135860574
2023-04-10,0.01899900598366777,0.47138232,-1,-0.01899900598366777
2023-04-11,-0.010342571394702404,0.47766668,-1,0.010342571394702404
2023-04-12,0.01625297317625396,0.47969717,-1,-0.01625297317625396
2023-04-13,0.003064808400913499,0.479499,-1,-0.003064808400913499
2023-04-14,-0.005640213831849872,0.4827837,-1,0.005640213831849872
2023-04-15,0.0003155626868909245,0.48221448,-1,-0.0003155626868909245
2023-04-16,-0.028852997807267244,0.48293412,-1,0.028852997807267244
2023-04-17,0.03227085582293321,0.48337078,-1,-0.03227085582293321
2023-04-18,-0.05210366948529643,0.4815073,-1,0.05210366948529643
2023-04-19,-0.019218949130294316,0.48124716,-1,0.019218949130294316
2023-04-20,-0.03472674388756414,0.47804737,-1,0.03472674388756414
2023-04-21,0.020321067064179577,0.47748062,-1,-0.020321067064179577
2023-04-22,-0.0081335593354388,0.48008338,-1,0.0081335593354388
2023-04-23,-0.002887577653258644,0.48006514,-1,0.002887577653258644
2023-04-24,0.02871077059190652,0.48602223,-1,-0.02871077059190652
2023-04-25,0.004045823455811615,0.48122326,-1,-0.004045823455811615
2023-04-26,0.03721517535101704,0.48034218,-1,-0.03721517535101704
2023-04-27,-0.005465044513970008,0.4819221,-1,0.005465044513970008
2023-04-28,-0.002771930662499922,0.48263255,-1,0.002771930662499922
2023-04-29,9.442208382015593e-05,0.47915974,-1,-9.442208382015593e-05
2023-04-30,-0.039850225137779915,0.4786742,-1,0.039850225137779915
2023-05-01,0.02143346256590184,0.481036,-1,-0.02143346256590184
2023-05-02,0.012427685381093623,0.4835404,-1,-0.012427685381093623
2023-05-03,-0.006476915995777599,0.47775882,-1,0.006476915995777599
2023-05-04,0.023144680520532646,0.47691873,-1,-0.023144680520532646
2023-05-05,-0.02228084760830229,0.474552,-1,0.02228084760830229
2023-05-06,-0.01449310528906489,0.4776899,-1,0.01449310528906489
2023-05-07,-0.02677830890499855,0.47427344,-1,0.02677830890499855
2023-05-08,-0.0014644659199046783,0.475967,-1,0.0014644659199046783
2023-05-09,-0.0010684708090662465,0.4822824,-1,0.0010684708090662465
2023-05-10,-0.02283183115177323,0.48236856,-1,0.02283183115177323
2023-05-11,-0.0064374817843849685,0.48534724,-1,0.0064374817843849685
2023-05-12,-0.0007363311303112408,0.47823983,-1,0.0007363311303112408
2023-05-13,0.005316097534741049,0.47989058,-1,-0.005316097534741049
2023-05-14,0.009084012628159499,0.47854516,-1,-0.009084012628159499
2023-05-15,-0.0047234864410535815,0.47543526,-1,0.0047234864410535815
2023-05-16,0.013752023389943968,0.48030555,-1,-0.013752023389943968
2023-05-17,-0.021321546938747327,0.477823,-1,0.021321546938747327
2023-05-18,0.0021990001968585915,0.47944668,-1,-0.0021990001968585915
2023-05-19,0.008265173030320483,0.48306677,-1,-0.008265173030320483
2023-05-20,-0.013085542514084558,0.47794467,-1,0.013085542514084558
2023-05-21,0.0037943335858154903,0.47655833,-1,-0.0037943335858154903
2023-05-22,0.013793298663241194,0.47204953,-1,-0.013793298663241194
2023-05-23,-0.03271905806144915,0.47414148,-1,0.03271905806144915
2023-05-24,0.005498877473934849,0.47317475,-1,-0.005498877473934849
2023-05-25,0.008768294981564617,0.47205362,-1,-0.008768294981564617
2023-05-26,0.005554948116372804,0.47476757,-1,-0.005554948116372804
2023-05-27,0.04508519501740316,0.47426265,-1,-0.04508519501740316
2023-05-28,-0.011708533760912077,0.47351667,-1,0.011708533760912077
2023-05-29,-0.0015142556351941394,0.4795625,-1,0.0015142556351941394
2023-05-30,-0.017478262753480966,0.4788809,-1,0.017478262753480966
2023-05-31,-0.014421718206491185,0.4832896,-1,0.014421718206491185
2023-06-01,0.01583492834831035,0.48253688,-1,-0.01583492834831035
2023-06-02,-0.006363932357385971,0.4819087,-1,0.006363932357385971
2023-06-03,0.001698977658018963,0.48332143,-1,-0.001698977658018963
2023-06-04,-0.05115247125137512,0.47909814,-1,0.05115247125137512
2023-06-05,0.05837485716062529,0.4800381,-1,-0.05837485716062529
2023-06-06,-0.0327116189155523,0.47701654,-1,0.0327116189155523
2023-06-07,0.006046848554291717,0.47608185,-1,-0.006046848554291717
2023-06-08,-0.000784946833060296,0.47599944,-1,0.000784946833060296
2023-06-09,-0.024042773930321393,0.4758396,-1,0.024042773930321393
2023-06-10,0.003263779056785765,0.47998115,-1,-0.003263779056785765
2023-06-11,-0.0007853256729365432,0.4834184,-1,0.0007853256729365432
2023-06-12,0.0011217829323004747,0.48518556,-1,-0.0011217829323004747
2023-06-13,-0.03106509731339835,0.4849115,-1,0.03106509731339835
2023-06-14,0.018699410233757652,0.48327646,-1,-0.018699410233757652
2023-06-15,0.029162266993092212,0.4834146,-1,-0.029162266993092212
2023-06-16,0.006528373505409135,0.48588905,-1,-0.006528373505409135
2023-06-17,-0.006675719981792838,0.48188293,-1,0.006675719981792838
2023-06-18,0.019148844892382,0.47947523,-1,-0.019148844892382
2023-06-19,0.05452320506922326,0.47647935,-1,-0.05452320506922326
2023-06-20,0.0595556236949355,0.4843523,-1,-0.0595556236949355
2023-06-21,-0.003633073269255882,0.4834072,-1,0.003633073269255882
2023-06-22,0.026889146766998273,0.48470435,-1,-0.026889146766998273
2023-06-23,-0.005248545872232224,0.4850642,-1,0.005248545872232224
2023-06-24,-0.002121698420076701,0.4839575,-1,0.002121698420076701
2023-06-25,-0.0063904465335593574,0.48549291,-1,0.0063904465335593574
2023-06-26,0.014023065291087988,0.48632297,-1,-0.014023065291087988
2023-06-27,-0.020038485047132126,0.48906314,-1,0.020038485047132126
2023-06-28,0.012298266373334643,0.48485345,-1,-0.012298266373334643
2023-06-29,0.0008109090753829484,0.48641402,-1,-0.0008109090753829484
2023-06-30,0.003737857705434555,0.48489168,-1,-0.003737857705434555
2023-07-01,0.00101778924275564,0.4859984,-1,-0.00101778924275564
2023-07-02,0.017610133967925767,0.48605415,-1,-0.017610133967925767
2023-07-03,-0.012507622880839175,0.49521443,-1,0.012507622880839175
2023-07-04,-0.008506002143239377,0.5014821,1,-0.008506002143239377
2023-07-05,-0.019976521735424746,0.50552803,1,-0.019976521735424746
2023-07-06,0.015028049437656454,0.49839196,-1,-0.015028049437656454
2023-07-07,-0.001979587868721766,0.50200677,1,-0.001979587868721766
2023-07-08,-0.004091844608965056,0.49272764,-1,0.004091844608965056
2023-07-09,0.008317443455409412,0.4901253,-1,-0.008317443455409412
2023-07-10,0.006922694224599457,0.4873533,-1,-0.006922694224599457
2023-07-11,-0.007906054777431892,0.48754126,-1,0.007906054777431892
2023-07-12,0.03535977616853181,0.48267362,-1,-0.03535977616853181
2023-07-13,-0.036313716787853334,0.48528895,-1,0.036313716787853334
2023-07-14,-0.0007419501379155591,0.4915137,-1,0.0007419501379155591
2023-07-15,-0.0018993368003190625,0.48384413,-1,0.0018993368003190625
2023-07-16,-0.0031089584245033164,0.48369196,-1,0.0031089584245033164
2023-07-17,-0.009253102395646695,0.48360646,-1,0.009253102395646695
2023-07-18,0.0016772089474810237,0.47796404,-1,-0.0016772089474810237
2023-07-19,-0.003651383637347849,0.4792441,-1,0.003651383637347849
2023-07-20,0.003413422818792089,0.4771322,-1,-0.003413422818792089
2023-07-21,-0.0036024683529910506,0.47584772,-1,0.0036024683529910506
2023-07-22,0.009725112438746075,0.4735898,-1,-0.009725112438746075
2023-07-23,-0.03015747704325422,0.47344774,-1,0.03015747704325422
2023-07-24,0.001796308673075897,0.47771442,-1,-0.001796308673075897
2023-07-25,0.0042098730332400525,0.47649407,-1,-0.0042098730332400525
2023-07-26,-0.004401068957575638,0.47895813,-1,0.004401068957575638
2023-07-27,0.003126328159059444,0.4834094,-1,-0.003126328159059444
2023-07-28,0.0013222287947045608,0.47344723,-1,-0.0013222287947045608
2023-07-29,-0.0024464362976061027,0.4755234,-1,0.0024464362976061027
2023-07-30,-0.0016679706937139382,0.472401,-1,0.0016679706937139382
2023-07-31,0.01620607377126304,0.47236693,-1,-0.01620607377126304
2023-08-01,-0.01750421379661149,0.47359788,-1,0.01750421379661149
2023-08-02,0.00026142662186434684,0.4759553,-1,-0.00026142662186434684
2023-08-03,-0.002728333979592712,0.47662905,-1,0.002728333979592712
2023-08-04,-0.0014377967430778682,0.47770253,-1,0.0014377967430778682
2023-08-05,0.0005603304608226001,0.47704747,-1,-0.0005603304608226001
2023-08-06,0.004216110740975276,0.4753593,-1,-0.004216110740975276
2023-08-07,0.019148911405474367,0.4722084,-1,-0.019148911405474367
2023-08-08,-0.006329437072100319,0.47523472,-1,0.006329437072100319
2023-08-09,-0.0042674613844437825,0.47963482,-1,0.0042674613844437825
2023-08-10,-0.0010089710837443144,0.4801309,-1,0.0010089710837443144
2023-08-11,0.0001406917616817438,0.48256603,-1,-0.0001406917616817438
2023-08-12,-0.004292533818187172,0.4824856,-1,0.004292533818187172
2023-08-13,0.004336974266853755,0.48260567,-1,-0.004336974266853755
2023-08-14,-0.007846507059070196,0.4827593,-1,0.007846507059070196
2023-08-15,-0.016078424657534285,0.4855951,-1,0.016078424657534285
2023-08-16,-0.07334015302895769,0.48072577,-1,0.07334015302895769
2023-08-17,-0.0213875683092436,0.47762915,-1,0.0213875683092436
2023-08-18,0.001765947647194288,0.48158932,-1,-0.001765947647194288
2023-08-19,0.003447508257659715,0.48589352,-1,-0.003447508257659715
2023-08-20,-0.0024081719771562593,0.4872479,-1,0.0024081719771562593
2023-08-21,-0.0027144416563451568,0.48517087,-1,0.0027144416563451568
2023-08-22,0.014458090267116974,0.48787534,-1,-0.014458090267116974
2023-08-23,-0.009558985984038038,0.485525,-1,0.009558985984038038
2023-08-24,-0.0045851707693453925,0.4883331,-1,0.0045851707693453925
2023-08-25,-0.0016362234703670708,0.49146682,-1,0.0016362234703670708
2023-08-26,0.003243986613558514,0.4953781,-1,-0.003243986613558514
2023-08-27,0.0006984200688304742,0.49756527,-1,-0.0006984200688304742
2023-08-28,0.061115620214395205,0.49802324,-1,-0.061115620214395205
2023-08-29,-0.015021824670934159,0.49673906,-1,0.015021824670934159
2023-08-30,-0.04978793032524931,0.49511,-1,0.04978793032524931
2023-08-31,-0.005232302189833948,0.49214458,-1,0.005232302189833948
2023-09-01,0.002497960670488908,0.4943317,-1,-0.002497960670488908
2023-09-02,0.003931268895313478,0.49553654,-1,-0.003931268895313478
2023-09-03,-0.005590421085501895,0.49087524,-1,0.005590421085501895
2023-09-04,-0.0013134040785224288,0.49042174,-1,0.0013134040785224288
2023-09-05,-0.0012465057129895651,0.4887535,-1,0.0012465057129895651
2023-09-06,0.01921781680476853,0.48622265,-1,-0.01921781680476853
2023-09-07,-0.01312131022662355,0.48537132,-1,0.01312131022662355
2023-09-08,-0.0003431041469674767,0.48549938,-1,0.0003431041469674767
2023-09-09,-0.002316458320544501,0.4841241,-1,0.002316458320544501
2023-09-10,-0.026278935406888304,0.48213702,-1,0.026278935406888304
2023-09-11,0.026928145511657675,0.48193815,-1,-0.026928145511657675
2023-09-12,0.01477935456906132,0.48561862,-1,-0.01477935456906132
2023-09-13,0.011468614140797806,0.48297426,-1,-0.011468614140797806
2023-09-14,0.0029133501717206745,0.48150158,-1,-0.0029133501717206745
2023-09-15,-0.001516165413533943,0.47996145,-1,0.001516165413533943
2023-09-16,-0.0012108584180451354,0.47832736,-1,0.0012108584180451354
2023-09-17,0.00885872816559119,0.4770508,-1,-0.00885872816559119
2023-09-18,0.016730493514995448,0.47743297,-1,-0.016730493514995448
2023-09-19,-0.0031333768953327734,0.47987002,-1,0.0031333768953327734
2023-09-20,-0.020531612903225693,0.48405498,-1,0.020531612903225693
2023-09-21,0.00045392817245337724,0.48679394,-1,-0.00045392817245337724
2023-09-22,-0.00015726027026197187,0.48530373,-1,0.00015726027026197187
2023-09-23,-0.012326177492741452,0.48429358,-1,0.012326177492741452
2023-09-24,0.0021498469619840588,0.48166388,-1,-0.0021498469619840588
2023-09-25,-0.0031606386816709353,0.47889215,-1,0.0031606386816709353
2023-09-26,0.005770799495226742,0.482686,-1,-0.005770799495226742
2023-09-27,0.024585759900564774,0.47881064,-1,-0.024585759900564774
2023-09-28,-0.004234793250828317,0.48057383,-1,0.004234793250828317
2023-09-29,0.002066379851161315,0.48101136,-1,-0.002066379851161315
2023-09-30,0.03820149125305594,0.4797795,-1,-0.03820149125305594
2023-10-01,-0.017792578530660186,0.4823246,-1,0.017792578530660186
2023-10-02,-0.0024750395624435484,0.4865647,-1,0.0024750395624435484
2023-10-03,0.012838332034101452,0.4885336,-1,-0.012838332034101452
2023-10-04,-0.013254101993011136,0.48847765,-1,0.013254101993011136
2023-10-05,0.01899644623808716,0.48865688,-1,-0.01899644623808716
2023-10-06,0.0009158253401495564,0.48755983,-1,-0.0009158253401495564
2023-10-07,-0.0014171931063320375,0.49001625,-1,0.0014171931063320375
2023-10-08,-0.01171076456860598,0.48763528,-1,0.01171076456860598
2023-10-09,-0.007248971733359588,0.48728263,-1,0.007248971733359588
2023-10-10,-0.018787796475517426,0.4877578,-1,0.018787796475517426
2023-10-11,-0.004312102612340163,0.48805723,-1,0.004312102612340163
2023-10-12,0.0038255386939205493,0.49179083,-1,-0.0038255386939205493
2023-10-13,-0.00035440399076769324,0.48773196,-1,0.00035440399076769324
2023-10-14,0.011234344090378379,0.4887025,-1,-0.011234344090378379
2023-10-15,0.04959205130707445,0.489043,-1,-0.04959205130707445
2023-10-16,-0.003679548419376566,0.48388967,-1,0.003679548419376566
2023-10-17,-0.00267327231280845,0.48790497,-1,0.00267327231280845
2023-10-18,0.013902189265536657,0.48674724,-1,-0.013902189265536657
2023-10-19,0.0332708660775638,0.48643935,-1,-0.0332708660775638
2023-10-20,0.00811485642946308,0.49203774,-1,-0.00811485642946308
2023-10-21,0.002763642685674972,0.49144894,-1,-0.002763642685674972
2023-10-22,0.10261012267749958,0.4946082,-1,-0.10261012267749958
2023-10-23,0.02578591647593509,0.49321792,-1,-0.02578591647593509
2023-10-24,0.0169007624091575,0.490038,-1,-0.0169007624091575
2023-10-25,-0.009983461874620403,0.48814026,-1,0.009983461874620403
2023-10-26,-0.007602558704320916,0.48712516,-1,0.007602558704320916
2023-10-27,0.005575943835746777,0.48823503,-1,-0.005575943835746777
2023-10-28,0.013053901000557477,0.48482132,-1,-0.013053901000557477
2023-10-29,-0.0014817865665446295,0.49203455,-1,0.0014817865665446295
2023-10-30,0.004787274621149917,0.49905527,-1,-0.004787274621149917
2023-10-31,0.022565392322177802,0.48964944,-1,-0.022565392322177802
2023-11-01,-0.013546601591183705,0.4906866,-1,0.013546601591183705
2023-11-02,-0.006433880083877019,0.4954205,-1,0.006433880083877019
2023-11-03,0.009945910882288134,0.49876294,-1,-0.009945910882288134
2023-11-04,-0.0014314614054447006,0.49880806,-1,0.0014314614054447006
2023-11-05,0.00097709691681791,0.50406015,1,0.00097709691681791
2023-11-06,0.010073306323187703,0.51852125,1,0.010073306323187703
2023-11-07,0.006373039781779832,0.5145675,1,0.006373039781779832
2023-11-08,0.030214132209319677,0.50875235,1,0.030214132209319677
2023-11-09,0.016363001752808914,0.5041784,1,0.016363001752808914
2023-11-10,-0.004601139414014854,0.50089514,1,-0.004601139414014854
2023-11-11,-0.0017740371667116506,0.49942425,-1,0.0017740371667116506
2023-11-12,-0.016220534516795504,0.49776247,-1,0.016220534516795504
2023-11-13,-0.025004573137704433,0.49998164,-1,0.025004573137704433
2023-11-14,0.06489262384747163,0.5005492,1,0.06489262384747163
2023-11-15,-0.044764146208747246,0.503694,1,-0.044764146208747246
2023-11-16,0.012454819789339933,0.49703926,-1,-0.012454819789339933
2023-11-17,-0.0012514366120863762,0.49217638,-1,0.0012514366120863762
2023-11-18,0.021651658139197894,0.49111938,-1,-0.021651658139197894
2023-11-19,0.0023800945720888755,0.49066317,-1,-0.0023800945720888755
2023-11-20,-0.04558573069670091,0.48753288,-1,0.04558573069670091
2023-11-21,0.046631590875071405,0.4959421,-1,-0.046631590875071405
2023-11-22,-0.003049052697874255,0.4955667,-1,0.003049052697874255
2023-11-23,0.011242742854936427,0.5037049,1,0.011242742854936427
2023-11-24,0.001779200431038408,0.49435094,-1,-0.001779200431038408
2023-11-25,-0.008820383545342092,0.49115553,-1,0.008820383545342092
2023-11-26,-0.005467130855174918,0.48868647,-1,0.005467130855174918
2023-11-27,0.0154706828452289,0.48004755,-1,-0.0154706828452289
2023-11-28,0.0009458241348827556,0.4829318,-1,-0.0009458241348827556
2023-11-29,-0.0034521527611939273,0.4885753,-1,0.0034521527611939273
2023-11-30,0.025409845625962824,0.4784494,-1,-0.025409845625962824
2023-12-01,0.019849534104810163,0.48329768,-1,-0.019849534104810163
2023-12-02,0.013229540422328379,0.48406136,-1,-0.013229540422328379
2023-12-03,0.05050602592898157,0.48443264,-1,-0.05050602592898157
2023-12-04,0.04958717442505667,0.48598254,-1,-0.04958717442505667
2023-12-05,-0.007048028149456376,0.48478207,-1,0.007048028149456376
2023-12-06,-0.011186469570312108,0.48524037,-1,0.011186469570312108
2023-12-07,0.02074843655902936,0.4808345,-1,-0.02074843655902936
2023-12-08,-0.010354986383596998,0.48351407,-1,0.010354986383596998
2023-12-09,0.0017365305076681992,0.48030153,-1,-0.0017365305076681992
2023-12-10,-0.05791592552645597,0.4756086,-1,0.05791592552645597
2023-12-11,0.005793219467971067,0.4778596,-1,-0.005793219467971067
2023-12-12,0.033178132182793085,0.4793224,-1,-0.033178132182793085
2023-12-13,0.0035743752541170792,0.47668853,-1,-0.0035743752541170792
2023-12-14,-0.02514884155318664,0.4771495,-1,0.02514884155318664
2023-12-15,0.008052636724105389,0.47981754,-1,-0.008052636724105389
2023-12-16,-0.02136759919986808,0.4840508,-1,0.02136759919986808
2023-12-17,0.03101295116695857,0.48844308,-1,-0.03101295116695857
2023-12-18,-0.00895053190741213,0.50013804,1,-0.00895053190741213
2023-12-19,0.03294872574243679,0.5008426,1,0.03294872574243679
2023-12-20,0.004416641305385882,0.49369082,-1,-0.004416641305385882
2023-12-21,0.0024449520995490914,0.4897632,-1,-0.0024449520995490914
2023-12-22,-0.006069725424980743,0.48787782,-1,0.006069725424980743
2023-12-23,-0.016261438793872096,0.47974187,-1,0.016261438793872096
2023-12-24,0.013598734633590404,0.47983083,-1,-0.013598734633590404
2023-12-25,-0.024490472192000512,0.47389773,-1,0.024490472192000512
2023-12-26,0.021640629392459365,0.47854763,-1,-0.021640629392459365
2023-12-27,-0.01991970775187457,0.47910115,-1,0.01991970775187457
2023-12-28,-0.011672136108276221,0.47596914,-1,0.011672136108276221
2023-12-29,0.0017431736790995966,0.47225013,-1,-0.0017431736790995966
2023-12-30,0.0034005469351414686,0.47224164,-1,-0.0034005469351414686
2023-12-31,0.04483939155577654,0.4735295,-1,-0.04483939155577654
2024-01-01,0.017369122139089255,0.47550467,-1,-0.017369122139089255
2024-01-02,-0.04675916542427505,0.476539,-1,0.04675916542427505
2024-01-03,0.030478772082679795,0.4808666,-1,-0.030478772082679795
2024-01-04,-0.00013567045894657959,0.47977915,-1,0.00013567045894657959
2024-01-05,-0.00400474707164622,0.48095652,-1,0.00400474707164622
2024-01-06,-0.0008938253724500855,0.4777797,-1,0.0008938253724500855
2024-01-07,0.06879324874536241,0.4771652,-1,-0.06879324874536241
2024-01-08,-0.01791312822889546,0.48061538,-1,0.01791312822889546
2024-01-09,0.011797657774886172,0.47608572,-1,-0.011797657774886172
2024-01-10,-0.006748190240534524,0.4797049,-1,0.006748190240534524
2024-01-11,-0.07674783056058854,0.47794864,-1,0.07674783056058854
2024-01-12,0.0015253818538460973,0.4784414,-1,-0.0015253818538460973
2024-01-13,-0.0260371606696137,0.47879606,-1,0.0260371606696137
2024-01-14,0.018660583456239666,0.48659384,-1,-0.018660583456239666
2024-01-15,0.014745560571238991,0.49024284,-1,-0.014745560571238991
2024-01-16,-0.008388205744593757,0.48753247,-1,0.008388205744593757
2024-01-17,-0.0338647048234878,0.48252955,-1,0.0338647048234878
2024-01-18,0.008022019236585853,0.4813146,-1,-0.008022019236585853
2024-01-19,0.0008884028264701804,0.48131976,-1,-0.0008884028264701804
2024-01-20,-0.00277508367701107,0.4845528,-1,0.00277508367701107
2024-01-21,-0.048395719803089654,0.48926094,-1,0.048395719803089654
2024-01-22,0.008329453937801379,0.49610972,-1,-0.008329453937801379
2024-01-23,0.004694016682707636,0.4938435,-1,-0.004694016682707636
2024-01-24,-0.003088196846292135,0.4963714,-1,0.003088196846292135
2024-01-25,0.04660583582680067,0.48904428,-1,-0.04660583582680067
2024-01-26,0.007104138318376307,0.47733685,-1,-0.007104138318376307
2024-01-27,-0.0021265114030820653,0.48267248,-1,0.0021265114030820653
2024-01-28,0.03025476873531141,0.4731352,-1,-0.03025476873531141
2024-01-29,-0.008350518558888909,0.47843993,-1,0.008350518558888909
2024-01-30,-0.008409193057467013,0.48111653,-1,0.008409193057467013
2024-01-31,0.011811648661343321,0.48032215,-1,-0.011811648661343321
2024-02-01,0.0027170847671955656,0.48413572,-1,-0.0027170847671955656
2024-02-02,-0.004372916666666726,0.485338,-1,0.004372916666666726
2024-02-03,-0.00995580442160382,0.48244664,-1,0.00995580442160382
2024-02-04,0.0029547085589325395,0.4803637,-1,-0.0029547085589325395
2024-02-05,0.009137482526979213,0.47668058,-1,-0.009137482526979213
2024-02-06,0.029018108329785353,0.47740778,-1,-0.029018108329785353
2024-02-07,0.021173809910348673,0.47611707,-1,-0.021173809910348673
2024-02-08,0.04071925305788526,0.47763538,-1,-0.04071925305788526
2024-02-09,0.013118685789101692,0.4799694,-1,-0.013118685789101692
2024-02-10,0.011495025558578842,0.47872165,-1,-0.011495025558578842
2024-02-11,0.03348406490353306,0.47996813,-1,-0.03348406490353306
2024-02-12,-0.004360815405169416,0.4822657,-1,0.004360815405169416
2024-02-13,0.04216493536465804,0.48063275,-1,-0.04216493536465804
2024-02-14,0.001637797501195637,0.4808907,-1,-0.001637797501195637
2024-02-15,0.004705281418658558,0.4786155,-1,-0.004705281418658558
2024-02-16,-0.00923699224792518,0.4734686,-1,0.00923699224792518
2024-02-17,0.009585683458475325,0.46967494,-1,-0.009585683458475325
2024-02-18,-0.0069611856456185395,0.46933502,-1,0.0069611856456185395
2024-02-19,0.009349928044047662,0.46572694,-1,-0.009349928044047662
2024-02-20,-0.007834658340927003,0.46875766,-1,0.007834658340927003
2024-02-21,-0.010819220824005882,0.47154564,-1,0.010819220824005882
2024-02-22,-0.010611947102289299,0.47691044,-1,0.010611947102289299
2024-02-23,0.016239704478250294,0.483027,-1,-0.016239704478250294
2024-02-24,0.0031149029382824267,0.4827871,-1,-0.0031149029382824267
2024-02-25,0.05311581448263403,0.48560524,-1,-0.05311581448263403
2024-02-26,0.04700873606531397,0.4918809,-1,-0.04700873606531397
2024-02-27,0.09458295215029322,0.48787385,-1,-0.09458295215029322
2024-02-28,-0.020840561185672013,0.4873826,-1,0.020840561185672013
2024-02-29,0.02056109684484042,0.4729326,-1,-0.02056109684484042
2024-03-01,-0.006421437490282567,0.46793118,-1,0.006421437490282567
2024-03-02,0.018176148396896963,0.46173662,-1,-0.018176148396896963
2024-03-03,0.08130909844524137,0.459121,-1,-0.08130909844524137
2024-03-04,-0.0662561793261438,0.45361933,-1,0.0662561793261438
2024-03-05,0.03687825044280779,0.44985196,-1,-0.03687825044280779
2024-03-06,0.011337735667442228,0.43635467,-1,-0.011337735667442228
2024-03-07,0.01946959415424332,0.42795524,-1,-0.01946959415424332
2024-03-08,0.002775519239201163,0.4226481,-1,-0.002775519239201163
2024-03-09,0.009406810711886537,0.42080435,-1,-0.009406810711886537
2024-03-10,0.04527851721999632,0.4295827,-1,-0.04527851721999632
2024-03-11,-0.008686272251904659,0.4333718,-1,0.008686272251904659
2024-03-12,0.02267815838910625,0.43994936,-1,-0.02267815838910625
2024-03-13,-0.02303838069662678,0.44483832,-1,0.02303838069662678
2024-03-14,-0.026461942143979122,0.43418297,-1,0.026461942143979122
2024-03-15,-0.06042056205876711,0.43166023,-1,0.06042056205876711
2024-03-16,0.04736324902225286,0.42906407,-1,-0.04736324902225286
2024-03-17,-0.011455624132592601,0.43750477,-1,0.011455624132592601
2024-03-18,-0.08390165417862072,0.44846776,-1,0.08390165417862072
2024-03-19,0.09530768162693293,0.44408107,-1,-0.09530768162693293
2024-03-20,-0.034481462477213065,0.4573749,-1,0.034481462477213065
2024-03-21,-0.026024380901316868,0.46128732,-1,0.026024380901316868
2024-03-22,0.003031037371247214,0.46182695,-1,-0.003031037371247214
2024-03-23,0.05032004214407837,0.47181824,-1,-0.05032004214407837
2024-03-24,0.039726534701165495,0.4812906,-1,-0.039726534701165495
2024-03-25,0.0015453632591067024,0.48080423,-1,-0.0015453632591067024
2024-03-26,-0.007401411670572067,0.48264614,-1,0.007401411670572067
2024-03-27,0.018865844086057848,0.47652847,-1,-0.018865844086057848
2024-03-28,-0.01314004119772949,0.46930248,-1,0.01314004119772949
2024-03-29,-0.0038419173280550556,0.4642237,-1,0.0038419173280550556
2024-03-30,0.024400356528065048,0.4570465,-1,-0.024400356528065048
2024-03-31,-0.022870507453632394,0.46058476,-1,0.022870507453632394
2024-04-01,-0.0600979471584987,0.45188937,-1,0.0600979471584987
2024-04-02,0.007626941162614864,0.4485187,-1,-0.007626941162614864
2024-04-03,0.03827144435510177,0.46466818,-1,-0.03827144435510177
2024-04-04,-0.009741444423889245,0.45538828,-1,0.009741444423889245
2024-04-05,0.01585623959202964,0.45980582,-1,-0.01585623959202964
2024-04-06,0.006740449372967916,0.46269494,-1,-0.006740449372967916
2024-04-07,0.03257781566683815,0.466078,-1,-0.03257781566683815
2024-04-08,-0.034543423624685876,0.46703997,-1,0.034543423624685876
2024-04-09,0.02147745350417951,0.46568197,-1,-0.02147745350417951
2024-04-10,-0.008846672031632585,0.46953115,-1,0.008846672031632585
2024-04-11,-0.04127789769567636,0.47054335,-1,0.04127789769567636
2024-04-12,-0.047559229828960214,0.46735892,-1,0.047559229828960214
2024-04-13,0.027177838359652595,0.4669994,-1,-0.027177838359652595
2024-04-14,-0.034142357265650736,0.47355944,-1,0.034142357265650736
2024-04-15,0.005887733504845949,0.47115624,-1,-0.005887733504845949
2024-04-16,-0.03944013635268473,0.47257283,-1,0.03944013635268473
2024-04-17,0.03578335689015377,0.47769412,-1,-0.03578335689015377
2024-04-18,0.005481795516879773,0.4823018,-1,-0.005481795516879773
2024-04-19,0.017590332258871744,0.48250067,-1,-0.017590332258871744
2024-04-20,8.623266280816111e-06,0.4918268,-1,-8.623266280816111e-06
2024-04-21,0.028921107802987844,0.4897032,-1,-0.028921107802987844
2024-04-22,-0.0060659102786441155,0.49361655,-1,0.0060659102786441155
2024-04-23,-0.031987382178456425,0.4901388,-1,0.031987382178456425
2024-04-24,0.003247026462604552,0.4913953,-1,-0.003247026462604552
2024-04-25,-0.0112922286061935,0.4863734,-1,0.0112922286061935
2024-04-26,-0.004830326982856015,0.4837276,-1,0.004830326982856015
2024-04-27,-0.0054104835682718955,0.48108467,-1,0.0054104835682718955
2024-04-28,0.01184087991784355,0.4813006,-1,-0.01184087991784355
2024-04-29,-0.05001096044843889,0.4754042,-1,0.05001096044843889
2024-04-30,-0.03802462420886077,0.47529408,-1,0.03802462420886077
2024-05-01,0.011918793070569533,0.47582075,-1,-0.011918793070569533
2024-05-02,0.06470302287768459,0.4873677,-1,-0.06470302287768459
2024-05-03,0.016062304624168355,0.49039525,-1,-0.016062304624168355
2024-05-04,0.0018775421789631874,0.49054888,-1,-0.0018775421789631874
2024-05-05,-0.013228925826407556,0.48727,-1,0.013228925826407556
2024-05-06,-0.013506014942723965,0.48611584,-1,0.013506014942723965
2024-05-07,-0.01795879707433945,0.48681882,-1,0.01795879707433945
2024-05-08,0.030738468090238502,0.48851845,-1,-0.030738468090238502
2024-05-09,-0.03605320162773862,0.49140036,-1,0.03605320162773862
2024-05-10,0.0004276316492815013,0.48773065,-1,-0.0004276316492815013
2024-05-11,0.010817744191257805,0.48617896,-1,-0.010817744191257805
2024-05-12,0.02368242529478004,0.48324063,-1,-0.02368242529478004
2024-05-13,-0.021649003306001613,0.47893533,-1,0.021649003306001613
2024-05-14,0.0751737363767182,0.4739601,-1,-0.0751737363767182
2024-05-15,-0.014670613912531216,0.4750918,-1,0.014670613912531216
2024-05-16,0.027420621471134998,0.4774745,-1,-0.027420621471134998
2024-05-17,-0.0016232991167343114,0.4762948,-1,0.0016232991167343114
2024-05-18,-0.009582127827459264,0.47710282,-1,0.009582127827459264
2024-05-19,0.07804884599558704,0.47807127,-1,-0.07804884599558704
2024-05-20,-0.018171328468722492,0.47710532,-1,0.018171328468722492
2024-05-21,-0.013994914206095221,0.4788795,-1,0.013994914206095221
2024-05-22,-0.017305602037514634,0.47238326,-1,0.017305602037514634
2024-05-23,0.008538222574340226,0.47083312,-1,-0.008538222574340226
2024-05-24,0.010803502670095222,0.46689683,-1,-0.010803502670095222
2024-05-25,-0.011298795781301996,0.46357954,-1,0.011298795781301996
2024-05-26,0.01355702215532939,0.46645117,-1,-0.01355702215532939
2024-05-27,-0.014949501292044975,0.46438533,-1,0.014949501292044975
2024-05-28,-0.010906250863507161,0.46295017,-1,0.010906250863507161
2024-05-29,0.01034331070492378,0.4712032,-1,-0.01034331070492378
2024-05-30,-0.011881992919902995,0.466405,-1,0.011881992919902995
2024-05-31,0.0033586018124664996,0.47382736,-1,-0.0033586018124664996
2024-06-01,-1.8002902599123516e-05,0.4716914,-1,1.8002902599123516e-05
2024-06-02,0.015410024226145236,0.4737115,-1,-0.015410024226145236
2024-06-03,0.025111793506457758,0.4826887,-1,-0.025111793506457758
2024-06-04,0.00808303741651284,0.47296932,-1,-0.00808303741651284
2024-06-05,-0.004344658828823844,0.47387496,-1,0.004344658828823844
2024-06-06,-0.020388123797123736,0.47235936,-1,0.020388123797123736
2024-06-07,-0.0006508486697541782,0.4729255,-1,0.0006508486697541782
2024-06-08,0.004871991904252138,0.47264484,-1,-0.004871991904252138
2024-06-09,-0.0015526617078359672,0.46997002,-1,0.0015526617078359672
2024-06-10,-0.032006902502156986,0.47268388,-1,0.032006902502156986
2024-06-11,0.014109198885703833,0.47022882,-1,-0.014109198885703833
2024-06-12,-0.021841383722223218,0.47023052,-1,0.021841383722223218
2024-06-13,-0.010917884336799966,0.4721779,-1,0.010917884336799966
2024-06-14,0.0027899586321176173,0.4692944,-1,-0.0027899586321176173
2024-06-15,0.006773846508098869,0.47144866,-1,-0.006773846508098869
2024-06-16,-0.002587703951910103,0.474337,-1,0.002587703951910103
2024-06-17,-0.019983811580388866,0.4761015,-1,0.019983811580388866
2024-06-18,-0.0030832222994838787,0.48123512,-1,0.0030832222994838787
2024-06-19,-0.0016064796011104887,0.4832559,-1,0.0016064796011104887
2024-06-20,-0.011198244365383747,0.48487255,-1,0.011198244365383747
2024-06-21,0.0018466390078755168,0.4861754,-1,-0.0018466390078755168
2024-06-22,-0.016370480786393027,0.4875894,-1,0.016370480786393027
2024-06-23,-0.04614316624851034,0.48632538,-1,0.04614316624851034
2024-06-24,0.025089189014368074,0.48231155,-1,-0.025089189014368074
2024-06-25,-0.015225380185519222,0.48457775,-1,0.015225380185519222
2024-06-26,0.013825353458531753,0.49039194,-1,-0.013825353458531753
2024-06-27,-0.020721165868020086,0.4868937,-1,0.020721165868020086
2024-06-28,0.009248055201046546,0.48922125,-1,-0.009248055201046546
2024-06-29,0.029274097229099905,0.49310917,-1,-0.029274097229099905
2024-06-30,0.002038806786655245,0.49298674,-1,-0.002038806786655245
2024-07-01,-0.01215453293394797,0.49373853,-1,0.01215453293394797
2024-07-02,-0.031011111688702075,0.49128333,-1,0.031011111688702075
2024-07-03,-0.05246046327616427,0.49266604,-1,0.05246046327616427
2024-07-04,-0.007383346646214428,0.49568212,-1,0.007383346646214428
2024-07-05,0.02827784241902398,0.5019669,1,0.02827784241902398
2024-07-06,-0.040740420809639244,0.50898564,1,-0.040740420809639244
2024-07-07,0.015339126256471713,0.5059785,1,0.015339126256471713
2024-07-08,0.023545604290392763,0.50338024,1,0.023545604290392763
2024-07-09,-0.005583979328165345,0.50690895,1,-0.005583979328165345
2024-07-10,-0.0066860860429079905,0.5028399,1,-0.0066860860429079905
2024-07-11,0.009578148824491928,0.5018777,1,0.009578148824491928
2024-07-12,0.02271446610847283,0.5028106,1,0.02271446610847283
2024-07-13,0.026921989418961845,0.5043169,1,0.026921989418961845
2024-07-14,0.06457837119729937,0.5017474,1,0.06457837119729937
2024-07-15,0.0049417419837483045,0.49776232,-1,-0.0049417419837483045
2024-07-16,-0.014697745325894074,0.4974147,-1,0.014697745325894074
2024-07-17,-0.001561447004345129,0.49369845,-1,0.001561447004345129
2024-07-18,0.041759132036171875,0.48819908,-1,-0.041759132036171875
2024-07-19,0.007200120012001321,0.48293957,-1,-0.007200120012001321
2024-07-20,0.015272276003738927,0.47721153,-1,-0.015272276003738927
2024-07-21,-0.009291085469536275,0.47161514,-1,0.009291085469536275
2024-07-22,-0.023633237038257815,0.4708508,-1,0.023633237038257815
2024-07-23,-0.00849323457697837,0.4660568,-1,0.00849323457697837
2024-07-24,0.006484795643661334,0.46401715,-1,-0.006484795643661334
2024-07-25,0.0320371064111753,0.46535394,-1,-0.0320371064111753
2024-07-26,-0.00016919953012906053,0.464641,-1,0.00016919953012906053
2024-07-27,0.005204686544961978,0.4664627,-1,-0.005204686544961978
2024-07-28,-0.02146802309396001,0.47082493,-1,0.02146802309396001
2024-07-29,-0.008934532749946156,0.473296,-1,0.008934532749946156
2024-07-30,-0.023569227050220576,0.47110438,-1,0.023569227050220576
2024-07-31,0.011233830537847433,0.47015002,-1,-0.011233830537847433
2024-08-01,-0.05899698289408972,0.4741513,-1,0.05899698289408972
2024-08-02,-0.013014011925201907,0.47971234,-1,0.013014011925201907
2024-08-03,-0.04179693594466638,0.4769953,-1,0.04179693594466638
2024-08-04,-0.07121937380719046,0.47942987,-1,0.07121937380719046
2024-08-05,0.03708337891930613,0.48012313,-1,-0.03708337891930613
2024-08-06,-0.01584823536320812,0.4928769,-1,0.01584823536320812
2024-08-07,0.11883431252058596,0.5040335,1,0.11883431252058596
2024-08-08,-0.013747043696631933,0.5018544,1,-0.013747043696631933
2024-08-09,0.0014057006156844576,0.50345373,1,0.0014057006156844576
2024-08-10,-0.03629009556409346,0.4987435,-1,0.03629009556409346
2024-08-11,0.0107992169992841,0.4953164,-1,-0.0107992169992841
2024-08-12,0.02090278404977952,0.50354326,1,0.02090278404977952
2024-08-13,-0.031421844400999266,0.5051583,1,-0.031421844400999266
2024-08-14,-0.019465985179111134,0.50225234,1,-0.019465985179111134
2024-08-15,0.023175450712934476,0.49464864,-1,-0.023175450712934476
2024-08-16,0.010486525598475405,0.48755646,-1,-0.010486525598475405
2024-08-17,-0.017895518371464747,0.48627827,-1,0.017895518371464747
2024-08-18,0.017306107499313272,0.47734833,-1,-0.017306107499313272
2024-08-19,-0.007145200501358473,0.47453895,-1,0.007145200501358473
2024-08-20,0.03630049242719502,0.47456813,-1,-0.03630049242719502
2024-08-21,-0.012757368324922358,0.4724907,-1,0.012757368324922358
2024-08-22,0.06064346268308651,0.48226652,-1,-0.06064346268308651
2024-08-23,0.0018703179587378216,0.47818404,-1,-0.0018703179587378216
2024-08-24,0.0009818100937060148,0.48113373,-1,-0.0009818100937060148
2024-08-25,-0.021582061663033336,0.47915044,-1,0.021582061663033336
2024-08-26,-0.05441321577489899,0.4781929,-1,0.05441321577489899
2024-08-27,-0.006397374400403888,0.47822392,-1,0.006397374400403888
2024-08-28,0.0054901422717748005,0.47274715,-1,-0.0054901422717748005
2024-08-29,-0.003959297838693754,0.47600865,-1,0.003959297838693754
2024-08-30,-0.0025370412247210927,0.47424176,-1,0.0025370412247210927
2024-08-31,-0.028353686091105557,0.47202832,-1,0.028353686091105557
2024-09-01,0.03194084799341579,0.47013628,-1,-0.03194084799341579
2024-09-02,-0.0278089086254798,0.4727784,-1,0.0278089086254798
2024-09-03,0.008404750022309004,0.4760858,-1,-0.008404750022309004
2024-09-04,-0.030893086013844884,0.48149186,-1,0.030893086013844884
2024-09-05,-0.03946297614809535,0.4853254,-1,0.03946297614809535
2024-09-06,0.0036671443399056702,0.49496943,-1,-0.0036671443399056702
2024-09-07,0.013092295801802267,0.49733198,-1,-0.013092295801802267
2024-09-08,0.03958541970605056,0.50326765,1,0.03958541970605056
2024-09-09,0.010413204305599333,0.4971214,-1,-0.010413204305599333
2024-09-10,-0.005170207018218909,0.49012604,-1,0.005170207018218909
2024-09-11,0.013853291011196811,0.4887908,-1,-0.013853291011196811
2024-09-12,0.04069474605520651,0.4875244,-1,-0.04069474605520651
2024-09-13,-0.008346887500413236,0.48925346,-1,0.008346887500413236
2024-09-14,-0.014352167243428138,0.4885624,-1,0.014352167243428138
2024-09-15,-0.01552475816816612,0.48642018,-1,0.01552475816816612
2024-09-16,0.03607380287796791,0.4885457,-1,-0.03607380287796791
2024-09-17,0.023974537250810224,0.48497427,-1,-0.023974537250810224
2024-09-18,0.019235754409934414,0.48523462,-1,-0.019235754409934414
2024-09-19,0.004020144249244684,0.4815944,-1,-0.004020144249244684
2024-09-20,0.0023403092195461994,0.4781139,-1,-0.0023403092195461994
2024-09-21,0.003627526008319615,0.47469655,-1,-0.003627526008319615
2024-09-22,-0.0037554994781276996,0.4713209,-1,0.0037554994781276996
2024-09-23,0.014567574134444872,0.47361654,-1,-0.014567574134444872
2024-09-24,-0.017283587524333677,0.4742594,-1,0.017283587524333677
2024-09-25,0.03201766657941674,0.47492832,-1,-0.03201766657941674
2024-09-26,0.009144138635673427,0.47493258,-1,-0.009144138635673427
2024-09-27,0.0013387572896133015,0.47408295,-1,-0.0013387572896133015
2024-09-28,-0.0038869993015275828,0.4697165,-1,0.0038869993015275828
2024-09-29,-0.03466997428889751,0.46764606,-1,0.03466997428889751
2024-09-30,-0.03982166382772501,0.46917602,-1,0.03982166382772501
2024-10-01,-0.002573768480562233,0.47219568,-1,0.002573768480562233
2024-10-02,0.001705378860227258,0.47844833,-1,-0.001705378860227258
2024-10-03,0.021946181495442696,0.47986594,-1,-0.021946181495442696
2024-10-04,-0.00045098734014104025,0.4776519,-1,0.00045098734014104025
2024-10-05,0.012277385671468632,0.47619674,-1,-0.012277385671468632
2024-10-06,-0.009486005312646983,0.47461122,-1,0.009486005312646983
2024-10-07,-0.001020667266649511,0.47384998,-1,0.001020667266649511
2024-10-08,-0.02452474232426416,0.4777161,-1,0.02452474232426416
2024-10-09,-0.005106370767738344,0.47695044,-1,0.005106370767738344
2024-10-10,0.036693891346722296,0.48436174,-1,-0.036693891346722296
2024-10-11,0.010652702270546932,0.4828324,-1,-0.010652702270546932
2024-10-12,-0.005319096759781039,0.48257896,-1,0.005319096759781039
2024-10-13,0.051120868102157546,0.47747332,-1,-0.051120868102157546
2024-10-14,0.014983205463229288,0.47251135,-1,-0.014983205463229288
2024-10-15,0.008138307848598592,0.47415975,-1,-0.008138307848598592
2024-10-16,-0.0029315286998625734,0.47278288,-1,0.0029315286998625734
2024-10-17,0.014924257413553965,0.4737084,-1,-0.014924257413553965
2024-10-18,-0.000730695037119311,0.4762533,-1,0.000730695037119311
2024-10-19,0.00956433355757702,0.4740506,-1,-0.00956433355757702
2024-10-20,-0.023967004283086846,0.4761895,-1,0.023967004283086846
2024-10-21,0.0007198248673518926,0.4740426,-1,-0.0007198248673518926
2024-10-22,-0.011232313944175898,0.47262943,-1,0.011232313944175898
2024-10-23,0.022943767422919148,0.46866864,-1,-0.022943767422919148
2024-10-24,-0.02199395644582236,0.46914873,-1,0.02199395644582236
2024-10-25,0.005913641316056761,0.47000596,-1,-0.005913641316056761
2024-10-26,0.013845607186230069,0.47210535,-1,-0.013845607186230069
2024-10-27,0.028527808037729363,0.47306728,-1,-0.028527808037729363
2024-10-28,0.03965297837218107,0.48385468,-1,-0.03965297837218107
2024-10-29,-0.00538492271134583,0.48162264,-1,0.00538492271134583
2024-10-30,-0.028374281253896405,0.48123473,-1,0.028374281253896405
2024-10-31,-0.011324188908526045,0.4773424,-1,0.011324188908526045
2024-11-01,-0.0017449922664622974,0.47706226,-1,0.0017449922664622974
2024-11-02,-0.008630662976178316,0.4762069,-1,0.008630662976178316
2024-11-03,-0.01346371022794457,0.47482067,-1,0.01346371022794457
2024-11-04,0.022431831623900944,0.47333202,-1,-0.022431831623900944
2024-11-05,0.0893729329739763,0.47255835,-1,-0.0893729329739763
2024-11-06,0.0037831476979763856,0.46981397,-1,-0.0037831476979763856
2024-11-07,0.008593568843003663,0.47144467,-1,-0.008593568843003663
2024-11-08,0.0021916152418686163,0.46585554,-1,-0.0021916152418686163
2024-11-09,0.04815691599591321,0.4659825,-1,-0.04815691599591321
2024-11-10,0.10299836966550102,0.46700335,-1,-0.10299836966550102
2024-11-11,-0.00785105223479976,0.46589357,-1,0.00785105223479976
2024-11-12,0.027551274837266382,0.46088874,-1,-0.027551274837266382
2024-11-13,-0.03374388106471693,0.44581994,-1,0.03374388106471693
2024-11-14,0.04244437398018164,0.43090335,-1,-0.04244437398018164
2024-11-15,-0.004890034907478302,0.4189808,-1,0.004890034907478302
2024-11-16,-0.008068824947354392,0.40546298,-1,0.008068824947354392
2024-11-17,0.006767384122082332,0.40420383,-1,-0.006767384122082332
2024-11-18,0.020413737695668788,0.40103546,-1,-0.020413737695668788
2024-11-19,0.02140345673566446,0.40748993,-1,-0.02140345673566446
2024-11-20,0.04274798019993509,0.41351485,-1,-0.04274798019993509
2024-11-21,0.0058472013826280644,0.4050452,-1,-0.0058472013826280644
2024-11-22,-0.012332645714516866,0.4052079,-1,0.012332645714516866
2024-11-23,0.002330648166728677,0.40442914,-1,-0.002330648166728677
2024-11-24,-0.04994921350389636,0.41261607,-1,0.04994921350389636
2024-11-25,-0.011233737099909935,0.41808334,-1,0.011233737099909935
2024-11-26,0.04238507278190995,0.41255996,-1,-0.04238507278190995
2024-11-27,-0.002285863665387078,0.4193156,-1,0.002285863665387078
2024-11-28,0.018987290156683212,0.4118169,-1,-0.018987290156683212
2024-11-29,-0.010794274574184248,0.41288048,-1,0.010794274574184248
2024-11-30,0.008061468764155144,0.41129056,-1,-0.008061468764155144
2024-12-01,-0.01383503122595442,0.41233328,-1,0.01383503122595442
2024-12-02,9.463628261174861e-05,0.42411736,-1,-9.463628261174861e-05
2024-12-03,0.028561699051921963,0.43216744,-1,-0.028561699051921963
2024-12-04,-0.016652141472148774,0.43959978,-1,0.016652141472148774
2024-12-05,0.028832759145512643,0.4469327,-1,-0.028832759145512643
2024-12-06,0.0009138683812970338,0.44044417,-1,-0.0009138683812970338
2024-12-07,0.012797501081567075,0.43600833,-1,-0.012797501081567075
2024-12-08,-0.0379105483466009,0.43306813,-1,0.0379105483466009
2024-12-09,-0.007026056763778543,0.4257152,-1,0.007026056763778543
2024-12-10,0.04691851376393741,0.43328798,-1,-0.04691851376393741
2024-12-11,-0.011082422744128628,0.43968934,-1,0.011082422744128628
2024-12-12,0.014198990863292016,0.4395491,-1,-0.014198990863292016
2024-12-13,-4.19031937628489e-05,0.4429993,-1,4.19031937628489e-05
2024-12-14,0.030013705383553635,0.44168797,-1,-0.030013705383553635
2024-12-15,0.01526526030644626,0.4405281,-1,-0.01526526030644626
2024-12-16,0.0007079101319968917,0.4400298,-1,-0.0007079101319968917
2024-12-17,-0.0558703575319216,0.44224837,-1,0.0558703575319216
2024-12-18,-0.027365671293993032,0.4423105,-1,0.027365671293993032
2024-12-19,0.0035252764517319513,0.44586506,-1,-0.0035252764517319513
2024-12-20,-0.005249707991702657,0.45207646,-1,0.005249707991702657
2024-12-21,-0.02164330280426996,0.45582163,-1,0.02164330280426996
2024-12-22,-0.003202142493870186,0.45793343,-1,0.003202142493870186
2024-12-23,0.03986141867321402,0.45996585,-1,-0.03986141867321402
2024-12-24,0.0077639591022340415,0.46551803,-1,-0.0077639591022340415
2024-12-25,-0.03658870195595676,0.47241995,-1,0.03658870195595676
2024-12-26,-0.01558142885179914,0.47005492,-1,0.01558142885179914
2024-12-27,0.01061484937862045,0.47809407,-1,-0.01061484937862045
2024-12-28,-0.01638824763903468,0.48366985,-1,0.01638824763903468
2024-12-29,-0.010093537106537043,0.48779237,-1,0.010093537106537043
2024-12-30,0.008448460832582105,0.48914173,-1,-0.008448460832582105
2024-12-31,0.002800290672821948,0.48312658,-1,-0.002800290672821948
